0,0,0,1.430881023,-11.34254336,-2.821335842,4.079329967,-24.18538034,-5.841395718,5.312824249,-33.63134563,-8.469498617,4.871672392,-42.7852273,-10.57452754,0.712013245,-25.16583204,-9.515350026,16.28872454,-27.73614526,-14.26162393,15.71192145,-22.3598063,-15.40258945,11.43268347,-20.31286955,-15.68831773,1.002663374,-16.58750772,-10.33545406,17.85292327,-19.09621358,-14.35521365,16.71816707,-14.47895169,-13.64006073,13.13797832,-12.13484406,-13.19042267,2.371957898,-8.085888624,-11.28485323,18.03928316,-10.78484058,-14.64599491,16.62320793,-7.111418247,-12.84352214,13.22350204,-5.692404509,-11.65200443,4.670667648,-0.684559345,-12.39017965,16.67829752,-2.310937643,-14.68109907,15.82714915,-0.157666206,-13.87468995,12.8397584,0.869572163,-13.30730141,0,0,0,5.34748733,-8.830022812,-11.51114359,7.700106502,-17.30470657,-19.79739471,11.2054199,-24.78630543,-26.24791517,16.08114541,-29.53380942,-32.73751988,-7.580041885,-16.57088399,-19.86656889,-16.70564115,-21.04948163,-27.85876944,-24.40327704,-23.75619411,-32.99782827,-31.66527152,-25.82582831,-36.24255314,-13.23260963,-11.33458018,-16.8993394,-24.40760583,-17.33434796,-24.48029622,-33.59423727,-22.38410115,-28.79289343,-41.5802896,-26.31859183,-31.51205137,-17.03152657,-8.165812492,-14.1157563,-27.35168636,-14.61748481,-20.33814891,-35.16938835,-19.69644427,-23.86590644,-42.00440645,-23.95272851,-25.68161442,-19.03711855,-6.782203913,-12.0545949,-26.47760212,-12.2913897,-16.34433671,-32.53376782,-16.11202359,-18.4516172,-37.79840171,-19.7101593,-19.59544524,HELP
0,0,0,0.98592639,-11.22815013,-2.553782978,3.70439291,-24.03331101,-5.063199431,5.121943355,-33.3965838,-7.284614996,4.973375797,-42.41055846,-9.048919932,1.303333044,-25.08120239,-8.257414952,16.2375927,-27.70023048,-12.66561057,15.66716433,-22.55161405,-13.98623641,11.67597175,-20.45810819,-14.46771379,1.778760552,-16.73215628,-9.094654575,17.82483459,-19.41105723,-12.55131717,16.33621156,-15.0467813,-11.9494168,12.83890009,-13.08019757,-11.70584913,3.241848946,-8.377254009,-10.09360085,17.82183051,-10.88322401,-12.92901094,16.11685753,-7.544267178,-11.24203931,12.76713312,-6.41887784,-10.24274285,5.43037653,-1.113289595,-11.28691714,17.10749865,-2.811330557,-12.97460403,15.65041542,-0.89879632,-11.98805253,12.26078272,0.097566843,-11.39384638,0,0,0,4.93311286,-9.187597036,-11.1300167,7.028228045,-17.53448248,-19.20071881,10.26954055,-25.2484858,-25.38898627,15.23678899,-29.22124863,-31.57312612,-7.990854979,-16.23298526,-19.44227259,-17.49097109,-20.90346813,-26.93099718,-25.17399788,-23.20440412,-31.71443085,-32.30529428,-25.04463196,-34.79869108,-13.66007924,-11.20150685,-16.33276682,-24.80148822,-17.26694107,-23.20781539,-33.27385485,-22.11175561,-26.97295885,-40.65763354,-25.80288053,-29.40759103,-17.45474935,-7.80236125,-13.36705874,-27.60319114,-14.03713226,-18.93195997,-34.9063769,-18.60281825,-22.07867096,-41.25169814,-22.34519124,-23.77859245,-19.46421862,-6.123763323,-11.09615456,-26.75417811,-10.43672562,-15.01016806,-32.43507892,-13.14800382,-16.95167015,-37.34225035,-15.56931138,-18.04430078,HELP
0,0,0,0.622469187,-10.96134186,-2.520877892,3.411480784,-23.75070751,-4.77933346,4.823338985,-32.9416424,-6.775367843,4.656082392,-41.52137041,-8.255930828,1.775947213,-24.34508204,-7.684798377,16.07539654,-26.83905959,-12.14568524,15.14579654,-21.76477313,-13.70224489,10.98955572,-19.51959729,-14.33113201,2.010247111,-16.23979211,-8.4571725,17.64701605,-18.25269461,-11.94777696,15.42242765,-14.28560019,-11.49101316,11.46676838,-12.58303523,-11.3791941,3.32813859,-7.978516817,-9.441257106,17.76039898,-9.819459915,-12.17825099,15.24448991,-6.995725632,-10.49717351,11.39692366,-6.273657084,-9.550615238,5.303055048,-0.688630342,-10.64693167,17.04806983,-2.455955744,-12.18573137,14.7210151,-0.868690014,-11.14262922,10.62766016,-0.158071518,-10.56734829,0,0,0,5.287653208,-9.311938286,-10.84342562,8.137059212,-17.98424721,-18.70221384,11.86062098,-25.33809543,-24.83609803,16.98234081,-29.18120623,-30.95068969,-7.743936777,-17.04074144,-18.30203273,-16.2612915,-21.26298547,-25.70596077,-23.54492843,-23.47179055,-30.59207537,-30.52577376,-25.19153953,-33.79544355,-13.51977289,-12.23372221,-15.4739637,-23.87156636,-17.77835488,-22.28525915,-32.07263052,-22.2465694,-26.21688284,-39.5514667,-25.66514015,-28.82553377,-17.33289361,-8.794075251,-12.85144575,-26.80929303,-14.42877054,-18.42569746,-33.66684616,-18.9314127,-21.56765349,-39.83893096,-22.6172626,-23.27465154,-19.29753125,-6.731718779,-10.94727032,-26.19558126,-11.35429144,-14.84334953,-31.66184574,-14.48798776,-16.75738283,-36.50379777,-17.37482548,-17.85364636,HELP
0,0,0,0.396820903,-10.66951156,-2.672126406,3.155109286,-23.36549759,-5.062457995,4.86137867,-32.51857758,-7.121156232,4.652583599,-41.09978378,-8.686887549,1.355692744,-24.21974242,-8.434987889,15.75169861,-26.30881965,-12.86015816,15.08435011,-21.39877677,-14.1188518,10.96221805,-19.41137314,-14.49447431,1.790004969,-16.22995138,-9.125224577,17.49650538,-18.0516243,-12.62228795,15.74788392,-13.86473775,-11.92387648,11.99661195,-12.19794154,-11.57021679,3.215026855,-8.147615194,-9.98549767,18.03144813,-9.739071131,-12.88954921,15.96295238,-6.491833925,-11.11058824,12.31197417,-5.590844154,-9.991917835,5.263477564,-0.91355443,-11.0466928,17.3473984,-1.933759451,-12.77272858,15.41719437,-0.114172697,-11.76854603,11.53653562,0.606900454,-11.1476519,0,0,0,5.150127411,-8.965665102,-10.15413085,7.796156406,-17.65569448,-17.42556969,11.42969131,-25.31237006,-23.03457985,17.05847979,-29.36413288,-28.58682404,-6.55786097,-15.86215496,-17.60217527,-15.36487937,-20.74028254,-24.57893471,-22.73570299,-23.2501626,-29.04456387,-29.67820019,-25.33566952,-31.98415766,-12.43343651,-11.18462682,-15.03153423,-22.95075953,-17.40252972,-21.31715546,-31.1036393,-22.16789722,-24.79374985,-38.53450716,-25.79681873,-27.16860006,-16.28866196,-7.981777191,-12.63325194,-25.84314942,-13.73643279,-17.65170524,-32.60968029,-18.28347445,-20.4351602,-38.72350752,-22.06022739,-22.01033662,-18.3924675,-5.953502655,-10.94546819,-25.43151528,-10.17577648,-14.53545371,-30.82618117,-12.99999952,-16.25372002,-35.64350009,-15.55962563,-17.25734899,HELP
0,0,0,0.456389785,-11.0127449,-3.420928353,3.468233347,-23.45381975,-6.171608204,5.006492138,-32.40506649,-8.441018546,4.093968868,-40.78039229,-10.19281843,1.147741079,-22.43102789,-9.555068845,15.99465609,-24.38699603,-14.39753571,14.61044252,-20.33470273,-15.87420502,10.02710164,-18.91073585,-16.37784489,1.515167952,-13.63839507,-9.994159127,17.41006076,-15.21260738,-13.87265273,14.46010768,-12.15007305,-13.18832138,10.27192771,-11.17070317,-12.94295141,3.051257133,-5.282020569,-10.66861474,17.6250726,-7.029432058,-13.79526355,14.41689134,-4.581350088,-11.80035868,10.42501926,-4.136657715,-10.61772951,5.088862777,1.800084114,-11.64190047,16.72216356,0.395691395,-13.47227194,14.22899365,1.816880703,-12.27699541,10.30397117,2.513730526,-11.56620481,0,0,0,5.515056849,-8.962315321,-10.53424047,8.466339111,-17.3248589,-18.11145263,12.01984882,-24.40864444,-23.9843102,17.5011754,-27.77801156,-29.80638014,-6.472024322,-15.58446884,-18.18304973,-15.14402628,-19.63126063,-25.35308169,-22.72916734,-21.93647027,-29.87032699,-29.7879532,-23.96219969,-32.8574227,-12.48351634,-10.90382338,-15.48022794,-23.1937483,-16.43642783,-21.94423394,-31.29978031,-20.94464302,-25.44237243,-38.57545257,-24.47062135,-27.83101665,-16.57305658,-7.716315985,-12.98320012,-26.33772641,-13.11220527,-18.30644177,-33.26096535,-17.40637422,-21.26346247,-39.32412267,-21.10038996,-22.92776125,-18.88747811,-5.775350332,-11.19580435,-26.17550194,-9.92744565,-15.0079714,-31.73832893,-12.96792626,-16.95923524,-36.52464449,-15.92249274,-18.14633476,HELP
0,0,0,0.992566347,-11.40172482,-2.479249978,4.237538576,-23.69065285,-5.030474061,6.12552464,-32.63942003,-7.27614797,5.545005202,-41.26293063,-9.067029127,2.067580819,-23.79168868,-8.913959929,16.98506773,-25.60062706,-13.20656277,15.87681472,-21.38382196,-14.2470736,11.42147183,-20.00409961,-14.52760435,2.58923769,-15.2584672,-9.789767483,18.56097877,-16.64404869,-13.08797784,16.02779329,-13.0599916,-12.10796721,11.9830668,-11.7898345,-11.70789636,4.029506445,-6.676095724,-10.7607644,18.79259646,-8.339828253,-13.35781998,16.17003977,-5.257242918,-11.12852208,12.42487431,-4.235041142,-9.876340249,5.949023366,0.930243731,-11.94668449,17.91069806,-0.41846633,-13.46502192,15.65783918,1.220142841,-12.12540455,11.73795462,2.091926336,-11.3538321,0,0,0,5.514532328,-8.290934563,-11.09427346,8.798098564,-16.02603197,-19.00704486,12.73181438,-22.71991968,-25.1504494,18.18330288,-26.72988772,-31.26014901,-6.370046735,-14.8298502,-18.99523718,-15.2020812,-19.25500035,-26.58468915,-22.73333073,-21.65923715,-31.44545091,-29.76907641,-23.59887958,-34.6288277,-12.24103272,-10.22436619,-16.13763852,-22.78740406,-16.00747108,-22.82383127,-30.98919392,-20.49649954,-26.49880482,-38.38832974,-23.75831604,-29.04243005,-16.01091921,-6.964427233,-13.53117658,-25.43184012,-12.43335009,-18.93413944,-32.23873675,-16.72696471,-21.88031508,-38.2447809,-20.22252083,-23.57727421,-18.05968881,-4.784476757,-11.70222966,-24.95467812,-8.549100161,-15.59274627,-30.41037172,-11.27831936,-17.50188155,-35.18491983,-13.89946342,-18.66086705,HELP
0,0,0,0.526577234,-10.53957343,-2.890435078,4.617905617,-23.20324481,-5.427225151,7.299751043,-32.27626383,-7.545799234,6.892749667,-40.77062011,-9.142577865,3.666591644,-23.21572006,-9.023896821,18.09521317,-24.87380207,-13.72571684,16.88088179,-20.60099244,-15.17680086,12.37564385,-19.1239953,-15.62533624,4.168310761,-14.54843879,-9.807210632,20.1583147,-16.19889736,-13.64332683,17.35216677,-12.66753674,-13.05199511,12.77829111,-11.47012115,-12.68555916,5.528011918,-5.786806345,-10.74470303,20.22658587,-7.592707872,-13.79894114,17.36162305,-4.618144035,-11.81591845,13.33942711,-3.880214691,-10.51017217,7.366299629,1.941800117,-11.91072784,19.16439235,0.398218632,-13.65476794,16.82521403,2.063733339,-12.33045108,12.93988824,2.931714058,-11.44879557,0,0,0,5.805557966,-8.185940981,-11.002184,9.461766481,-15.37968516,-19.13782388,13.7419045,-21.91995382,-25.53212523,18.80111098,-26.04925632,-31.94406807,-5.76390624,-14.69292641,-19.67691958,-14.72214758,-19.2489028,-27.40398228,-22.3397851,-21.49948478,-32.26767361,-29.47333306,-22.89134264,-35.39126694,-11.37199104,-9.801405668,-16.97509765,-22.2035706,-15.49746394,-23.93362552,-30.66592366,-19.90038753,-27.75829911,-38.18143308,-23.18037152,-30.37284791,-15.05169868,-6.319409609,-14.44877416,-24.7981891,-11.75584793,-20.17237574,-32.07408041,-15.90373516,-23.3208704,-38.4973377,-19.39728856,-25.13924718,-17.05091,-4.162716866,-12.63385594,-23.9354372,-7.744461298,-16.75008863,-29.52863425,-10.26752591,-18.71278166,-34.41569805,-12.74802685,-19.90284651,HELP
0,0,0,0.657400489,-10.25726199,-2.685417725,4.727560282,-22.53041267,-5.574930949,7.013577223,-31.55941367,-7.952568425,6.169098616,-40.18441737,-9.757918609,3.754076362,-22.42653966,-10.3192528,17.66021848,-24.84126687,-14.46950559,17.02218652,-20.49866319,-15.17016117,12.93756366,-18.2390511,-15.12118254,4.261535406,-13.84111047,-11.09643031,20.02323568,-15.79121947,-14.62785725,17.66883433,-12.17252016,-13.51931964,12.96952367,-10.49617529,-12.81339203,5.550119281,-5.104237795,-11.83505256,20.13160288,-7.04729557,-14.21398495,17.53994823,-4.47832942,-11.599986,13.35289478,-3.542548418,-10.05596344,7.241678238,2.551752329,-12.76928608,18.71956885,0.980907679,-14.00836532,16.5687114,2.184647322,-12.29439874,12.6473099,2.779197693,-11.26181309,0,0,0,5.462926626,-8.391916752,-10.18367103,8.714729548,-16.13191366,-17.58520967,12.89495826,-22.87538052,-23.41843462,18.48172545,-26.43194795,-29.21492821,-6.517130136,-15.59182405,-17.29177898,-15.27603269,-19.89145279,-24.23891789,-22.51641154,-21.94824219,-28.70260245,-29.3529585,-23.45234752,-31.61329693,-12.34763265,-10.99095941,-14.78379285,-22.81567454,-16.48460627,-20.96916056,-30.76776862,-20.57901621,-24.41845304,-37.98808157,-23.72813821,-26.78419417,-16.25804007,-7.430720329,-12.5086329,-25.58808774,-12.82612085,-17.54472768,-32.39112347,-16.96786284,-20.3642509,-38.55254948,-20.47285438,-21.96565187,-18.40512753,-5.020815134,-10.93247151,-25.12671202,-9.378385544,-14.35338771,-30.41617274,-12.50624061,-15.96069998,-35.06574035,-15.5900538,-16.93731761,HELP
0,0,0,0.768074393,-10.02025604,-2.908766703,4.621982574,-21.78629041,-6.171175712,6.436002254,-30.39156199,-8.798544356,5.102014542,-38.63892555,-10.86187164,3.154754639,-20.96780837,-11.78130756,17.22083986,-23.37433994,-15.84222043,17.08671749,-19.24685836,-16.24435509,12.92276978,-16.7751193,-15.97846771,3.565427661,-12.23943233,-12.45615954,19.71060634,-13.97243142,-16.03784884,17.92302132,-10.57062745,-14.65914572,13.17546964,-8.656436205,-13.804734,4.87267375,-3.44415307,-12.99219603,19.8894918,-5.251443386,-15.261926,17.79747009,-3.060394526,-12.37536246,13.61424923,-1.949304342,-10.74610228,6.637462974,4.176747799,-13.73543168,18.36137176,2.764934301,-15.04904503,16.66783988,3.528147936,-13.29497124,12.87053525,4.120850563,-12.27949584,0,0,0,5.791649222,-8.240562677,-10.22257205,9.37730968,-16.25720263,-17.67971586,13.77446949,-22.78596759,-23.53077303,19.6407944,-26.37313604,-29.37247973,-5.181255937,-15.07772803,-18.07283383,-14.04976249,-19.35278177,-25.14971118,-21.69095576,-21.56553864,-29.65837639,-28.81754637,-23.04415703,-32.62474459,-11.29193306,-10.30042768,-15.5658878,-21.56061232,-16.16911888,-21.63047116,-29.56089377,-20.41211128,-24.82241314,-36.79584861,-23.49202633,-27.08311301,-15.40521085,-6.707340479,-13.25701695,-24.50057119,-12.43197322,-18.04606538,-31.23125732,-16.58235788,-20.57638835,-37.24384308,-19.98943686,-22.0872901,-17.68474579,-4.227799177,-11.68345433,-24.30901229,-8.607822657,-15.04766714,-29.54374552,-11.48577332,-16.57627445,-34.08650756,-14.19683695,-17.53295582,HELP
0,0,0,0.370705128,-9.721165895,-3.33927868,4.37477231,-22.05007076,-6.232529861,6.569984555,-30.87803721,-8.445408922,5.314862728,-38.95779848,-10.10040937,3.830388188,-20.61078548,-10.75838877,18.2181716,-22.20061719,-15.07772056,16.94369018,-18.55894327,-15.97057132,12.26431429,-17.10963249,-16.00722818,4.140111804,-11.89729571,-11.06187103,20.02845407,-13.19909096,-14.65308515,17.22819805,-10.49181819,-13.57344685,12.4083519,-9.527009726,-12.9216641,5.380108953,-3.298527002,-11.38782425,20.03954649,-5.0098598,-13.74238579,17.10156798,-3.352564573,-11.19690461,12.87164092,-2.906191349,-9.728928637,7.028475404,4.10900116,-11.96542082,18.43319535,2.358740568,-13.14949093,16.25460982,3.091299534,-11.47194056,12.45365441,3.661584854,-10.49542351,0,0,0,5.64738512,-8.066040277,-9.604234338,9.067130089,-16.19265079,-16.70484552,13.47051859,-23.00092578,-22.32707152,19.5233345,-26.17431283,-27.95016327,-4.896777868,-14.96902704,-17.21138069,-13.41842115,-19.16720867,-23.95005235,-20.83355784,-21.33311629,-28.27016571,-27.71611512,-22.93684483,-31.17359141,-10.81193686,-10.16110778,-15.03963479,-21.24182582,-15.72172642,-20.86095968,-29.37059999,-19.91940737,-24.07161006,-36.71060205,-23.05368185,-26.43473306,-14.80563581,-6.551796198,-13.03148428,-24.04357195,-12.1086359,-17.66464719,-30.89224547,-16.24268889,-20.36730209,-36.95573509,-19.58909631,-22.06482747,-17.00782776,-4.01070714,-11.71528855,-23.78565073,-8.171010017,-15.04276553,-29.33600545,-10.99745035,-16.76067421,-34.09640491,-13.63818645,-17.9216207,HELP
0,0,0,0.926628709,-9.837687016,-2.324880301,5.514118075,-21.35601342,-5.104289963,7.991588116,-29.87876534,-7.352389409,7.384553552,-38.17336857,-9.097319855,5.63814342,-20.75179517,-10.66583173,19.14125681,-22.64627814,-14.53138442,19.55931187,-18.76096129,-14.91667481,15.70070684,-16.12490416,-14.5599574,6.009596586,-12.48829961,-11.52170674,21.48412466,-13.95698786,-14.96114583,19.6957171,-10.87253094,-13.66983504,14.89107311,-9.222847223,-12.74852605,6.918650866,-3.769493103,-12.21357958,21.35471106,-5.207717419,-14.37150539,19.03567314,-3.126841784,-11.57027708,14.90943134,-2.244603634,-9.88607557,7.964277267,4.18202877,-13.05352749,19.3680644,2.838379145,-14.18042333,17.66120493,3.557825089,-12.28988768,14.10586834,4.087150097,-11.1016214,0,0,0,6.375181675,-7.391613722,-10.4879591,10.30208468,-14.69835043,-18.21973355,14.8309052,-21.12936378,-24.23708917,20.76979876,-24.45425987,-30.21118672,-3.487065434,-13.3026123,-19.27587272,-11.82534993,-17.59958863,-26.81717009,-19.11612153,-20.17515898,-31.45613403,-25.97984672,-21.93385363,-34.44871635,-10.00100672,-9.279459715,-16.68038846,-19.95731592,-14.65891004,-23.12512727,-27.71761864,-18.98157001,-26.30779774,-34.78881717,-22.12154269,-28.59856815,-14.43176866,-6.438350677,-14.25841929,-23.37663174,-11.62711382,-19.55048473,-29.83336002,-15.91682434,-22.20396281,-35.65395176,-19.43764091,-23.78411324,-16.95547998,-4.604685307,-12.54141511,-23.44679236,-8.786511421,-16.23589129,-28.56388539,-11.75766587,-17.8906116,-33.05032849,-14.57989812,-18.97246719,HELP
0,0,0,0.586694479,-10.29275656,-1.952794375,4.744127393,-22.47127593,-4.748153309,7.089030743,-31.38594627,-7.139763603,6.567332149,-39.48182166,-8.97979177,4.518452287,-22.57275879,-10.03076545,18.06089878,-24.39756989,-13.93962539,17.84045696,-20.47918439,-14.41578455,14.00863528,-18.1106925,-14.08041901,5.119532347,-14.47655559,-11.01440228,20.34377456,-16.33812785,-14.44170959,18.37315559,-13.00878525,-13.12150098,13.62722814,-11.05911732,-12.06217147,6.379020214,-5.973416567,-11.85353808,20.65477967,-8.200550079,-14.0130762,18.19934845,-5.693221092,-11.06990165,13.97120357,-4.143333435,-9.153976659,8.015376329,1.894289255,-12.83012814,19.48949695,0.190204382,-13.94429393,17.52513051,1.362675428,-12.02438585,13.66675496,2.161842585,-10.7300315,0,0,0,6.51564002,-7.888120413,-10.00922274,10.72466969,-15.62560797,-17.26254922,15.5000329,-22.26789594,-22.90530306,21.69718146,-25.88188648,-28.45982265,-4.138791561,-15.42620659,-17.28849363,-11.82522178,-19.78451014,-24.08010167,-18.73692274,-21.99892402,-28.45497381,-25.42417049,-23.57895374,-31.39062476,-10.79096198,-11.13170385,-14.75389999,-19.99490261,-16.3909018,-20.56162011,-27.32708901,-20.623523,-23.63438558,-34.11932886,-23.73083234,-25.89731466,-15.16997516,-7.783216238,-12.4316546,-23.48919511,-13.09778094,-17.1257655,-29.51865345,-17.53924489,-19.59834349,-35.02241373,-21.2197423,-21.09972638,-17.4957782,-5.510222912,-10.8223359,-23.59265685,-10.05666256,-14.07934528,-28.46153975,-13.37702274,-15.57827991,-32.76264668,-16.51000381,-16.56818193,HELP
0,0,0,0.310349464,-10.07931828,-2.382619553,3.897690773,-22.79455662,-5.096345082,5.733188987,-31.79529011,-7.341339872,5.004993081,-40.14709294,-9.051684723,3.348529339,-23.33618402,-9.823818937,16.76566005,-24.94139969,-13.93243416,15.62644839,-20.70953846,-14.80724855,11.43366396,-18.90118122,-14.88627835,3.864455223,-15.29214382,-10.69472773,18.70726943,-17.17692018,-14.12892981,16.17999077,-13.8533175,-13.1346692,11.431095,-12.29656339,-12.45178773,5.070236325,-6.747937202,-11.51341392,18.77734661,-8.853453398,-13.80025788,16.03092551,-6.259983778,-11.24644174,11.89044416,-5.162334442,-9.6873772,6.721907854,1.15853548,-12.49903484,17.66949892,-0.80845952,-13.75407769,15.43018818,0.541502237,-12.07856356,11.54218316,1.310867071,-11.0142511,0,0,0,6.2256217,-8.032166958,-8.924396291,9.792429209,-15.8526063,-15.416225,14.53476548,-22.53360152,-20.52037041,21.13320231,-25.52263737,-25.55865864,-4.29084003,-14.88791704,-15.51543097,-11.84897423,-18.79278421,-21.61029647,-18.62117946,-20.89852691,-25.57997923,-25.12121052,-22.54015207,-28.30409627,-10.82082391,-10.66830754,-13.35721235,-20.14270425,-15.49985409,-18.49761228,-27.18719095,-19.7856307,-21.24269079,-33.77850354,-23.19491506,-23.35216771,-15.11786282,-7.520622015,-11.37499432,-23.72487187,-12.44279742,-15.45143346,-29.50684279,-16.75881743,-17.66829263,-34.75122452,-20.50077915,-19.0846331,-17.52158999,-5.408447981,-10.06304021,-23.88855219,-9.835201502,-12.89205323,-28.78582776,-13.15787435,-14.22628085,-33.04954171,-16.29661322,-15.16406308,HELP
0,0,0,0.37548244,-10.22439003,-3.170655891,3.826275468,-22.5808084,-5.595487951,5.469202995,-31.49890006,-7.441611811,4.648390412,-39.56088126,-8.678819462,2.963173389,-21.80231512,-9.200716987,16.94404185,-22.92106748,-13.44857834,14.9069339,-19.85643506,-14.49456237,10.35161316,-19.27711964,-14.717369,3.224855661,-13.41252327,-9.526442959,18.40741336,-14.27861452,-13.12155001,14.92611468,-12.26305366,-12.41578706,10.40296853,-11.69899702,-11.99275426,4.454579949,-5.166906118,-9.986158683,18.41242611,-6.157892942,-12.60917805,14.88862932,-4.680806398,-10.69574751,10.75815558,-4.594480991,-9.533715471,6.167435646,2.003210783,-10.70297457,17.13657677,1.153796911,-12.18328796,14.18435872,2.021592855,-11.08232163,10.05372703,2.295410633,-10.43563582,0,0,0,5.67985177,-8.13587904,-8.862804357,9.370297194,-15.99545479,-15.42685527,14.10457492,-22.875911,-20.70762265,20.52636743,-26.37758851,-25.92724163,-4.78644371,-16.39320254,-14.9337982,-13.10428381,-20.44060826,-20.99587518,-20.096156,-22.66245484,-25.0189026,-26.53674483,-24.53027964,-27.77339119,-10.7786566,-12.02016473,-12.95280356,-20.5509901,-17.24511385,-18.05988598,-27.96308845,-21.51300907,-20.89158047,-34.5934689,-24.67951775,-23.00770331,-14.76388276,-8.284080029,-11.21048826,-23.50981832,-13.47533464,-15.24667192,-29.56571579,-17.91704297,-17.50998396,-34.86786485,-21.47533298,-18.90855927,-16.96449816,-5.391490459,-10.15016261,-23.30275178,-9.675520658,-12.95632023,-28.31937969,-12.88154125,-14.29068792,-32.51816779,-15.78371525,-15.1714747,HELP
0,0,0,0.073990226,-9.898287058,-3.00702383,4.00107801,-22.39652276,-5.417556178,6.297010183,-31.43276572,-7.25845271,5.753546953,-39.72451091,-8.573883261,3.460103273,-21.7924118,-9.40220752,17.68022776,-22.45788872,-13.54564452,15.84697962,-19.43708062,-14.55358439,11.35413051,-19.01427507,-14.77783048,3.775817156,-13.47974539,-9.794326361,19.13127899,-14.18726444,-13.12668943,15.88941813,-12.00275421,-12.2581067,11.52610183,-11.49027944,-11.77993887,4.975986481,-5.15203476,-10.26035794,19.27843094,-6.271445751,-12.74383241,15.96681476,-4.620271921,-10.78344458,11.8815273,-4.507112503,-9.63274264,6.646031141,2.214443684,-10.9477202,17.89880395,1.263976097,-12.34612339,15.28669596,2.127200365,-11.18415618,11.33325696,2.400386333,-10.51535853,0,0,0,6.26938343,-7.448548079,-9.631874753,10.20100713,-15.29875398,-16.5823545,15.34737349,-21.66813612,-21.96912427,22.44508862,-24.23275113,-27.32780237,-3.87249887,-14.03261423,-16.89350416,-11.3640517,-18.13569069,-23.27156324,-17.99768209,-20.19517422,-27.32979317,-24.44552779,-21.53697014,-30.08775075,-10.25415957,-9.895706177,-14.41660781,-19.29113865,-14.9083972,-19.72564269,-26.07218623,-18.86999011,-22.40676243,-32.5180918,-21.7017591,-24.52069332,-14.44859207,-6.534725428,-12.14639504,-22.70931602,-11.37177348,-16.41275991,-28.36975455,-15.39939046,-18.61551364,-33.64633918,-18.74352098,-20.05601783,-16.8097049,-3.80603075,-10.56799029,-23.14050794,-8.453440666,-13.42015673,-28.01808119,-11.7831707,-14.72607364,-32.26646483,-14.98384476,-15.73020626,HELP
0,0,0,0.379434228,-9.93771553,-2.659643282,4.105728865,-22.46636152,-5.051345777,5.87849617,-31.34696782,-6.951198381,4.809400439,-39.29730654,-8.275000405,3.245294094,-22.19752073,-9.220969331,17.12390482,-23.53369594,-13.44296972,15.40999711,-20.49905062,-14.51701711,11.12329662,-19.67720985,-14.76973633,3.590399027,-13.95791769,-9.841742021,18.97777617,-14.78056908,-13.40809057,15.68458974,-12.73754239,-12.64248232,11.1215353,-12.08296418,-12.16463487,4.862120748,-5.654072762,-10.52118729,19.13762987,-6.563031673,-13.0303521,15.80198109,-5.100548267,-11.05801205,11.65869832,-5.0311625,-9.888323796,6.625330448,1.732087135,-11.4047807,17.89776981,0.970715284,-12.78323869,15.11050165,1.724100113,-11.62658076,10.96247435,1.830357313,-10.96631254,0,0,0,5.983835459,-8.374267817,-8.467839508,9.760814905,-16.19138718,-14.80893105,14.54665661,-22.86432385,-19.91007835,21.00673914,-26.28333569,-24.95610922,-4.969900846,-17.20881462,-14.29728776,-13.00149262,-21.00343704,-20.01859605,-19.84100342,-22.74550796,-23.87225538,-26.2575686,-24.18996096,-26.52936935,-11.16917431,-12.46584058,-12.31586397,-20.68215311,-17.21747518,-16.96806609,-27.65741944,-21.17319703,-19.50295478,-34.00180638,-24.22505617,-21.44679338,-15.14510512,-8.532828093,-10.54639727,-23.79242182,-13.37040663,-14.09489125,-29.49157953,-17.4110949,-16.00427985,-34.53170359,-20.7490325,-17.20301866,-17.15174913,-5.652683973,-9.444739519,-23.74836802,-9.849369526,-11.84643566,-28.59440297,-13.13725114,-12.87723243,-32.63699859,-16.2561655,-13.54380458,HELP
0,0,0,0.135758519,-9.617108107,-2.888367663,3.794720769,-22.11723626,-5.309149216,5.799132586,-30.94215691,-7.186225767,5.130621791,-38.99028599,-8.491454239,3.555324674,-21.8843013,-9.37134173,17.69395769,-22.66391218,-13.69401362,15.8129245,-19.10490394,-14.80205801,11.32072806,-18.29861999,-15.0668725,3.84285152,-13.7947917,-9.857068176,18.92968118,-14.19683695,-13.35081306,15.71513712,-11.64425611,-12.49392774,11.35339737,-11.12912893,-12.01834452,4.967176914,-5.677241087,-10.44365239,19.05399859,-6.425070763,-13.00187405,15.768978,-4.579544067,-10.97051721,11.6034627,-4.626399279,-9.78448164,6.574299932,1.464545727,-11.24905344,17.80878007,0.711262226,-12.61206117,15.15142024,1.910656691,-11.36410009,11.09620035,2.174860239,-10.66156026,0,0,0,6.159758568,-7.235437632,-8.957162001,10.15916467,-14.60992694,-15.61713467,15.42428732,-20.51046491,-20.9416608,22.51432538,-23.48101735,-26.23100827,-4.021972418,-13.76245618,-15.55149356,-11.23128235,-18.2271421,-21.71612183,-17.61963069,-20.5714047,-25.69871793,-23.84135723,-22.18209505,-28.43942294,-10.41046679,-9.726381302,-13.47125868,-19.19484735,-15.08951783,-18.64548574,-25.82858801,-19.2733109,-21.38469765,-32.16543496,-22.42882252,-23.5207061,-14.6430254,-6.51268959,-11.59171114,-22.52148986,-11.81470752,-15.67058364,-27.9466182,-16.08897448,-17.76406715,-33.07714164,-19.72019672,-19.14533923,-17.02127755,-3.850710392,-10.38999061,-22.96597362,-8.370316029,-13.16274802,-27.5442183,-11.63654327,-14.35876141,-31.53843582,-14.80746269,-15.23817132,HELP
0,0,0,0.429552794,-9.558218718,-2.737372105,4.30175364,-22.27599025,-5.004550998,6.448686123,-31.20155334,-6.764169147,5.75786829,-39.18985724,-7.965761532,4.303076863,-22.31755257,-8.972630759,18.25621724,-22.93719947,-13.11945032,16.53051376,-19.44805384,-14.12650507,11.99760437,-18.5811162,-14.34802275,4.544621706,-14.3050909,-9.553239604,19.71276402,-13.97605538,-12.99731146,16.42301679,-11.44421697,-12.28343408,11.82802916,-11.11550331,-11.87997248,5.55986762,-5.998551846,-10.20975273,19.66953278,-5.994260311,-12.72751402,16.33637547,-4.132002592,-10.82982357,12.17112541,-4.317897558,-9.725207945,7.098078728,1.503872871,-11.0672095,18.31976175,1.228022575,-12.50906002,15.62921405,2.319097519,-11.35234322,11.58065796,2.330392599,-10.67591246,0,0,0,5.940437317,-7.856982946,-9.005999549,9.924924374,-15.61065316,-15.79451261,15.08900523,-22.05678225,-21.23317568,21.0701704,-25.28122663,-26.67212336,-4.613393545,-14.8168087,-15.779227,-12.49396801,-20.11890411,-21.88279329,-18.958956,-22.85243273,-25.74323861,-24.95467067,-24.63759184,-28.31076829,-10.42623818,-9.981352091,-13.73275517,-20.22785246,-16.54430032,-19.05125527,-27.19707489,-21.40519619,-21.95318042,-33.2729429,-24.91713166,-24.06935392,-14.22298253,-6.439197063,-11.86665816,-22.94172645,-13.0492866,-15.91164468,-28.8182795,-18.05987954,-18.19176225,-33.88045132,-22.1429646,-19.63784395,-16.26872122,-4.137307405,-10.66901012,-22.68002331,-9.382897615,-13.42518179,-27.34307647,-12.97920942,-14.74137454,-31.24632388,-16.34086967,-15.64894019,HELP
0,0,0,0.72992146,-9.715360403,-2.331270684,4.319638014,-22.51809239,-4.846243408,6.007367373,-31.40674829,-6.922612932,5.078864098,-39.50019181,-8.472492393,4.054519534,-22.68429399,-9.37587082,17.32827425,-24.34231937,-13.6043033,15.88220596,-20.53661942,-14.72521186,11.50811315,-19.24660802,-15.03063649,4.543095827,-14.61031437,-10.32767951,19.48059797,-15.8297956,-13.86590957,16.48783088,-12.9412055,-13.09089273,11.51658595,-11.83607578,-12.59180516,5.662614107,-6.122136116,-11.27045586,19.45563555,-7.615458965,-13.69457304,16.47310853,-5.426180363,-11.44875571,12.16471195,-4.709118605,-10.11201203,7.230728865,1.774483919,-12.37789675,17.98768044,0.201350451,-13.77899706,15.54808021,1.373362541,-12.33390927,11.47500873,1.865279675,-11.44002214,0,0,0,5.632340908,-9.025841951,-8.437032003,8.891969919,-17.51252413,-14.81566702,13.66013885,-23.72476459,-19.91667872,19.81059313,-26.06039047,-25.09360735,-4.312282801,-15.96651673,-15.4220057,-12.94005215,-20.40736675,-21.25765507,-19.94542181,-22.84600735,-24.84677707,-26.27533972,-24.60893989,-27.27434759,-9.871500731,-10.63937545,-13.65135585,-20.30572891,-16.58619046,-18.79323845,-27.85827518,-21.20124102,-21.53718149,-34.3954742,-24.61178899,-23.58323907,-13.49256635,-6.491488218,-12.01262896,-22.8066504,-12.36116886,-16.06217747,-29.31713462,-16.73765182,-18.3909369,-34.83707607,-20.38850784,-19.85586857,-15.53404331,-3.505754471,-10.97658177,-22.54417539,-8.051770926,-13.83460884,-27.80364156,-11.28233671,-15.25968288,-32.12509453,-14.43990469,-16.24927347,HELP
0,0,0,0.506255031,-9.662508965,-2.349810342,3.966626525,-22.44679928,-4.763211909,5.766534805,-31.23219907,-6.749632063,5.006286502,-39.09457326,-8.185508701,3.678321838,-22.78285623,-9.149364981,17.2419548,-24.07269478,-13.31868902,15.87464809,-20.14430761,-14.33172807,11.72260642,-18.80666018,-14.54421863,4.195511341,-14.85852003,-10.03223867,19.19944882,-16.07457399,-13.56743709,16.34131074,-12.88096905,-12.72315815,11.7128849,-11.49320602,-12.11183429,5.368351936,-6.567925215,-10.93116015,19.2610383,-7.81031251,-13.41060236,16.31732583,-5.175179243,-11.15853921,12.23801374,-4.253059626,-9.74869937,7.002311945,1.123839617,-12.00680793,18.07177663,0.22315383,-13.4504287,15.61413407,1.637017727,-12.08921358,11.63597703,2.211678028,-11.22262985,0,0,0,6.103271246,-8.406960964,-8.374902179,10.13351679,-16.7606473,-14.72226562,15.77527523,-23.17691445,-19.83683886,22.85248041,-25.83266497,-24.9671224,-3.494608402,-15.17278552,-14.93549826,-10.87709665,-19.66685653,-20.80546649,-17.18707085,-22.32367396,-24.55581458,-23.23775887,-24.20366406,-27.13088872,-9.477806091,-10.84916592,-13.15183224,-18.65965128,-16.46389365,-18.05670144,-25.25492907,-21.17546201,-20.61326983,-31.44019842,-24.80947971,-22.64889958,-13.50600719,-7.387548685,-11.54701816,-21.68391943,-12.74242997,-15.36581697,-27.20661163,-17.3682034,-17.39966007,-32.32650757,-21.33845091,-18.77752425,-15.82630873,-4.668980837,-10.59397938,-21.95842862,-8.879953623,-13.18127396,-26.62473917,-12.10505366,-14.37811585,-30.66096306,-15.27367234,-15.30565651,HELP
0,0,0,0.265458226,-9.593647718,-2.682371382,3.665831685,-22.37327397,-5.305029024,5.387818813,-31.30327463,-7.399994079,4.5653373,-39.45671618,-8.915270809,3.141900897,-22.71732986,-10.11437694,16.88403785,-24.40452576,-14.39695725,15.61791599,-20.38633227,-15.23444721,11.34256423,-18.7317431,-15.30325482,3.67795825,-14.53018188,-10.86620906,18.96962225,-15.66264033,-14.57531074,16.11097753,-12.39218712,-13.55229983,11.49707139,-10.94530821,-12.850175,4.906469584,-6.065100431,-11.62507677,19.03956234,-7.227015495,-14.25420264,16.07454717,-4.751545191,-11.88042754,12.03021109,-3.928810358,-10.41484395,6.616422534,1.653301716,-12.57653603,17.85235107,0.395601988,-14.12050942,15.42575657,1.63564682,-12.7238355,11.50524318,2.105015516,-11.84953669,0,0,0,5.605328083,-8.516299725,-9.022588948,9.399402142,-16.83225036,-15.91012693,15.26560783,-23.27781916,-21.29181541,22.38112688,-25.87997317,-26.68844677,-4.850929976,-13.88554573,-16.68040074,-12.37676144,-18.99698377,-22.84486062,-18.77055168,-21.86272144,-26.62761129,-24.8236984,-23.8951087,-29.14374984,-10.90942621,-9.546941519,-14.28766913,-20.30595243,-15.36734104,-19.46608342,-26.80557966,-20.10453343,-21.91927351,-32.80336857,-23.50389957,-23.77855844,-14.85002041,-6.555980444,-11.98231123,-23.3566463,-12.19245791,-16.00072897,-28.81726027,-16.68266058,-17.8762979,-33.96186829,-20.59139013,-19.06121887,-17.04625487,-4.505050182,-10.30492402,-23.54816496,-9.097588062,-12.85165317,-28.10136676,-12.49848008,-13.7956462,-32.0012182,-15.97518921,-14.50907356,HELP
0,0,0,0.255078077,-9.776371717,-3.059747216,3.690809011,-22.50558734,-5.542148051,5.561056733,-31.42817914,-7.451602218,4.947340488,-39.5409584,-8.752879646,3.926992416,-22.20623493,-9.656451789,17.84120798,-23.43674302,-13.91092106,16.21783376,-19.24043894,-14.84064027,11.78383827,-18.00945401,-15.00789836,4.592072964,-13.91636729,-10.14862895,19.45554018,-14.45427537,-13.68895486,16.33312702,-11.27597094,-12.7859132,11.94621325,-10.49103141,-12.25158885,5.845168233,-5.485582352,-10.73283419,19.51838136,-6.238460541,-13.33751246,16.41933918,-3.81257534,-11.14388644,12.4946475,-3.379064798,-9.828016308,7.506489754,2.034878731,-11.55185118,18.44750643,1.200509071,-13.07130024,15.87819457,2.380931377,-11.7579104,12.01789379,2.695029974,-10.94534263,0,0,0,6.056964397,-8.581453562,-8.624341848,9.831476212,-16.69626236,-15.20533538,15.06382227,-23.47478867,-20.45492357,21.53295279,-26.58135891,-25.74426508,-3.475487232,-15.98611474,-15.75064934,-11.0165745,-20.62900662,-21.8493489,-17.45748222,-23.17367196,-25.71448362,-23.55736494,-25.21750927,-28.3523885,-9.627223015,-11.46162152,-13.8612715,-19.13391948,-17.58852005,-19.00076992,-26.14219189,-22.31797576,-21.78813493,-32.56400526,-26.02296472,-23.92717278,-13.68623972,-7.743316889,-12.08830899,-22.09191918,-13.67480755,-16.12742669,-27.97599435,-18.3398068,-18.43406832,-33.28074813,-22.22156525,-19.94729018,-15.8875525,-4.951578379,-10.94294241,-21.95209563,-9.38937068,-13.87244588,-26.56977177,-12.53424287,-15.29649323,-30.65125942,-15.57582617,-16.29274017,HELP
0,0,0,0.681200624,-9.629362822,-2.332762288,4.280650616,-22.29736745,-4.848844404,6.100690365,-31.12801909,-6.910248691,5.609315634,-39.19106722,-8.416795576,4.489400983,-23.16054702,-9.536468828,17.98967421,-24.25197065,-13.632804,16.76824391,-20.11332512,-14.44817468,12.49322593,-18.59333515,-14.51619699,5.019629002,-15.34602046,-10.46270415,20.02802789,-16.0078764,-13.93147692,17.46756136,-12.36324906,-12.99553647,12.84626424,-10.86512804,-12.3277454,6.060281396,-6.876462698,-11.35791078,20.18470466,-7.654923201,-13.88123616,17.57002771,-4.678797722,-11.60053893,13.56031597,-3.597593307,-10.14590546,7.568174601,1.227486134,-12.39683017,19.0515548,0.439894199,-13.97566482,17.0213908,1.872014999,-12.61168107,13.21536005,2.378290892,-11.69358923,0,0,0,5.713295937,-7.971048355,-8.451219938,9.789603949,-15.91063142,-14.83903184,15.42512774,-21.88882828,-19.94389399,22.7650404,-23.99439812,-25.049154,-3.69002223,-13.67964745,-15.02382412,-11.19429767,-18.0290401,-20.97839519,-17.58205593,-20.68262696,-24.76534947,-23.55419993,-22.55240083,-27.3666124,-9.807938337,-9.709149599,-13.12639668,-18.90105009,-15.32705426,-17.91989311,-25.27688742,-19.81450915,-20.27312919,-31.29771054,-23.23945761,-22.1835266,-13.85742128,-6.415265799,-11.4339213,-21.78525329,-11.46374345,-15.17137691,-27.13468671,-15.6575799,-16.98543235,-32.22588599,-19.38736439,-18.23475613,-16.10726416,-3.600895405,-10.41167705,-22.31667936,-7.24992156,-12.93337896,-26.84238553,-9.914135933,-13.9830242,-30.77539504,-12.73779273,-14.81686338,HELP
0,0,0,0.348442793,-9.923553467,-2.280583788,3.697043657,-22.93899655,-4.72856443,5.504867435,-31.98330998,-6.739102487,4.810941219,-40.07186294,-8.173602257,3.656759858,-23.73612225,-9.149069522,16.90487862,-25.51969886,-13.17532826,15.81175327,-21.33481503,-14.00549281,11.58456206,-19.67449188,-14.09215349,4.314523935,-15.91410041,-10.07502917,19.02149916,-17.36716032,-13.45249433,16.80199504,-13.54008913,-12.58820016,12.32019663,-11.87564135,-11.98107469,5.538162589,-7.513678074,-10.98031941,19.52686906,-8.965188265,-13.4475993,17.21093059,-5.763202906,-11.197857,13.21390271,-4.521244764,-9.767186825,7.267573476,0.513535738,-12.02677432,18.50848198,-0.655955076,-13.59577197,16.58554673,1.001429558,-12.25521508,12.77550459,1.575726271,-11.35431025,0,0,0,5.965363979,-8.13254118,-8.4584965,9.59635973,-16.41364098,-14.92237138,14.90890384,-23.24007154,-20.02929883,21.87609673,-26.43433809,-25.16603308,-3.26359272,-14.5213604,-15.97136544,-10.73796749,-20.16026974,-22.00636255,-16.9904232,-22.70445228,-25.61077016,-23.0098784,-24.55319166,-28.04759281,-9.417435527,-10.32498479,-14.01083903,-18.88043284,-16.86397195,-19.13188832,-25.47318935,-21.58308029,-21.61678063,-31.62105978,-25.18894672,-23.53964435,-13.33253384,-6.858837605,-12.12563427,-21.65741622,-12.5081718,-16.22185843,-27.10858881,-16.63156748,-18.24091064,-32.25835562,-20.02559304,-19.52989088,-15.43168426,-4.359543324,-10.82588421,-21.54968977,-8.803349733,-13.63893138,-26.03414953,-11.82798147,-14.84030621,-30.13319373,-14.6999836,-15.7159953,HELP
0,0,0,0.468575954,-9.855997562,-2.243186576,3.912624717,-23.17479253,-4.351104466,5.785924196,-32.13493824,-6.105766115,5.420964956,-40.28861523,-7.286538971,4.158172011,-23.84166121,-8.07232712,18.08498502,-24.96446371,-12.30999832,16.7843163,-20.49612403,-13.41267754,12.60489225,-18.85690093,-13.63786687,4.629844427,-16.09750986,-8.977977229,19.79205012,-16.95910692,-12.51563658,17.33709574,-12.8387332,-11.81253199,13.12612295,-11.13969684,-11.22923125,5.730593204,-7.886987925,-9.977880163,19.75585818,-8.679288626,-12.647716,17.15611219,-5.274522305,-10.62997584,13.30510974,-4.348278046,-9.241899145,7.38658905,-0.152373314,-11.1348242,18.75172257,-1.117533445,-12.62358357,16.43213034,0.83220005,-11.29550864,12.49633431,1.353263855,-10.37932415,0,0,0,5.953228474,-8.562290668,-8.311693222,10.0015223,-17.18280911,-14.77246046,15.61732292,-23.49191308,-19.89359617,22.70579338,-25.71943402,-25.06918371,-3.112977743,-14.62646723,-15.89471907,-10.81226766,-19.88420486,-21.86302304,-17.30876565,-22.66927958,-25.46579003,-23.35763574,-24.61357117,-27.86819995,-9.263110161,-10.25659442,-13.95169258,-18.52780581,-16.43175483,-18.90738517,-25.04581213,-21.31559849,-21.23934984,-31.05422556,-25.03548861,-23.06882501,-13.40818405,-6.945490837,-12.08678171,-21.59257531,-12.76990771,-15.92453033,-26.94619894,-17.46357679,-17.81477541,-31.90125227,-21.50048018,-19.05346572,-15.82573056,-4.506033659,-10.81182793,-22.19335437,-8.88902545,-13.30053568,-26.74438357,-12.22162247,-14.34059203,-30.65240383,-15.60286283,-15.13911545,HELP
0,0,0,0.39075017,-9.724104404,-2.426905888,3.781849146,-23.11450541,-4.713840368,5.609881878,-32.25045502,-6.625014501,5.103558302,-40.4507488,-7.947070854,3.844451904,-24.13293123,-8.520078617,17.92226434,-25.30511022,-12.96418081,16.38639569,-20.84383368,-14.21891223,12.02799678,-19.25265789,-14.53104685,4.283562303,-16.23976827,-9.410839486,19.51708198,-17.40640998,-13.07347338,16.73910022,-13.49687576,-12.35915269,12.40914464,-12.01674938,-11.7936648,5.446863174,-7.899093628,-10.41148971,19.65966225,-9.057551622,-13.09887539,16.72723293,-5.77263236,-10.90980391,12.77920604,-4.864400625,-9.453035104,7.232987881,-0.051039457,-11.60764914,18.84047389,-1.128196716,-13.0901448,16.35589004,0.709921122,-11.67793046,12.37770319,1.245415211,-10.72524707,0,0,0,6.113225222,-8.197569847,-8.671335932,10.50315499,-16.43648744,-15.488644,16.53439403,-22.67050147,-20.90292728,24.03321862,-25.34614801,-26.35703838,-2.526271343,-13.32188845,-16.76694011,-9.985512495,-18.64029169,-23.07542419,-16.32412076,-21.49342895,-26.93528092,-22.50456214,-23.44907522,-29.55379939,-8.786061406,-9.563720226,-14.74823957,-17.76570678,-15.44632316,-19.92242044,-24.3239522,-20.04627585,-22.39430105,-30.57554066,-23.54563475,-24.42862993,-13.1891191,-6.737220287,-12.80701613,-21.01158798,-12.09660769,-16.78593313,-26.36083364,-16.41452909,-18.68535286,-31.52372241,-20.06027102,-20.02568996,-15.89334309,-4.635703564,-11.49487129,-21.88167572,-8.69166255,-14.13550681,-26.24903321,-11.49106026,-15.20305282,-30.08352816,-14.2884016,-16.07402122,HELP
0,0,0,0.309416652,-9.940177202,-2.321279633,3.506296873,-23.24908972,-4.449704129,5.253139138,-32.43545294,-6.202583227,4.790857434,-40.69670439,-7.36208989,3.800690174,-24.0491569,-7.948902834,17.50762463,-25.64427555,-12.09875776,16.51803851,-20.90704441,-13.20715531,12.53369451,-19.02587414,-13.46476956,4.455897212,-16.47585034,-8.792378593,19.26958561,-17.4590826,-12.17879935,16.88948274,-13.3744657,-11.51432379,12.71224618,-12.01500893,-11.02856829,5.707931519,-8.406931162,-9.751122284,19.58505511,-9.055882692,-12.3227848,17.02455878,-5.775737762,-10.42078121,13.19412589,-5.299532413,-9.17539357,7.586544752,-0.869429111,-10.87276398,18.8667655,-1.453948021,-12.32487171,16.53646231,0.504350662,-11.07757448,12.59304285,0.665664673,-10.24799033,0,0,0,6.33662343,-8.136439323,-8.501424702,10.7450068,-16.64815545,-15.1554749,16.84172153,-22.94093966,-20.40740556,24.51104522,-25.45159459,-25.70832974,-1.976752281,-13.72522712,-16.63878566,-9.078413248,-18.90782118,-22.99703962,-15.16230404,-21.76790833,-26.85091502,-21.1263299,-23.67423773,-29.41211766,-8.442240953,-9.795749187,-14.61350477,-17.15297103,-15.68410993,-19.82706493,-23.25831652,-20.43632269,-22.24248803,-29.08221483,-24.03133512,-24.18328679,-12.91465759,-6.968927383,-12.66435093,-20.52753866,-12.31514812,-16.73662222,-25.5312115,-16.75770283,-18.70751089,-30.4821223,-20.59114575,-20.05296952,-15.58673978,-4.950612783,-11.30638501,-21.28170729,-9.214824438,-13.9815346,-25.29640794,-12.41208315,-15.10110057,-29.03283834,-15.79836607,-16.00246734,HELP
0,0,0,0.281697512,-10.13148427,-2.371902102,3.593167663,-23.42759371,-4.512098701,5.520072579,-32.50054717,-6.284999744,5.199792981,-40.73542655,-7.483701305,4.009774327,-23.71941209,-7.952787624,17.81911552,-25.60343146,-12.01878776,17.12825,-21.20458484,-13.11897178,13.29036057,-19.28554177,-13.33250691,4.695034027,-16.01460576,-8.741564946,19.6339339,-17.44743586,-12.03916808,17.53329933,-13.60943317,-11.3791569,13.38373721,-12.09834814,-10.8638971,5.978611112,-7.883453369,-9.629827635,19.78972852,-8.996462822,-12.03775396,17.4878329,-5.926120281,-10.11137579,13.73413503,-5.231559277,-8.833148227,7.760798931,-0.35173893,-10.69368114,18.91051829,-1.341313124,-11.96399917,16.83158576,0.325250626,-10.61231111,13.04022372,0.671774149,-9.702741997,0,0,0,5.91070056,-8.423054218,-7.743566651,10.24616957,-16.74277186,-13.99299445,16.24345183,-22.75191545,-19.06610223,23.88023138,-25.03350973,-24.1881484,-3.081035614,-14.16898966,-14.59210904,-10.0953728,-18.54829788,-20.35406472,-16.02259278,-21.55500054,-24.02009161,-21.67643905,-23.97055626,-26.55485662,-9.462156892,-10.19676328,-12.89347949,-17.75435805,-15.32304287,-17.70164909,-23.45665693,-20.01973391,-20.04952075,-28.84420753,-24.0133822,-21.95161225,-13.94928396,-7.446700335,-11.28879504,-21.33409679,-12.58798242,-14.99965282,-26.01342797,-17.11352468,-16.63193198,-30.56215644,-21.36750817,-17.75691899,-16.56866372,-5.58604002,-10.2689469,-22.47103155,-9.825897217,-12.67394068,-26.26409531,-13.01466227,-13.4756753,-29.60428298,-16.61147475,-14.11803456,HELP
0,0,0,0.238206983,-10.17722487,-2.270325465,3.718939424,-23.36905599,-4.448237648,5.688345432,-32.51278996,-6.264009332,5.187579989,-40.54247737,-7.502830034,4.299166799,-24.07921255,-8.119978016,17.83727705,-25.55971146,-12.14521602,17.42027104,-21.23630047,-13.20179701,13.71925175,-19.20192838,-13.40695769,5.010816455,-16.4096117,-9.006784117,19.85573471,-17.56307483,-12.33919934,17.77388155,-13.78529668,-11.6567053,13.51328194,-12.28910685,-11.12609581,6.288337708,-8.104968071,-9.951320296,20.15356719,-9.225934744,-12.41516099,17.6705569,-6.268030405,-10.42072401,13.73947561,-5.497461557,-9.098697459,8.039906621,-0.288492441,-11.06276587,19.32594478,-1.200085878,-12.48973385,17.18744934,0.313442945,-11.14765853,13.33570182,0.692778826,-10.21138207,0,0,0,6.618177891,-7.598108053,-8.906212923,11.0922575,-15.831846,-15.78027281,16.96804166,-22.13452458,-21.1951864,24.20362234,-24.92966056,-26.63962069,-1.749813557,-13.56781721,-17.21094969,-8.905938268,-18.61291528,-23.69619283,-15.08862376,-21.27918005,-27.59599212,-21.1959362,-23.11592698,-30.24292114,-8.356717229,-9.727275372,-15.12989375,-17.24520326,-15.37151933,-20.53431692,-23.22804034,-19.97812986,-23.05760804,-28.87277007,-23.72494936,-25.11492195,-13.06769848,-6.850796938,-13.14286264,-20.764184,-12.40252852,-17.40766588,-25.61197877,-16.7460382,-19.32108673,-30.3188622,-20.47864795,-20.62265697,-15.86101949,-4.878371954,-11.78449738,-21.86799645,-9.492272139,-14.69701352,-25.98810196,-12.41800189,-15.84179672,-29.67138886,-15.49677253,-16.73125151,HELP
0,0,0,0.057545304,-10.07578969,-2.425238837,3.219464421,-23.38709831,-4.752139536,5.06645143,-32.77640343,-6.624237982,4.473236203,-40.88199139,-7.889521656,3.612735868,-24.08540249,-8.871844199,17.23355949,-25.95873177,-12.77512067,16.92075431,-21.62780166,-13.51476812,13.06376159,-19.40036416,-13.46684897,4.457557201,-16.46213531,-9.588859764,19.39154565,-17.60345101,-12.69772851,17.36560166,-14.08079267,-11.66390979,12.87731826,-12.67619133,-10.96187809,5.80714047,-8.186918497,-10.33387014,19.7427839,-9.17340517,-12.53992223,17.29701459,-6.564050913,-10.36948764,13.18117082,-5.857986212,-9.031343249,7.574591041,-0.459802151,-11.25427016,18.80926788,-0.994116068,-12.51694315,16.82908237,0.402575731,-11.16181814,13.03194463,0.659650564,-10.2707138,0,0,0,6.29940629,-7.909876108,-8.594314632,10.90632081,-16.13135338,-15.41130233,17.02052951,-22.35583663,-20.84652471,24.61588979,-25.14624596,-26.32650572,-2.02999115,-13.60046268,-16.62319588,-8.873388171,-18.57697964,-23.04547119,-14.91984725,-21.43055201,-26.96700233,-20.88044882,-23.40211868,-29.59998685,-8.427280188,-9.730029106,-14.64548695,-16.72238111,-15.54474235,-19.80793762,-22.46708572,-20.34068704,-22.03627515,-28.03778648,-24.02642965,-23.88624984,-12.89006472,-6.666254997,-12.79343354,-20.12148499,-12.05967665,-16.79544735,-24.9129653,-16.47006273,-18.38449377,-29.73930538,-20.40655613,-19.49454832,-15.57228565,-4.200404882,-11.57073813,-21.23022676,-8.397394419,-14.16257012,-25.24734139,-11.42220497,-15.05095648,-28.88137996,-14.74659443,-15.80095726,HELP
0,0,0,0.200891495,-10.09377241,-2.235346448,3.488409519,-23.24481905,-4.270776149,5.400770903,-32.40329623,-5.955850866,5.080372095,-40.54370821,-7.03805105,4.31381464,-23.90296757,-7.817352723,17.92343855,-26.14451945,-11.73310594,17.21341014,-21.59005105,-12.61757032,13.36984634,-19.55298185,-12.69433663,5.11392355,-16.29811525,-8.647260975,19.8533237,-17.6425457,-11.8767956,17.52026677,-13.88777494,-11.11898811,13.12183142,-12.62919903,-10.54635362,6.427040696,-8.180946112,-9.570688915,20.07099986,-9.167289734,-11.89540864,17.57691503,-6.255191565,-9.927423459,13.63173723,-5.808758736,-8.658159684,8.157062531,-0.622797012,-10.66295223,19.21623945,-1.343947649,-11.86805533,16.99379683,0.35277009,-10.50660924,13.07330728,0.57311058,-9.605170202,0,0,0,6.665790081,-7.500684261,-8.162001568,11.60414219,-15.23602009,-14.63898127,17.9889679,-21.09041214,-19.89415442,25.61599016,-23.58074188,-25.21205102,-0.435525179,-12.73783445,-15.59701567,-7.579487562,-17.57870317,-21.61087697,-13.73080611,-20.47399879,-25.26275371,-19.53115463,-22.44737744,-27.73560737,-6.930628419,-8.8963449,-13.84199863,-15.5033648,-14.62314725,-18.67832695,-21.29297853,-19.2950964,-20.70039367,-26.66450739,-22.74826765,-22.40702217,-11.58718467,-5.70346117,-12.23033299,-18.98011565,-11.0786438,-16.05016594,-23.6389637,-15.27166963,-17.4444959,-28.10648978,-18.69127154,-18.39682763,-14.48624134,-3.10946703,-11.24144574,-20.15424371,-7.500082254,-13.77301221,-23.98540676,-10.51351428,-14.51843982,-27.36947536,-13.42511773,-15.13738339,HELP
0,0,0,0.134912133,-10.46821475,-2.109306284,3.419891,-23.70222807,-4.32856416,5.227684975,-32.86584318,-6.226123103,4.787072539,-40.89393914,-7.519637027,4.256054759,-24.37543273,-8.146361985,17.55155623,-26.48306489,-12.13784812,16.69197381,-21.78820372,-13.12042175,12.75862753,-20.004493,-13.28272221,4.954060912,-16.45187736,-9.120011308,19.56665218,-17.98639894,-12.42781503,17.33058989,-14.02714849,-11.6482809,12.81923354,-12.69049644,-11.05341835,6.181791425,-8.055388927,-10.13825012,19.77361143,-9.315520525,-12.51535115,17.35986769,-6.274938583,-10.37481127,13.28128874,-5.609107018,-8.977808037,7.852140069,-0.180631876,-11.30697054,18.87525022,-1.184600592,-12.53245918,16.92927778,0.480693579,-11.02670727,13.10498416,0.810706615,-10.0139722,0,0,0,6.148743629,-7.656288147,-8.441213688,10.67925096,-15.63934088,-15.17821418,16.81916714,-22.01533318,-20.54663169,24.47654009,-25.30805469,-25.95779615,-1.688891649,-12.99132705,-16.76339375,-8.416032791,-18.01043749,-23.30033647,-14.31787908,-21.04384303,-27.22673135,-20.21096945,-23.21870923,-29.84620648,-8.252122998,-9.221500158,-14.79863839,-16.49102569,-15.07901549,-20.10788189,-21.97950482,-19.74425912,-22.25187438,-27.41468847,-23.5057056,-24.03999435,-12.90563345,-6.30621314,-12.93633746,-20.08863688,-11.88605428,-17.14123355,-24.61515069,-16.17469788,-18.6224656,-29.21841145,-20.13071179,-19.63829415,-15.65373838,-3.997921944,-11.67591455,-21.24730945,-8.587300777,-14.45577013,-24.80179667,-11.81609631,-15.34535008,-28.0620873,-15.35847187,-16.07946472,HELP
0,0,0,0.108018517,-10.33015847,-2.200369461,3.262045979,-23.62285256,-4.433120152,4.93645668,-33.07572007,-6.335261947,4.274523258,-41.18552506,-7.632261998,3.792077303,-24.64360595,-7.978693879,17.11828411,-26.76771283,-11.86771814,16.23556316,-21.96883559,-12.77097959,12.38150299,-20.27493119,-12.93532003,4.537934065,-17.04018116,-8.884258306,19.21310723,-18.46494079,-12.07637835,16.95160568,-14.40499425,-11.30086157,12.51642406,-13.16708922,-10.7622822,5.872321129,-8.864313364,-9.853889531,19.73643601,-10.0540638,-12.20289815,17.20133722,-6.775009632,-10.11766691,13.15866411,-6.065183878,-8.791396505,7.706198096,-1.13312602,-10.98823819,18.89149249,-1.698589325,-12.2922023,16.93193614,0.106984377,-10.96519802,13.22355568,0.417804718,-10.08615989,0,0,0,6.079548597,-8.528512716,-7.43100441,10.19135714,-17.02966094,-13.45685518,16.12505913,-23.15728664,-18.34725535,23.68024588,-25.65767169,-23.31111527,-3.374862671,-15.42444825,-14.15367073,-9.599193931,-19.88028884,-19.81135107,-15.07043242,-22.18836546,-23.41313607,-20.7213223,-23.86897802,-25.91759956,-9.813570976,-11.47629619,-12.56995893,-17.76781678,-16.95460081,-17.20811821,-23.00871611,-21.34377956,-19.4673816,-28.13826203,-25.06787777,-21.32295019,-14.30601478,-8.329421282,-11.07010118,-21.49964273,-13.71514797,-14.62669319,-25.6221056,-17.85292029,-16.15513361,-29.75999713,-21.80464864,-17.22551233,-16.86798334,-5.816346407,-10.1209963,-22.70097136,-10.2507174,-12.53132916,-26.01762712,-13.438344,-13.31626571,-28.86720896,-17.19050407,-13.91740984,HELP
0,0,0,0.293400884,-10.36641002,-2.057624085,3.535974026,-24.07685518,-3.965497425,5.09262979,-33.60553384,-5.59190627,4.327490926,-41.57994092,-6.61466237,4.217538238,-24.8023808,-7.106774708,17.64726937,-26.93834305,-10.99300574,16.17144644,-22.22073078,-11.97831224,12.16006577,-20.82471251,-12.20607426,4.986506701,-17.18729734,-8.052458277,19.45234239,-18.76367927,-11.05953943,16.6470319,-14.88906741,-10.28868448,12.38070428,-13.85836005,-9.798867663,6.368771195,-9.100288153,-9.136952868,19.80287135,-10.2463603,-11.29758324,16.79091752,-7.20821619,-9.306172689,12.79355586,-6.863963604,-8.11146166,8.197411895,-1.530450583,-10.39512049,18.94817054,-2.515763044,-11.42101031,16.29047096,-0.647306442,-10.0253221,12.24442422,-0.472462177,-9.177568963,0,0,0,6.124079227,-8.141601086,-7.335108332,10.20377278,-16.53636694,-13.04908749,16.19737148,-22.35561013,-17.72107389,23.96516204,-24.78654385,-22.41406944,-3.099870682,-15.84775448,-12.98839208,-9.252047539,-19.43795085,-18.34637877,-14.65569735,-21.48851156,-21.84491511,-20.17080188,-23.31342697,-24.30679705,-9.321367741,-11.88621521,-11.46066096,-17.29589701,-16.6087985,-15.77304807,-22.35045433,-20.7388103,-17.89793726,-27.46502459,-24.40339327,-19.66659632,-13.60548139,-8.567118645,-10.10023486,-20.84533572,-13.04559708,-13.41269072,-24.88534153,-16.74011946,-14.75318577,-29.17153835,-20.41348815,-15.67492243,-16.08796418,-5.696958303,-9.340905212,-21.74534798,-9.757554531,-11.43657695,-25.04592538,-12.64619231,-12.0008057,-28.14925015,-16.00533724,-12.46677395,HELP
0,0,0,0.243288279,-10.38717031,-2.114965957,3.255552053,-23.77821803,-4.243661467,4.737818241,-33.1268996,-6.05232269,4.312568903,-41.26328528,-7.235505436,3.866609931,-24.73126352,-7.839889083,17.38217473,-27.08582282,-11.71624214,16.33935571,-22.46931493,-12.57815436,12.37905622,-20.62436342,-12.67308221,4.605394602,-17.07465053,-8.747906987,19.49928999,-18.46917868,-11.99839563,17.09617376,-14.64656591,-11.24675274,12.55848408,-13.25003505,-10.67764834,5.956417322,-8.983331919,-9.719065581,19.84726787,-10.21931767,-12.03326509,17.1779573,-7.226836681,-9.974211458,13.03181648,-6.538140774,-8.655022834,7.861196995,-1.373594999,-10.84549949,18.94664168,-2.27907896,-12.06518561,16.73488617,-0.44054985,-10.66681967,12.75402904,-0.079095364,-9.734499458,0,0,0,6.530100107,-7.302439213,-8.286185319,11.0449791,-15.52798748,-14.54723751,17.1597898,-21.76126838,-19.51815015,24.61785674,-24.50971007,-24.4924975,-1.00607872,-12.61240244,-15.77330654,-7.459634542,-17.76701808,-21.75582474,-13.34402561,-20.73652744,-25.26159262,-19.26495433,-23.07117581,-27.68638706,-7.47807622,-9.30711031,-13.94381201,-15.38081765,-15.31576514,-19.0179882,-20.94484866,-20.01395822,-21.28248637,-26.46905184,-23.84399176,-23.18559563,-12.1335566,-6.431639194,-12.21511265,-19.06934381,-11.98519468,-16.17279177,-23.48955274,-16.06758833,-17.78485751,-28.08206975,-19.71218586,-18.93224096,-15.00833929,-3.834289312,-11.11165931,-20.29213309,-8.231776953,-13.71076232,-23.86796772,-11.11044288,-14.68280231,-27.27904916,-14.10162449,-15.52008068,HELP
0,0,0,0.30169785,-10.36651134,-2.083294679,3.547427058,-23.67722988,-4.047322486,5.040681362,-33.11647177,-5.70355526,4.236912727,-41.00488126,-6.75676002,4.154106975,-24.68464375,-7.440304597,17.4785763,-26.94431543,-11.22202559,16.4170593,-22.2402513,-12.10609733,12.5759691,-20.43710351,-12.2607617,5.034992099,-17.33281612,-8.322582234,19.52601969,-18.62698197,-11.34191363,17.15247333,-14.64061141,-10.59066861,12.97498047,-13.38783503,-10.08889734,6.428143382,-9.346652031,-9.297036965,19.93869245,-10.2697134,-11.49144827,17.25666225,-7.13994503,-9.565736939,13.38298023,-6.677418947,-8.38226213,8.245673776,-1.80644989,-10.43359696,19.2543,-2.291417122,-11.55271365,16.98053181,-0.437402725,-10.24714767,13.13451231,-0.221717358,-9.419610192,0,0,0,5.94509244,-8.152127266,-7.574514703,10.14190316,-16.58684015,-13.62771954,16.08970761,-22.61689901,-18.56023933,23.92985225,-25.49499869,-23.558208,-1.954340935,-14.74625468,-14.5799097,-8.235132694,-19.17280555,-20.47301348,-13.78265023,-21.813941,-24.10453673,-19.45528984,-23.82953167,-26.55933316,-8.243131638,-10.72204709,-13.02980895,-16.13637805,-16.2967205,-17.99341406,-21.52419984,-20.83876729,-20.20425464,-26.84637904,-24.56849813,-21.97298969,-12.76659071,-7.548612356,-11.59329008,-19.82225776,-12.80499101,-15.45568819,-24.31191206,-16.89389348,-16.9539627,-28.89735103,-20.62561512,-17.91159923,-15.57345688,-4.934805632,-10.73225479,-21.34371996,-9.394681454,-13.2280093,-24.98095632,-12.47091293,-14.00421824,-28.30807567,-15.76237679,-14.59220316,HELP
0,0,0,0.565925241,-10.42191982,-2.22466612,3.78588438,-23.41608107,-4.457883776,5.342119932,-32.69217014,-6.333695964,4.756128788,-40.74101448,-7.576662914,4.413765669,-24.41408932,-8.046557621,17.83165336,-26.47415698,-11.92699657,16.75102711,-21.95340693,-12.81566532,12.77785301,-20.20514011,-12.92798431,5.271449685,-16.65324569,-8.889948444,20.02133131,-17.85241961,-12.0305358,17.56426096,-14.25650716,-11.22825281,13.01357746,-13.1198585,-10.66378565,6.640142202,-8.454221487,-9.791093932,20.38910985,-9.38090682,-12.00306924,17.78611541,-6.736987829,-9.957215057,13.65041733,-6.290465593,-8.681713657,8.387893438,-0.739169121,-10.8580208,19.51288581,-1.418763399,-11.96636842,17.33978987,0.156241655,-10.54094197,13.3228302,0.458043814,-9.610059724,0,0,0,5.683743954,-8.019322157,-7.585664397,9.548562765,-16.26213789,-13.65617619,15.57117105,-22.63093591,-18.61046658,23.23215604,-25.73105693,-23.63617674,-2.214455605,-13.70652914,-14.93541554,-8.867764473,-18.68674159,-20.86341635,-14.56006765,-21.5711534,-24.45000366,-20.3428477,-23.67590666,-26.89071999,-8.184415102,-9.553956985,-13.47278163,-16.71524644,-15.55103064,-18.69614378,-22.40110636,-20.11771798,-21.02876708,-27.8624177,-23.8779664,-22.86181555,-12.47111261,-6.26091361,-12.0941709,-20.18164098,-11.91056371,-16.16724089,-25.13297796,-16.07084274,-17.71332577,-30.00506759,-19.89453435,-18.7023531,-15.08928835,-3.644287586,-11.27970026,-21.33459151,-8.29847455,-13.93683956,-25.34888983,-11.4802897,-14.78244618,-28.93158197,-14.85741138,-15.43154076,HELP
0,0,0,0.449997187,-10.60470939,-2.034884274,3.400397301,-23.80997539,-4.341357156,4.490214586,-32.97680616,-6.338773623,3.362119198,-40.69796205,-7.731512889,3.583747149,-24.31803346,-8.250293836,16.71503186,-26.47768855,-12.10034411,15.76498151,-22.10789025,-12.95549418,11.78244948,-20.3976512,-13.09012617,4.378819466,-16.59067273,-9.233219132,18.82608533,-18.09509397,-12.4387532,16.72403216,-14.5019114,-11.68509643,12.11864948,-13.17662597,-11.19605894,5.748903751,-8.430945873,-10.22116165,19.3338573,-9.789544344,-12.48358633,16.97081923,-6.903988123,-10.36702986,12.72826195,-6.180930138,-9.089227721,7.543063164,-0.800603628,-11.35471459,18.48509908,-1.485008001,-12.60815258,16.53732061,0.188910961,-11.22652511,12.58103251,0.516933203,-10.35747673,0,0,0,6.070691347,-7.568174601,-7.621518526,10.09790897,-16.01984501,-13.44363019,16.23437405,-22.34762311,-18.14914868,23.67212772,-25.46001673,-22.90146277,-1.803648472,-13.78286481,-14.35377971,-8.107203245,-18.89566779,-19.95606497,-13.60764503,-21.76671028,-23.36810604,-19.15339828,-23.99376631,-25.72231219,-7.959109545,-10.05077362,-12.78157905,-16.0269767,-16.04605913,-17.77365879,-21.66669965,-20.66402435,-20.23575828,-27.14754939,-24.48567748,-22.20653668,-12.3349607,-6.944912672,-11.3062881,-19.60071921,-12.50649691,-15.12553767,-24.36762452,-16.63258672,-16.89018682,-29.10273671,-20.18370032,-18.07789579,-15.02508521,-4.349511862,-10.41603387,-20.97189426,-8.998692036,-13.00418452,-25.03026724,-11.75704598,-14.08432946,-28.94140482,-14.45068717,-14.91504088,HELP
0,0,0,-0.000354648,-10.33726931,-1.95027087,3.125804663,-23.70892167,-3.824948707,4.748234153,-32.95098245,-5.469199458,4.211506248,-40.93267322,-6.548884699,4.288229346,-24.16974902,-6.772242674,17.24657714,-26.18565857,-10.49649064,16.42698944,-21.92645669,-11.56501342,12.75899708,-20.20955682,-11.86332349,5.076178908,-16.75009727,-7.722725907,19.45504844,-17.7374959,-10.67148838,17.19861329,-14.11476135,-10.05837117,12.99277842,-12.88528442,-9.651976266,6.342110038,-8.748406172,-8.792644927,19.91495788,-9.568101168,-10.98251734,17.49196351,-6.783437729,-9.220925161,13.61728013,-6.277680397,-8.127103934,8.043029904,-1.17430687,-10.02417524,19.12797987,-1.450896263,-11.21021379,17.15227664,0.1060009,-10.03315542,13.48296106,0.22289753,-9.273225257,0,0,0,6.320220232,-7.33358264,-7.824747784,10.77657342,-15.29782414,-14.02832024,17.31092334,-21.34284377,-19.08863835,25.38660169,-24.28284883,-24.20406543,-1.49499774,-13.33348751,-15.00199638,-7.624012232,-18.4163928,-20.94983063,-13.05179894,-21.0079968,-24.64436494,-18.76016259,-22.79552221,-27.20344864,-7.767426968,-9.673631191,-13.43583219,-15.36571383,-15.51941633,-18.49560939,-20.90470791,-19.67431307,-21.03789203,-26.52710974,-23.09759259,-23.18276815,-12.38406599,-6.512135267,-11.97413556,-19.24189627,-11.93318963,-15.92338137,-23.9422977,-15.72740674,-17.88474075,-28.71621251,-18.93937588,-19.31763641,-15.30475616,-3.761833906,-11.09667249,-20.58345377,-8.139199018,-13.76468889,-24.20969009,-10.81673503,-14.96258281,-27.67512202,-13.48361969,-15.97946189,HELP
0,0,0,0.300240517,-10.28115153,-2.284948698,3.347027302,-23.19483459,-4.56886737,4.760694504,-32.20853508,-6.500141307,4.095447063,-40.07956386,-7.831580921,4.02738452,-23.40055406,-8.141759767,17.3422277,-25.68794191,-12.04258649,16.26932621,-21.34126127,-13.00129218,12.29548454,-19.67763305,-13.17431404,4.869687557,-15.658319,-8.982261255,19.5010066,-17.31616259,-12.16783969,17.19512343,-13.83935809,-11.43579332,12.62544394,-12.54577637,-10.91594471,6.198716164,-7.531970739,-9.877321853,19.82340813,-8.871406317,-12.08923159,17.33581424,-6.088066101,-9.993825092,13.264817,-5.357408524,-8.695603891,7.901674509,0.066530704,-10.95154582,18.79554987,-0.460124016,-12.11058496,16.83790088,1.131606102,-10.68922652,13.09084892,1.534700394,-9.771451338,0,0,0,6.0575068,-7.717293501,-8.052417443,10.23893952,-16.1824286,-14.3916821,16.71177745,-22.3574996,-19.50199361,24.64079261,-25.56173205,-24.67994149,-1.222896576,-13.11555505,-15.9106126,-7.795381546,-18.10682416,-22.11492862,-13.46070468,-21.10051513,-25.78117605,-19.161129,-23.45734239,-28.26078589,-7.544797659,-9.081339836,-14.23630621,-15.70187807,-15.40330052,-19.48372628,-21.13029659,-20.04966736,-21.80464621,-26.5529871,-23.9159584,-23.71681686,-12.27252483,-5.913239717,-12.66178544,-19.42340136,-11.75608039,-16.77403356,-24.04522896,-15.83309174,-18.48424579,-28.8110882,-19.54696178,-19.65702827,-15.37168026,-3.362190723,-11.6763262,-21.0205406,-8.210033178,-14.36316873,-24.55089688,-11.33979559,-15.37369843,-27.93522477,-14.63640332,-16.21709968,HELP
0,0,0,0.274842978,-10.18403172,-2.128748905,3.167724609,-23.19101989,-4.228876468,4.504412413,-32.29207397,-6.031114172,4.046595097,-40.15945494,-7.218605962,4.034501314,-23.57960343,-7.435750898,17.15651155,-25.80946386,-11.2471103,15.98255634,-21.72080576,-12.26935306,12.03819513,-20.11361122,-12.51115122,4.942947626,-16.05886817,-8.305222478,19.29087043,-17.36979485,-11.39170894,16.7560935,-14.0406549,-10.78358733,12.15336323,-12.83535361,-10.3515602,6.307959557,-8.148181438,-9.258417722,19.74716783,-9.141564369,-11.44873792,16.98127389,-6.475818157,-9.551791038,12.80405521,-5.918860435,-8.389146563,8.051753044,-0.671893358,-10.37855216,18.77154708,-0.779521465,-11.59048447,16.46729112,0.884491205,-10.32292538,12.51701713,1.154363155,-9.502950992,0,0,0,6.385695934,-7.57380724,-8.382281596,10.99798679,-15.73539376,-14.84520205,17.55293012,-22.12342024,-20.0580857,25.1277864,-25.37089586,-25.31423041,-1.562684774,-14.18157816,-15.70985087,-7.47140646,-18.58769059,-21.88960531,-12.93407381,-21.31341696,-25.75564154,-18.68063509,-23.6150682,-28.47812244,-7.904887199,-10.69868803,-13.95166286,-15.10901451,-16.03105068,-19.39954528,-20.48191726,-20.3232646,-22.2041569,-26.1958003,-24.13861752,-24.53683236,-12.53292263,-7.666498423,-12.32233414,-19.02393699,-12.74940372,-16.67674252,-23.61780703,-16.59122109,-18.77426275,-28.58453393,-20.15947104,-20.26245066,-15.33122957,-4.931497574,-11.30506688,-20.57827115,-9.245121479,-14.27881935,-24.19980168,-11.94949746,-15.59449204,-27.86543667,-14.83892798,-16.6814945,HELP
0,0,0,0.33646822,-10.29583216,-1.997877517,3.269070387,-23.12590182,-4.042283491,4.679918289,-32.01448917,-5.824958206,4.20678854,-39.8094207,-7.019271375,4.158812761,-23.38884175,-7.067990721,17.02097058,-25.55881143,-10.84701237,16.13789797,-21.22793794,-11.96983647,12.39131689,-19.54079866,-12.27815864,5.130690336,-15.93466401,-7.983316154,19.25473213,-17.20578671,-11.02033299,17.15370417,-13.65419626,-10.52141082,12.64433265,-12.37611175,-10.13349113,6.494182348,-8.010452986,-8.97708428,19.60451007,-8.97538662,-11.11569968,17.33518839,-6.196546555,-9.282570006,13.30406666,-5.638366938,-8.124100835,8.186095953,-0.551080704,-10.12259317,18.57818961,-0.622779131,-11.21808854,16.73560143,0.996774435,-9.898704709,13.09602261,1.124709845,-9.026775182,0,0,0,5.959391594,-7.550287247,-7.83736387,10.376513,-15.36407471,-13.99766037,16.98328257,-21.33635879,-19.05987838,24.92852211,-24.45495725,-24.19464567,-1.845574379,-13.89161944,-14.45564309,-7.851356268,-18.48499775,-20.68841288,-13.07938099,-21.01681232,-24.76181367,-18.47321987,-22.64602184,-27.49532589,-8.420038223,-10.30444503,-12.85603473,-15.51427841,-16.03925824,-17.89087185,-20.61027288,-19.87567544,-20.38981,-25.92425048,-23.00590873,-22.4783344,-13.25965524,-7.173550129,-11.47264519,-19.50909793,-12.19388247,-15.51410386,-23.79441857,-15.40393829,-17.31843928,-28.30354571,-18.37995648,-18.58605275,-16.38892889,-4.303228855,-10.6934225,-21.5167582,-8.442783356,-13.31740895,-24.65099096,-11.32010221,-14.32658711,-27.47238874,-14.48494792,-15.18582383,HELP
0,0,0,0.196513534,-10.21174788,-2.116708993,3.227725625,-23.16354513,-4.15567623,4.693236947,-32.28674531,-5.893798708,4.0458709,-40.00439048,-7.039509132,4.229262471,-23.17895293,-7.060670271,17.00056493,-25.10093451,-10.76947914,16.16012752,-21.1896807,-11.86882944,12.57296503,-19.61148381,-12.1943699,5.331161618,-15.72672725,-7.905336632,19.50247586,-16.85917974,-10.97816394,17.13615954,-13.69253397,-10.53059862,12.58406341,-12.45852113,-10.17302291,6.780216098,-7.854497433,-8.831504895,19.96219456,-8.496689796,-10.97880022,17.35090315,-6.113898754,-9.220326855,13.20694387,-5.607044697,-8.122287109,8.49160254,-0.451999903,-9.930403694,18.96653473,-0.14501214,-11.10413687,16.81890786,1.27004385,-9.912215336,13.02516758,1.413822174,-9.135345533,0,0,0,6.467288733,-6.477832794,-7.898540637,11.15732193,-14.08535838,-13.90709191,18.13128591,-20.01444101,-18.84106605,25.97002983,-23.35301638,-23.88498991,-0.395452976,-11.50206327,-14.61949407,-6.522089243,-16.05114937,-20.3800699,-11.96448207,-19.03753877,-23.9403969,-17.45963991,-21.60698175,-26.45091622,-6.678235531,-7.974386215,-13.01475524,-14.35852647,-13.83433342,-17.68878161,-19.49349344,-18.19851398,-20.01398115,-24.70443249,-22.01445103,-22.1033877,-11.26079559,-4.753023386,-11.57041698,-17.69025922,-9.819698334,-15.13921677,-21.86743021,-13.55912685,-16.76151513,-26.1844039,-17.33720303,-18.07162373,-14.22673762,-1.726490259,-10.76282918,-19.18658614,-5.711483955,-13.08313071,-22.37923145,-8.566325903,-14.01150583,-25.46023726,-11.82050705,-14.94506507,HELP
0,0,0,0.31992197,-10.06101966,-2.030689475,3.238192201,-22.81837761,-4.130959717,4.522284865,-31.80460632,-5.944038761,3.877553344,-39.40086365,-7.193098051,4.277816415,-22.66703248,-7.193765623,16.70753062,-24.89663959,-10.88954864,16.13464057,-21.29080594,-12.05077006,12.65039146,-19.55407262,-12.40847765,5.420711637,-15.21589756,-8.10298903,19.39162314,-16.78965092,-11.25638021,17.22410619,-13.74015808,-10.90881733,12.59540617,-12.30762601,-10.57248173,6.888917089,-7.402604818,-9.044397456,19.80151832,-8.722096682,-11.19639633,17.30233729,-6.255614758,-9.391473067,13.11199367,-5.49800396,-8.231291009,8.567324281,-0.038039684,-10.14944894,18.88976991,-0.403541327,-11.35633348,16.77134335,1.188600063,-10.05624889,12.94148266,1.587879658,-9.168788624,0,0,0,6.461822987,-7.145577669,-7.985959424,10.93152761,-15.53755999,-14.08174284,17.34377146,-21.59945965,-18.97409655,25.12645721,-24.43906665,-23.98854144,-0.357121229,-12.83290386,-15.32712079,-6.246894598,-17.462641,-21.06039174,-11.60641313,-20.56357265,-24.58350159,-17.06299484,-23.2005775,-27.07444824,-6.677639484,-8.994829655,-13.59555371,-14.04562593,-14.79532719,-18.42090286,-19.25356984,-19.60635185,-20.8022023,-24.59318936,-23.93741012,-22.89533712,-11.39304042,-5.781078339,-11.95710771,-17.91835427,-11.50529981,-15.77697195,-22.27861881,-15.89465141,-17.71091021,-26.75769925,-19.94802952,-19.1504205,-14.42731917,-3.008103371,-10.90644695,-19.64568496,-7.9213202,-13.51888723,-23.12985659,-11.0375762,-14.7344584,-26.40668154,-14.24111724,-15.79830296,HELP
0,0,0,0.452741981,-9.848624468,-1.783775361,3.483325243,-22.15823829,-3.855950208,4.906880856,-30.8547616,-5.710805403,4.416924715,-38.32019567,-7.02210796,4.69892621,-22.30947018,-6.975252749,17.26786494,-24.17423129,-10.69143695,16.29731655,-20.34445107,-11.8767215,12.70578504,-18.54363084,-12.22913918,5.894869566,-14.8655653,-8.003996135,19.98044848,-16.0051465,-11.05326173,17.47387052,-12.94668913,-10.64234805,12.77658939,-11.56822443,-10.2765007,7.356339693,-6.97222352,-9.068880053,20.43821216,-7.832890749,-11.12240014,17.6212728,-5.494993925,-9.287114264,13.35853934,-4.850780964,-8.131892802,8.999353647,0.516909361,-10.27584431,19.48153377,0.367420912,-11.4090873,17.18616486,1.810824871,-10.10349748,13.31940889,2.043014765,-9.231864484,0,0,0,5.793917179,-7.403564453,-7.338863593,10.22655964,-14.88751769,-13.06350378,16.71249866,-20.92016935,-17.77269838,24.25853014,-23.95995259,-22.58840649,-1.6084373,-12.9091084,-13.54874371,-7.231885195,-17.30866432,-19.00987474,-12.37260699,-20.30792832,-22.56312219,-17.5041914,-22.73485065,-25.06114839,-7.913166285,-9.453117847,-12.01521231,-14.94842172,-15.18934369,-16.65155886,-19.94084716,-19.70980763,-19.03449295,-24.89889264,-23.71407747,-21.07439188,-12.54218817,-6.455755234,-10.60803829,-18.78176332,-11.72119379,-14.23391549,-22.77371585,-15.60041904,-15.9230694,-26.63916349,-19.38196421,-17.17994956,-15.52590728,-3.550159931,-9.778784197,-20.71461082,-7.367473841,-12.20777256,-23.77140522,-10.29134393,-13.22840301,-26.25371218,-13.56160641,-14.11736308,HELP
0,0,0,0.469961762,-9.662848711,-1.789023479,3.65640223,-21.9932735,-3.939364975,5.173370242,-30.81216812,-5.882573997,4.682531953,-38.3328706,-7.268474375,5.437251925,-22.72399068,-6.84313712,18.17888916,-24.27493334,-10.62434477,16.7552501,-20.22019625,-11.90164698,12.70567477,-18.50921512,-12.29103667,6.598415971,-15.29200673,-7.866022115,20.42442858,-16.14050865,-10.71852533,17.75074303,-13.02265525,-10.2147044,12.90751994,-12.01823354,-9.843817477,7.916048169,-7.326865196,-8.957326536,20.79764903,-8.069378138,-10.95189837,17.93417633,-5.601394176,-9.023554002,13.61542642,-5.08877039,-7.823538904,9.372261167,0.336003304,-10.18324358,19.75735128,-0.172376633,-11.29010183,17.43434966,1.488506794,-9.851656233,13.46291006,1.796191931,-8.882959311,0,0,0,6.050646305,-7.590824366,-7.143547962,10.39264798,-16.1291182,-12.68043352,16.85472727,-22.60958552,-17.18832089,24.51053858,-25.77771544,-21.78871019,-0.967568159,-13.44799399,-13.54849024,-6.843066216,-18.19860339,-18.80752576,-12.09539175,-21.41054869,-22.03211618,-17.41043925,-24.23712015,-24.33058305,-7.348465919,-10.00583172,-12.0341344,-14.30203915,-16.06858969,-16.31518585,-19.25563812,-20.7310617,-18.34941639,-24.11854267,-24.81626272,-20.17341388,-12.33733296,-6.936120987,-10.64513383,-18.47724617,-12.74145842,-14.11871595,-22.52169847,-16.81886315,-15.80400152,-26.62377357,-20.70872784,-17.03631414,-15.83982706,-4.236364365,-9.787223319,-20.87957859,-8.919906616,-12.14025898,-23.99159968,-11.86917424,-13.14661784,-26.83098316,-15.14258981,-14.01336623,HELP
0,0,0,0.479656458,-9.733241796,-1.6256209,3.653496504,-22.24503756,-3.71593847,5.130147934,-31.16950989,-5.609468511,4.368668795,-38.53927851,-6.979591167,5.475223064,-22.40349054,-6.883650786,18.05468202,-24.67011809,-10.42199931,16.8432653,-20.61294317,-11.48999236,12.94444203,-18.75597239,-11.73181585,6.713342667,-14.96520638,-7.876061416,20.28502822,-16.3926363,-10.49953601,17.79248118,-13.20164204,-9.837150341,13.05192113,-12.0634973,-9.38644684,8.179324865,-7.138836384,-8.881163365,20.95039487,-8.550703526,-10.70093638,18.12013984,-5.912983418,-8.586186683,13.80447149,-5.089831352,-7.283220953,9.784716368,0.296092033,-9.998267657,19.97031569,-0.626587868,-10.9699396,17.57648587,1.280719042,-9.362646705,13.59755993,1.859873533,-8.287152416,0,0,0,5.967187881,-7.441294193,-7.015340304,10.18036604,-15.55378437,-12.33382774,16.34352207,-21.88795805,-16.67472822,23.51038456,-25.07020831,-21.10778642,-1.127302647,-12.39268184,-13.15635247,-6.729668379,-17.29110479,-18.37709797,-11.70408726,-20.31199336,-21.67431814,-16.92219377,-22.74038196,-23.98980213,-7.481628656,-8.791393042,-11.76664484,-14.35926557,-15.00712633,-16.05962766,-19.26132143,-19.63217258,-18.13538176,-24.2228359,-23.68320227,-19.99259395,-12.28330135,-5.6676507,-10.51087183,-18.07586551,-11.1946404,-13.85641349,-21.81292772,-15.24323225,-15.24134082,-25.61005652,-19.15557981,-16.30587978,-15.53909779,-2.705442905,-9.833107418,-20.39797902,-7.123947144,-12.02338812,-23.22899103,-10.31563878,-12.79824627,-25.59415102,-13.78924251,-13.52240396,HELP
0,0,0,0.711157918,-9.905141592,-1.670679371,3.830647469,-22.26634324,-3.879611115,5.128705502,-31.01740479,-5.881671901,4.351317883,-38.29929829,-7.35250629,5.859416723,-22.200495,-7.157183359,18.54459047,-24.153772,-10.75094558,17.22534299,-20.07399797,-11.85386322,13.24647069,-18.34970713,-12.12474845,7.0510149,-14.700526,-8.155430774,20.62370777,-16.04031324,-10.83460964,18.18323731,-12.85075545,-10.17692752,13.45267892,-11.64388657,-9.724645237,8.438384533,-6.843060255,-9.158682744,21.10186219,-8.072215319,-10.96573762,18.36121082,-5.478364229,-8.838158022,14.08249736,-4.640287161,-7.530979733,10.00031829,0.610142946,-10.28346262,20.1477766,-0.222313404,-11.23589865,17.89357662,1.573365927,-9.621623079,14.00582194,2.16113925,-8.545780848,0,0,0,6.119501591,-7.457447052,-6.744684052,10.69322228,-15.92159271,-11.96046449,17.02857018,-22.26763964,-16.24559737,24.4787991,-24.97283816,-20.68213053,-0.690710545,-13.09403777,-12.59020991,-6.343251467,-17.4947679,-17.4536062,-11.30622029,-20.52097917,-20.62046952,-16.25763774,-23.21701646,-22.89435543,-6.719595194,-9.152382612,-11.21361531,-13.67869973,-15.09748101,-15.07461048,-18.5657233,-19.71899867,-17.05200798,-23.3310312,-23.73549938,-18.88191528,-11.22052073,-5.713278055,-9.938545298,-17.25161672,-11.267519,-12.9080636,-21.15778327,-15.217942,-14.33087714,-24.93137717,-18.90057921,-15.46810545,-14.28831816,-2.633047104,-9.211509448,-19.164747,-7.110226154,-11.14715464,-22.20911384,-9.944963455,-11.86824865,-24.88561273,-12.95771599,-12.58177288,HELP
0,0,0,0.386866927,-9.687548876,-1.680266335,3.496012092,-22.45594561,-3.861559964,4.839619994,-31.43848777,-5.824048109,4.08885181,-38.84371817,-7.264239751,5.549392104,-22.80683815,-7.079741023,18.36598217,-24.41494763,-10.62756073,16.91860259,-20.42214572,-11.71764474,13.00739944,-18.80868077,-11.98169555,6.839856505,-15.30866623,-8.04117959,20.69908679,-16.75832868,-10.75096022,18.01681817,-13.53977323,-10.02709758,13.21265399,-12.16875911,-9.450076185,8.341607451,-7.567042112,-9.012436531,21.11767232,-8.847022057,-10.78541171,18.14033091,-6.289714575,-8.595880531,13.80959451,-5.353218317,-7.202858887,10.00463665,-0.244230032,-10.11235904,20.13007104,-1.019740105,-10.98433699,17.54640639,0.802874565,-9.330824427,13.55821788,1.381731033,-8.220930062,0,0,0,5.220425129,-8.164513111,-6.078187392,9.293860197,-15.62960148,-10.98500492,15.79343081,-21.36712074,-15.16313033,23.03013206,-23.85828495,-19.47403924,-2.830511332,-12.95690536,-11.19570287,-7.737153769,-16.43695831,-15.85952418,-12.08831072,-19.26286817,-19.05573981,-16.59533978,-21.97041512,-21.34954707,-8.723843098,-8.744043112,-10.14467852,-15.22346735,-14.04549479,-13.99844812,-19.54474449,-18.33927035,-15.97762929,-23.79612327,-22.58022428,-17.76917653,-12.95701861,-5.116689205,-9.232950226,-18.69297028,-9.587907791,-12.30609493,-22.18441963,-13.07812929,-13.57082652,-25.60470104,-16.94737077,-14.52536808,-15.61658382,-1.870262623,-8.84441884,-20.62799931,-5.664622784,-10.83115266,-23.47707152,-8.754044771,-11.49442719,-25.87750852,-12.36609221,-12.12899165,HELP
0,0,0,0.315606594,-9.932053089,-1.698980974,3.262799978,-22.66253531,-3.764574724,4.548490047,-31.75032139,-5.641930672,3.744375706,-39.12178874,-7.014046358,5.62940836,-22.87334502,-6.575797992,17.99781322,-24.9791503,-10.11794855,16.84803963,-20.74784338,-11.22937401,13.18179369,-18.98314357,-11.53884132,6.966340542,-15.61733484,-7.543758052,20.33572197,-17.23233461,-10.22771795,17.93131828,-13.72115612,-9.616407501,13.37687969,-12.46216297,-9.143162268,8.415061235,-7.912135124,-8.572035777,20.92645764,-8.997231722,-10.52664568,18.13592911,-6.361347437,-8.598143356,13.95534873,-5.695986748,-7.354973006,10.02759337,-0.471043587,-9.713048237,19.96304393,-0.938987732,-10.78797554,17.53230691,0.876957178,-9.352784353,13.6510849,1.250529289,-8.374622213,0,0,0,5.851197243,-7.131659985,-6.751374924,9.922730923,-15.99420905,-11.78742948,15.95378518,-22.44149446,-15.93725088,23.42963219,-25.60216784,-20.2600986,-0.058948994,-12.48140931,-12.33377236,-5.638194084,-17.5119698,-17.03497174,-10.25012732,-20.75338364,-19.94778963,-14.78106976,-23.81277084,-22.06007841,-6.07585907,-8.748745918,-11.09127479,-13.23696971,-14.83333707,-14.83984145,-18.0249095,-19.50199604,-16.79226311,-22.58197069,-23.54651093,-18.59880092,-10.60787439,-5.270475149,-10.01877266,-16.77439809,-10.96175909,-13.03301307,-20.89756131,-15.33759832,-14.70760854,-24.79362488,-19.19380426,-16.01120683,-13.82856369,-2.284020185,-9.483599687,-18.77163053,-7.009154558,-11.51726919,-22.04321623,-10.11018157,-12.45081725,-25.10592341,-13.20489049,-13.34916058,HELP
0,0,0,0.199764967,-9.902453423,-1.510785419,3.397899866,-22.85163999,-3.39319491,4.910737276,-31.88169599,-5.123694326,4.02084589,-39.2457813,-6.370757233,6.327539682,-23.43506813,-6.072637151,18.62153411,-25.27737319,-9.439158152,17.08936095,-21.03396952,-10.61478601,13.20611835,-19.46513057,-11.00473152,7.898360491,-16.15613699,-7.067487847,20.61433196,-17.56113172,-9.393585931,18.116045,-14.00137544,-8.772258918,13.71204853,-12.86774278,-8.3847423,9.451562166,-8.383762836,-8.123087596,21.12619281,-9.478765726,-9.752894651,18.31976771,-6.710731983,-7.793794285,14.17876482,-6.045204401,-6.620549868,10.99404693,-0.966089964,-9.288747321,20.30118704,-1.832073927,-10.11384995,17.74399281,0.153201818,-8.542088132,13.90323639,0.666427612,-7.504076223,0,0,0,6.079161167,-8.04810524,-5.641539148,10.68221331,-15.8747375,-10.2039968,17.07522273,-21.65520191,-14.11200067,24.59278107,-24.1104722,-18.14931681,-0.612592697,-13.74972463,-10.05218526,-5.788183212,-17.94036627,-14.34531113,-10.41833162,-20.683676,-17.27542927,-15.08399248,-23.02438617,-19.33639993,-6.978464127,-9.994536638,-9.057347229,-13.1496191,-15.64509869,-12.35315775,-17.53188968,-19.69102621,-14.08304324,-21.88732624,-23.41733575,-15.69352647,-11.74460649,-6.595832109,-8.216492585,-16.94562435,-11.13142967,-10.69918325,-20.25924921,-14.36331272,-11.8076918,-23.62668514,-17.65182018,-12.70265182,-14.93542194,-3.494113684,-7.876836261,-19.36145723,-7.058238983,-9.239487848,-21.92821503,-9.662407637,-9.579261145,-24.17579889,-12.55607009,-10.02883365,HELP
0,0,0,0.528717041,-9.949606657,-1.554220455,3.518354893,-22.72850573,-3.590576077,4.794675112,-32.04222918,-5.506865406,3.956222534,-39.60849047,-6.927107746,6.690835953,-22.99387455,-6.020294601,18.7412262,-25.29084682,-9.397362644,17.46461987,-20.92053294,-10.58665263,13.70988488,-19.25407648,-10.96720966,8.178168535,-15.83891511,-6.981167668,20.75399756,-17.76547432,-9.353764826,18.47903132,-14.01453018,-8.752327884,14.1210258,-12.73331046,-8.362696791,9.71095562,-8.334589005,-8.016113663,21.31964564,-9.905093908,-9.702914679,18.57996583,-7.014733553,-7.677371526,14.35018778,-6.163156033,-6.415184313,11.30715609,-1.158428192,-9.169720584,20.62638998,-2.387684584,-9.994854504,18.02806258,-0.390303135,-8.35652622,13.97497058,0.137090683,-7.254473591,0,0,0,6.167900562,-7.656824589,-5.90301635,10.7873857,-15.54022431,-10.60864175,17.57726073,-21.36469483,-14.61445237,25.49981475,-24.13954735,-18.78044302,0.005930662,-13.40357065,-10.92152143,-4.778134823,-17.69390106,-15.614967,-9.26206708,-20.16957402,-18.84701545,-14.1138494,-22.30716944,-21.14610816,-6.581270695,-9.76703763,-9.927269018,-12.63448596,-15.47296047,-13.57163633,-16.70568585,-19.35470104,-15.44294799,-20.88096142,-23.09152484,-17.19077075,-11.65354252,-6.457406282,-9.081952966,-16.6338563,-11.29902005,-11.86486403,-19.64101195,-14.60174918,-13.02747274,-22.74662852,-18.10208559,-13.9777183,-15.15752673,-3.253108263,-8.762249297,-19.41892505,-7.295423746,-10.39065862,-21.60599232,-10.08508205,-10.82302327,-23.37750196,-13.28427196,-11.35482336,HELP
0,0,0,0.472289324,-10.31865478,-1.426499123,3.590923548,-23.18693101,-3.365993379,5.120956898,-32.46667981,-5.247283234,4.306590557,-39.95015025,-6.649947791,6.857514381,-23.17424417,-5.608929946,18.74677539,-25.57545006,-8.946042387,17.6012218,-21.40012681,-10.20790401,13.98476958,-19.58388686,-10.6157406,8.485740423,-15.93933105,-6.622530399,21.08869553,-17.70860553,-9.041468679,18.78541112,-14.06207085,-8.581676959,14.33997154,-12.78508902,-8.224024503,10.05631089,-8.33991766,-7.706546663,21.72586322,-9.79321599,-9.431758402,19.08017397,-6.944864988,-7.493196307,14.84995484,-6.001543999,-6.207035361,11.56562567,-1.094013453,-8.898028611,21.1786747,-2.149063349,-9.682266294,18.88673902,-0.276190042,-8.023846774,14.96601105,0.284141302,-6.856612741,0,0,0,6.219345331,-8.314210176,-6.015296079,10.86743474,-16.94123745,-10.78817675,17.08726287,-22.98815846,-14.7231927,24.53376651,-25.41863918,-18.78143752,0.592947006,-13.679564,-12.12925369,-5.020290613,-18.81768703,-17.0417195,-9.872996807,-21.60866857,-20.20707781,-14.83160853,-24.10230637,-22.45608325,-6.121253967,-9.644085169,-11.06102372,-13.05565834,-15.99594355,-14.93336762,-17.50286222,-20.221138,-16.64476598,-21.77562714,-24.27459359,-18.28003282,-11.33002043,-6.21073842,-10.08219475,-17.08083153,-11.77007556,-13.04392869,-20.2698648,-15.79327583,-14.06591291,-23.27467203,-19.83736753,-14.92288316,-14.96762037,-3.192198277,-9.613303639,-19.88371611,-7.931041718,-11.5345938,-22.3252058,-11.40273213,-12.07284535,-24.1478771,-15.25157094,-12.65904064,HELP
0,0,0,0.484919548,-10.38173437,-1.386779753,3.369623423,-23.31234813,-3.413069361,4.70058918,-32.5378716,-5.396226534,4.248821735,-40.18450379,-6.885919088,6.576389074,-23.27413857,-5.732088276,18.72178316,-25.60418248,-9.127142393,17.52364635,-21.82118893,-10.40583413,13.76926303,-20.13584375,-10.79240378,8.093744516,-15.90460539,-6.791191661,21.10149264,-17.97742844,-9.318614119,18.76458526,-14.5804584,-8.870713526,14.12584782,-13.07132244,-8.481894546,9.729552269,-8.284020424,-7.90222671,21.79746628,-10.36813855,-9.561435246,18.98033619,-7.487177849,-7.454025858,14.47981,-6.157779694,-6.051762143,11.40043736,-1.061338186,-9.131122493,20.88366151,-2.694380283,-9.801259005,18.37309599,-0.947594643,-8.027902359,14.29260969,-0.236952305,-6.790128463,0,0,0,5.431574583,-9.208959341,-5.188428769,8.913117647,-18.21776032,-9.450992728,15.12398124,-23.75922203,-13.09911587,23.06627631,-25.46927929,-16.9294534,-0.402671099,-12.93590665,-10.58712506,-6.830114126,-18.64737272,-14.98215773,-11.88517213,-22.01877236,-17.91820058,-16.6808188,-24.91230369,-19.99843993,-6.781321764,-8.075499535,-9.827698553,-14.21772838,-15.09509087,-13.30384889,-19.1008389,-19.98850107,-14.94671681,-23.44357967,-24.36298132,-16.51519665,-11.76056862,-4.330420494,-9.151433195,-18.03147197,-10.96564531,-11.64156326,-21.85326219,-15.68347216,-12.57282772,-25.08720756,-20.10244727,-13.34649154,-15.26111364,-1.472783089,-8.952639038,-20.5463469,-7.449650764,-10.26646921,-23.52272868,-11.59585714,-10.5326561,-25.70670843,-15.707618,-10.97565272,HELP
0,0,0,0.437515974,-10.61272621,-1.15861314,3.566402197,-23.74394834,-2.943554415,5.183368921,-33.18391442,-4.744313738,4.685437679,-40.80624282,-6.069428182,7.113337517,-24.04418886,-4.895487136,19.08459663,-25.93550682,-8.135568431,17.61909127,-22.18524218,-9.409838996,13.8887167,-20.63378096,-9.848098538,8.630990982,-16.885221,-6.054267741,21.35540247,-18.63119602,-8.324374339,18.89028549,-15.2878046,-7.864369533,14.51259851,-13.97446394,-7.517864636,10.2045536,-9.349292517,-7.295502058,21.98530436,-11.03014946,-8.830575726,19.16586757,-8.176141977,-6.824929348,14.9300456,-7.076817751,-5.529432079,11.77578568,-1.969277859,-8.642721257,21.35670185,-3.484869003,-9.180659882,18.78966689,-1.539337635,-7.396423897,14.82770443,-0.833535194,-6.18502096,0,0,0,5.857777596,-7.900834084,-5.881248041,10.20875573,-16.64696336,-10.52805297,16.67215824,-22.36577868,-14.38817344,24.01322722,-25.32044649,-18.45451556,1.132273674,-13.21594715,-12.13725321,-3.93550992,-18.3960855,-17.01439284,-8.816933632,-21.79902196,-20.02264671,-13.77011538,-24.99147654,-22.17365913,-5.415809155,-8.920520544,-11.1717809,-11.83071136,-15.05331397,-15.231077,-16.45461917,-19.96259093,-17.24391244,-20.88694572,-24.81827736,-19.10999827,-10.65701246,-5.295956135,-10.27662642,-16.38483405,-11.07194424,-13.62742893,-20.18440366,-15.80453515,-15.33495001,-23.70551229,-20.57013512,-16.63566641,-14.46136236,-2.286922932,-9.817970915,-19.30128336,-7.13339448,-12.16417216,-21.99623585,-10.49846411,-13.25162314,-24.31952655,-14.49395418,-14.23833035,HELP
0,0,0,0.789809227,-10.65607071,-1.214655556,3.953552246,-23.78132343,-3.060544722,5.559390783,-33.34056437,-4.928346232,5.033141375,-41.05321467,-6.320857138,7.594430447,-23.62210155,-5.044853569,19.5530057,-25.7766515,-8.418242515,18.08426976,-22.03387618,-9.782664359,14.31261897,-20.33922672,-10.26086646,9.060049057,-16.47136211,-6.193516285,22.01097608,-17.93882847,-8.638160557,19.42737103,-14.65756297,-8.285958201,14.878124,-13.43671679,-7.995416105,10.62343121,-8.954304457,-7.423363507,22.63122201,-10.1356864,-9.076379121,19.62215304,-7.511150837,-7.180241377,15.21989107,-6.63279891,-5.941162885,12.21143007,-1.667326689,-8.759251863,21.81611657,-2.591943741,-9.391961128,19.16770935,-0.92689991,-7.725960643,15.12730718,-0.540405512,-6.58132124,0,0,0,5.842775106,-8.578121662,-4.79289281,10.02839804,-17.04335809,-8.673385408,16.02314115,-22.5035131,-12.03793349,22.71363735,-24.64795113,-15.56968155,0.400054455,-13.6960268,-9.500116732,-4.430174828,-18.6032474,-13.81585809,-9.126865864,-21.16014361,-16.67589458,-13.83661628,-23.47250581,-18.68960175,-6.255918741,-9.771710634,-9.024619188,-12.74721026,-16.06770158,-12.69245657,-17.48987436,-20.41313052,-14.6071321,-21.97427154,-24.7094214,-16.33611384,-11.3088131,-6.302565336,-8.650834735,-16.85743332,-11.83080077,-11.53968262,-20.73863745,-15.79065323,-12.73474159,-24.54217374,-20.11698484,-13.6755428,-14.67081308,-3.045320511,-8.694054063,-19.41652894,-7.423746586,-10.3890917,-22.28354812,-10.40805578,-10.77247697,-24.83895421,-13.82715106,-11.27251598,HELP
0,0,0,0.430905819,-10.59547067,-1.198096588,3.44543457,-23.83476794,-3.15780697,5.005764961,-33.16531777,-5.109508536,4.443258047,-40.83491266,-6.576719708,6.806993484,-23.90617728,-5.572894789,19.14210916,-26.02730393,-8.964749999,17.61428714,-22.27059007,-10.20802317,13.70165944,-20.6112504,-10.54115725,8.314311504,-16.53344035,-6.709211148,21.57322168,-18.53399277,-9.129139609,19.0497756,-15.06592631,-8.558841623,14.34960961,-13.54714036,-8.085577018,9.957391024,-8.939707279,-7.886864073,22.31140137,-10.84145904,-9.450860895,19.41010952,-7.89629817,-7.244393803,14.8878932,-6.575703621,-5.775299496,11.64939404,-1.677823067,-9.168322957,21.61890864,-3.395229578,-9.667233951,19.08430457,-1.451790333,-7.74631334,14.95832205,-0.660586357,-6.424269653,0,0,0,6.102079153,-8.492791653,-4.96804944,10.67339182,-16.67042971,-8.964652259,17.01644063,-22.20568657,-12.42799579,23.47816229,-25.32560229,-16.03516607,1.009511948,-14.03554678,-9.502907533,-3.494256735,-18.28090549,-13.77432464,-7.899951935,-21.03318572,-16.68454378,-12.60566115,-23.78239632,-18.76094012,-5.425101519,-9.683293104,-8.917663682,-11.22310162,-15.29430151,-12.45229809,-15.7258749,-19.7159946,-14.52543854,-20.15751004,-24.35699701,-16.45135104,-10.51594019,-6.148296595,-8.451966632,-15.69919586,-11.31101847,-11.35513677,-19.27366257,-15.49062729,-12.80941187,-22.82724977,-19.98454928,-13.9505115,-14.13724422,-3.04954648,-8.398803759,-18.70632768,-7.301950455,-10.24661629,-21.22872472,-10.53162217,-10.86926876,-23.41077328,-14.3404901,-11.52822046,HELP
0,0,0,0.286626816,-10.54256558,-1.453664669,3.282022476,-23.71921241,-3.55336848,4.852050543,-33.35976601,-5.595498861,4.238951206,-41.23283923,-7.141639249,6.893676519,-23.81213009,-5.929791884,19.1843152,-25.77784657,-9.376332865,17.75894165,-21.87299728,-10.64456548,13.87336254,-20.25696635,-11.04022707,8.393746614,-16.39264822,-7.01339613,21.65782452,-18.11423302,-9.523113028,19.14251447,-14.60323334,-9.049273239,14.40188289,-13.22535872,-8.677454249,9.976691008,-8.575516939,-8.133911298,22.32966423,-10.11618376,-9.834860967,19.56641674,-7.237607241,-7.780948983,15.14405012,-6.120783091,-6.433217184,11.56047583,-1.045179367,-9.368041114,21.74485326,-2.313971519,-10.06479706,19.54723597,-0.526595116,-8.325028376,15.6352818,0.138789415,-7.119765834,0,0,0,5.94047904,-8.403331041,-5.222196393,10.41703224,-16.44423604,-9.464879222,16.31160378,-21.95469737,-13.02807245,22.48318791,-24.56619143,-16.77911345,1.096624136,-12.55005002,-10.85232709,-3.803706169,-17.49390364,-15.50757501,-8.392477036,-20.43700218,-18.70674405,-13.22411299,-23.41848612,-21.0564262,-5.645787716,-8.212834597,-10.13578761,-11.70340776,-14.50576782,-13.87682024,-16.28578305,-18.93433928,-15.99276427,-20.80258131,-23.58547449,-18.06884769,-10.83542109,-4.720854759,-9.490146376,-16.11018777,-10.31675935,-12.47539807,-19.95911598,-14.67223763,-13.88522599,-23.68488312,-19.39206123,-15.1813126,-14.34665918,-1.602196693,-9.266862906,-18.82098913,-5.842727423,-11.31375719,-21.55880332,-8.998727798,-12.06941295,-23.88779521,-12.8526032,-12.94337723,HELP
0,0,0,0.222676992,-10.66691279,-1.403631553,3.12770009,-23.90064001,-3.452541776,4.649120569,-33.50445628,-5.436332248,4.136323929,-41.30761027,-6.915059783,6.637614965,-24.5350033,-5.881472029,18.84837151,-26.65529251,-9.174515404,17.32990146,-22.55852222,-10.31644503,13.44795823,-20.98581791,-10.67679981,8.256471157,-17.06286073,-6.976185091,21.33454084,-18.56114864,-9.299543597,18.65282059,-15.07803202,-8.72730995,13.8921082,-14.00790215,-8.366504408,9.88496542,-9.119653702,-8.101733871,22.19795585,-10.56104898,-9.763208874,19.17427778,-7.583940029,-7.679625697,14.63991404,-6.580120325,-6.365993716,11.48472428,-1.383054256,-9.327351399,21.55463099,-2.651911974,-10.13043234,19.03407574,-0.715827942,-8.41818089,14.9230361,-0.096178055,-7.24181617,0,0,0,5.672162771,-8.174407482,-5.178717948,9.806066751,-16.68483019,-9.239781699,15.97010493,-22.10608721,-12.62945389,22.82985449,-25.26223063,-16.17154037,1.170963049,-11.38486266,-10.70755576,-3.750389814,-16.90648794,-15.05932664,-8.162564039,-20.1353848,-17.89422934,-12.73992658,-23.16591144,-19.94412398,-5.492895842,-7.112044096,-9.882099233,-11.78287268,-13.70007396,-13.30728685,-16.09781384,-18.5482204,-15.12719547,-20.13335228,-23.26453924,-16.95242678,-10.71977615,-3.931677341,-9.114266983,-16.21085405,-9.91538763,-11.77296644,-19.79348063,-14.69889879,-13.11654901,-23.01695943,-19.36186552,-14.30389439,-14.43600059,-1.269710064,-8.771034381,-19.2317903,-6.107103825,-10.48019235,-21.87524438,-9.740316868,-11.16257688,-23.8837719,-13.78282905,-11.95880701,HELP
0,0,0,0.212979317,-10.69955826,-1.378348751,2.995413542,-23.93743694,-3.45372297,4.423046112,-33.42422843,-5.456087367,4.032284021,-41.22669399,-6.958298387,6.688886881,-24.24328625,-5.920238422,18.97130013,-26.41129196,-9.313213082,17.72795916,-22.33994007,-10.59242636,13.88719082,-20.43681145,-10.99869684,8.362424374,-16.75325632,-7.02154264,21.5116322,-18.45372319,-9.346220644,19.06123757,-15.0346756,-8.788586409,14.31072354,-13.61649036,-8.430746944,10.02036929,-8.821082115,-8.156093211,22.04640508,-10.52959561,-9.690125288,19.24274564,-7.702559233,-7.572857292,14.82004523,-6.550693512,-6.262799354,11.65487766,-1.158714294,-9.397856893,21.38645649,-2.86090374,-10.00174955,18.86105537,-1.075196266,-8.160141112,14.75304365,-0.309330225,-6.919792296,0,0,0,5.652981997,-6.993532181,-5.26840022,9.47521925,-14.69781399,-9.421876131,15.01137614,-20.16053796,-12.9310832,21.06796503,-23.69503379,-16.59160113,0.581115484,-10.94386578,-10.70935657,-4.258000851,-16.07673168,-15.22635972,-8.671015501,-19.20145154,-18.15686083,-13.25330138,-22.04251885,-20.24457311,-5.854773521,-6.783461571,-9.928962646,-12.18137741,-12.89514899,-13.55429894,-16.6236341,-17.2237277,-15.37613874,-20.68531513,-21.46071792,-17.11410737,-11.00185513,-3.397226334,-9.233950136,-16.49641395,-8.752208948,-12.07128918,-20.22225261,-13.0279243,-13.2842288,-23.62506986,-17.40801334,-14.3115223,-14.7328496,-0.26345849,-8.970002143,-19.60318089,-4.534041882,-10.82128367,-22.34860063,-7.689964771,-11.41180551,-24.48672652,-11.47030592,-12.07187331,HELP
0,0,0,0.016027689,-10.88140607,-1.300598143,2.457290888,-24.14000034,-3.397428917,3.652882576,-33.56476724,-5.463217126,3.150010109,-41.33716524,-7.014547588,6.068855524,-24.45240021,-5.805980341,18.3172226,-26.82572007,-9.170743378,16.92794561,-22.84410894,-10.36149368,13.13480139,-20.90256214,-10.69722876,7.673734426,-16.941607,-6.937911661,20.88587284,-18.99459958,-9.316344114,18.35693121,-15.47297835,-8.745800259,13.66357207,-13.93850446,-8.344571592,9.357613325,-9.100502729,-8.101821991,21.66362405,-11.04664803,-9.717590662,18.77190471,-8.134806156,-7.593865992,14.26650882,-6.886839867,-6.239599662,11.09422445,-1.553171873,-9.364377262,21.16386294,-3.38280201,-10.05022034,18.57528687,-1.539361477,-8.240457924,14.30159807,-0.752294064,-7.002017202,0,0,0,5.936026573,-6.911867857,-5.359067311,10.28882265,-15.52278996,-9.368474324,15.75207114,-21.12455964,-12.67883061,21.18148804,-25.20820498,-16.09138577,1.666867733,-12.20740676,-10.6680791,-2.442198992,-17.2396183,-15.05868911,-6.258028746,-20.36731839,-17.80502676,-10.3261888,-23.26292992,-19.73579406,-4.885810614,-8.213454485,-9.757647206,-10.33850908,-14.22508955,-13.3448246,-14.44613934,-18.92191768,-15.15500276,-18.43144298,-23.52854013,-16.86825781,-10.12017727,-4.946923256,-8.958527734,-14.80188966,-10.64571738,-11.89556523,-18.13594103,-15.51360488,-13.30494015,-21.25953436,-20.128268,-14.4297856,-13.94857168,-2.023249865,-8.582968553,-18.27528477,-6.710529327,-10.68710341,-20.73637843,-10.29711366,-11.59817829,-22.77043462,-14.31294084,-12.44445025,HELP
0,0,0,0.257581472,-10.63300371,-1.622048104,2.867281437,-23.66269231,-3.72278885,4.086339474,-33.10773373,-5.728024701,3.583866358,-40.89337885,-7.198049585,6.954032183,-23.86793196,-5.808193321,19.19737458,-26.02792084,-9.280068884,17.48121381,-22.19771147,-10.57254792,13.45360279,-20.44924498,-10.99787326,8.575230837,-16.35376215,-6.814044426,21.4779675,-18.13518405,-9.229381839,18.66380572,-14.94728327,-8.720831285,13.9061451,-13.64251971,-8.385503004,10.09171605,-8.448326588,-7.916152189,21.96259499,-10.11090875,-9.659520248,18.86162162,-7.482641935,-7.693391005,14.40927982,-6.510710716,-6.449862281,11.60378456,-0.82449913,-9.142366508,21.25819325,-2.38622427,-10.02793656,18.43467951,-0.633716583,-8.390555242,14.15567994,-0.011461973,-7.259510169,0,0,0,5.306613445,-8.063286543,-4.344183666,9.031534195,-16.43927097,-7.781754149,14.43320513,-21.7572391,-10.82659708,20.69635987,-24.49564338,-14.06587706,0.853550434,-12.12589145,-8.730562491,-3.54872942,-17.61645675,-12.76348428,-7.733267546,-20.75855136,-15.44382469,-12.16678619,-23.6243546,-17.37901018,-5.598849058,-7.956415415,-8.403358323,-11.54232025,-14.52134252,-11.85594545,-15.78896046,-19.07029748,-13.60294418,-19.82605457,-23.56854677,-15.20660864,-10.62579155,-4.419463873,-8.189427567,-15.98091125,-9.871178865,-10.85675032,-19.55181956,-14.10198808,-11.83410333,-22.8512466,-18.48515868,-12.64206813,-14.15899992,-1.163566113,-8.380051417,-18.97380352,-5.691224337,-9.908779425,-21.76141739,-8.936309814,-10.21475093,-23.88396263,-12.53100634,-10.68525956,HELP
0,0,0,0.192242861,-10.96886992,-1.375663428,2.638566494,-24.09870028,-3.575978296,3.749608994,-33.40514004,-5.691033843,3.380161524,-41.00837111,-7.302055376,6.316065788,-23.62762094,-6.422430145,18.63545179,-26.18549466,-9.841466563,17.94499159,-22.12977409,-10.97136723,14.37018514,-20.02416849,-11.22262986,8.012211323,-15.83604217,-7.532805073,21.38316035,-18.09414029,-10.07359536,19.2617178,-14.51532245,-9.480016547,14.48238492,-12.91815639,-9.014709907,9.734499454,-7.731389999,-8.632102477,22.27842212,-9.858471155,-10.40050821,19.6285665,-6.954449415,-8.256325739,15.02908468,-5.623477697,-6.825290489,11.43820882,-0.012516975,-9.820277112,21.52493596,-1.847994328,-10.71632789,19.20834184,-0.139003992,-8.961824196,14.99323249,0.716203451,-7.700513172,0,0,0,5.246239901,-7.534980774,-4.780456508,9.07600522,-14.96170163,-8.767344141,14.25711513,-20.37414312,-12.17976146,19.41280961,-23.75391722,-15.77439242,1.635551453,-10.67562103,-10.6988416,-2.781784534,-15.52414298,-15.36860996,-7.073616982,-18.71216893,-18.43238407,-11.6646409,-21.78198695,-20.60642176,-4.549968243,-6.156736612,-10.22596889,-10.78264713,-12.53437996,-14.17943769,-15.21219611,-17.46276617,-16.20656782,-19.4634378,-22.29355574,-18.09148871,-9.627848864,-2.636927366,-9.794447655,-15.08003473,-8.148229122,-12.96697044,-18.95958185,-12.7553463,-14.3198111,-22.55812883,-17.51922369,-15.42130345,-13.40737939,0.338047743,-9.737255508,-18.13912392,-4.198431969,-11.82591476,-20.96665502,-7.552599907,-12.55603516,-23.23147058,-11.53207421,-13.32567864,HELP
0,0,0,0.444287062,-11.44929528,-1.392172471,2.747285366,-24.69366491,-3.602071208,3.901875019,-34.31153893,-5.787617814,3.518170118,-42.20316708,-7.430766624,6.571477652,-24.7741729,-5.812523243,18.93484592,-27.0426929,-9.301481497,17.72791743,-23.05352092,-10.54510484,13.850528,-21.25075459,-10.91093133,8.261996508,-17.08313227,-6.958565962,21.37330174,-19.15700436,-9.57222442,18.98882389,-15.54147601,-9.155532819,14.0902698,-13.95897269,-8.826707405,10.06745696,-9.033679962,-8.155574751,22.42336273,-10.92261076,-10.02102802,19.48631406,-7.970607281,-8.046891641,14.55857158,-6.703186035,-6.73839758,11.94570065,-1.242142916,-9.459216249,21.61304951,-2.86206007,-10.45995141,18.82247329,-1.115435362,-8.880031955,14.19070959,-0.473499298,-7.742252302,0,0,0,5.556797981,-7.551109791,-4.816566105,9.397041798,-15.92945457,-8.580213482,14.81964588,-21.48460746,-11.73771068,20.33682466,-24.69063997,-15.03885358,1.648002863,-12.15326786,-10.27574434,-2.213603258,-17.32756495,-14.91520971,-6.533288956,-20.36598921,-17.98906296,-11.28223538,-23.21255207,-20.17662048,-4.733353853,-7.776290178,-9.734936501,-10.92175245,-14.53441381,-13.69679689,-15.15100002,-19.25401688,-15.8374083,-19.2311883,-23.95967245,-17.7459222,-9.941017628,-4.273444414,-9.251837874,-15.22245407,-10.0171268,-12.4015969,-18.81651878,-14.59283829,-13.88226419,-22.19898701,-19.18187737,-15.00745683,-13.78307343,-1.220202446,-9.15290683,-18.32799911,-5.9491992,-11.18816331,-20.9530592,-9.321844578,-11.98037385,-23.18432331,-13.20596337,-12.75925904,HELP
0,0,0,0.198608637,-11.24739051,-1.524859262,2.561193705,-24.58904982,-3.767357362,3.778165579,-34.33131576,-5.965468628,3.427445889,-42.37463772,-7.619408486,6.544548273,-25.06687045,-5.904020709,19.03452873,-27.15743184,-9.449163792,17.63899326,-23.05006385,-10.7734136,13.6493206,-21.22163773,-11.20239567,8.080518246,-17.32212901,-6.999704209,21.43989801,-19.1565156,-9.555537966,18.92576814,-15.49648046,-9.112703023,14.06368017,-14.03802633,-8.80744007,9.806609154,-9.191673994,-8.166802642,22.46528268,-10.88171005,-10.00978571,19.46562529,-7.963013649,-8.017569748,14.6065712,-6.867039204,-6.729361382,11.6586864,-1.326197386,-9.451863137,21.74136043,-2.867794037,-10.43081057,18.8659668,-1.06716156,-8.815912125,14.13931847,-0.504046679,-7.676000116,0,0,0,5.23109436,-7.340562344,-4.953823453,8.820801973,-14.98658061,-8.824108756,14.04137015,-20.06801963,-12.16334946,19.61592436,-23.15578461,-15.69033361,0.802069902,-11.29761934,-10.01544318,-2.904528379,-16.2961185,-14.62473369,-6.963902712,-18.97586584,-17.74838216,-11.51165366,-21.36419415,-19.98457707,-5.588680506,-7.386690378,-9.531983948,-11.06004715,-13.31633329,-13.39115894,-15.22336006,-17.67088175,-15.51565773,-19.28765774,-21.97646499,-17.5145591,-10.54121852,-3.960466385,-9.191312111,-15.46468139,-8.81716013,-12.25714556,-19.00362968,-13.0096972,-13.69791574,-22.32732773,-17.36424565,-14.95629198,-13.88466358,-0.594902039,-9.280132717,-18.26142669,-4.403173923,-11.3282638,-20.96429467,-7.570165396,-12.18765996,-23.11848402,-11.32951975,-13.14666516,HELP
0,0,0,0.274670124,-10.89112759,-1.468755295,2.609479427,-23.91773164,-3.621619558,3.806239367,-33.44811797,-5.742483949,3.448951244,-41.31071568,-7.32267945,6.881082058,-24.1658479,-5.743999397,19.01697516,-26.73527002,-9.285473069,17.50775576,-22.61333466,-10.64928695,13.56272697,-20.82874775,-11.12077384,8.694440126,-16.62986875,-6.877333661,21.55669332,-18.43469739,-9.349188944,18.94621849,-14.95789886,-8.875024309,14.14013505,-13.66907358,-8.59573259,10.47017574,-8.798736334,-8.106140783,22.33310938,-10.22577882,-9.865145376,19.32215095,-7.34936595,-7.832296183,14.65783119,-6.328439713,-6.573462477,12.28473186,-1.214200258,-9.464510521,21.94122076,-2.515721321,-10.32860651,19.1390574,-0.558054447,-8.643113067,14.69585896,0.02502203,-7.49951302,0,0,0,4.93658185,-7.272082567,-5.249466975,8.269274235,-14.64157104,-9.395642062,12.67083883,-20.39971352,-12.88786777,17.14754105,-24.51844215,-16.46613576,0.561845303,-11.4649713,-10.78878664,-3.922778368,-16.23090506,-15.69764115,-8.128505945,-19.53399181,-18.93599876,-12.54166961,-22.70800471,-21.21043601,-5.55305481,-6.964081526,-10.14460274,-11.67275906,-13.26450706,-14.27135714,-16.00863338,-18.17114949,-16.48623743,-19.95427012,-23.00283313,-18.47917088,-10.50515771,-3.422290087,-9.626315017,-15.86940885,-8.993071318,-13.0145932,-19.71145272,-13.74712586,-14.56557759,-22.97832966,-18.44453216,-15.77667095,-14.18287754,-0.400322676,-9.528801818,-18.90763044,-5.154567957,-11.96377226,-21.69988155,-8.822315931,-13.04003247,-23.90674353,-13.10152411,-14.01104875,HELP
0,0,0,0.313425064,-11.35327816,-1.119325471,2.702999115,-24.67566431,-3.260810555,3.875946999,-34.27965045,-5.420680971,3.578060865,-42.11724699,-7.049943388,6.685692072,-25.1291126,-5.727515996,19.14409399,-27.50865221,-9.215056033,17.59511232,-23.3135581,-10.4920319,13.5325253,-21.57360315,-10.88878202,8.294785023,-17.54394174,-7.014086724,21.42984867,-19.44267154,-9.470051408,18.85539889,-15.68592787,-8.947364122,14.02152181,-14.24429417,-8.606371165,10.05100608,-9.545564651,-8.328262598,22.35283852,-11.25152707,-10.01160356,19.33521628,-8.094888926,-7.82069254,14.55103755,-6.891191006,-6.443481774,11.89469695,-1.764386892,-9.734517962,21.75610065,-3.506225348,-10.50599504,18.84760857,-1.42160058,-8.637957901,14.25417662,-0.685071945,-7.35667336,0,0,0,5.391377211,-7.049536705,-4.925637757,9.246313572,-15.29445648,-8.72849605,15.00920057,-20.45544386,-11.92237145,21.34523988,-23.68967533,-15.25840766,1.839137077,-10.86724401,-10.14274291,-1.748466492,-16.08653069,-14.63001079,-5.81869483,-19.24328208,-17.56527281,-10.26540399,-21.98294401,-19.67604018,-4.368883371,-6.639838219,-9.547125613,-10.18034816,-13.03323507,-13.32749284,-14.31449652,-17.74762273,-15.45175022,-18.22196245,-22.34897614,-17.42204583,-9.453517199,-3.324103355,-9.051682865,-14.51007724,-8.907812834,-12.08707101,-18.07974577,-13.59496713,-13.86805928,-21.25366926,-17.99964309,-15.26806212,-13.29883933,-0.518995523,-8.943781321,-17.58848429,-4.962366819,-10.99550209,-20.26287317,-8.220797777,-12.14132166,-22.57797718,-12.02204823,-13.26149411,HELP
0,0,0,0.277626514,-11.17341518,-1.412358792,2.960896492,-24.48844016,-3.455157304,4.271036386,-33.94885063,-5.4407985,3.832912445,-41.80516303,-6.944548064,6.785386801,-24.55194592,-5.797916749,19.05612946,-26.60183907,-9.225636446,18.04584265,-22.75488973,-10.5266695,14.29030895,-20.91631293,-10.92743772,8.498114347,-16.903162,-6.89143362,21.65331841,-18.63397956,-9.317333722,19.40197945,-15.24839401,-8.86296677,14.62070942,-13.72778416,-8.548173034,10.18184423,-8.951610327,-8.040623837,22.30606079,-10.36128402,-9.690087759,19.592309,-7.627373934,-7.743797922,15.02448916,-6.481486559,-6.512558931,11.84192896,-1.373910904,-9.300778532,21.62057757,-2.69305706,-10.02959358,19.04808283,-0.885939598,-8.350454741,14.73706365,-0.205129385,-7.202864909,0,0,0,5.35094738,-7.366997004,-4.859288711,8.975803852,-15.63311219,-8.521676365,13.94767165,-21.36907578,-11.60840795,19.16955113,-24.74711537,-14.82462988,0.937706232,-11.7315352,-9.748700562,-3.219413757,-16.93043113,-13.99074599,-7.448834181,-20.12218833,-16.64391116,-11.8452251,-23.24373126,-18.5577403,-5.213809013,-7.84676075,-9.186281565,-11.12003326,-14.06693459,-12.96315447,-15.2356267,-18.73002052,-14.78991315,-19.03444529,-23.41185212,-16.43102274,-10.15716791,-4.640948772,-8.741637621,-15.34356475,-9.864979982,-11.77631796,-18.86596084,-14.3804431,-13.01423565,-22.05625772,-19.02990937,-13.97471235,-13.70831728,-1.661890745,-8.712823245,-18.28609705,-5.818778276,-10.66292256,-20.93958259,-9.083282948,-11.35904745,-22.98780084,-12.91806698,-12.08032251,HELP
0,0,0,0.234878063,-10.84785461,-1.421503561,2.785146236,-23.91923964,-3.606755869,4.064410925,-33.28448534,-5.736071082,3.691321611,-41.05961919,-7.341671573,6.784403324,-23.88851941,-6.194760116,19.20310259,-26.06833577,-9.719796317,17.56504774,-22.245574,-10.99119841,13.50366473,-20.65841556,-11.37686058,8.306103945,-16.1821723,-7.302044915,21.55745029,-18.06095839,-9.742703872,18.90611649,-14.63490725,-9.127172666,14.08208609,-13.26541305,-8.746054606,9.959876537,-8.218330145,-8.455605643,22.44718671,-9.950846434,-10.14309137,19.44482923,-7.063347101,-7.946431475,14.71012235,-5.878520012,-6.577902125,11.67786717,-0.569403172,-9.727165686,21.85131907,-2.042794228,-10.52397399,19.06371713,-0.172662735,-8.74571635,14.54129219,0.534045696,-7.546866523,0,0,0,5.544245243,-7.517629862,-4.756842642,9.466201067,-15.63951373,-8.440841451,14.42672014,-21.21186256,-11.60006197,19.59679723,-24.39685464,-14.89933552,0.973254442,-13.5925591,-9.037760361,-2.664852142,-18.37559938,-13.36649628,-6.717342138,-20.97908258,-16.31154688,-11.14105582,-23.22174907,-18.37623538,-5.470013618,-9.698754549,-8.50236313,-10.62514186,-15.44489861,-12.2787659,-14.65925574,-19.69394684,-14.37315614,-18.52338314,-23.90122414,-16.21370138,-10.64856648,-6.180149317,-8.1209843,-15.19870758,-11.24275923,-11.22545646,-18.38347316,-15.24868011,-12.71110298,-21.3183105,-19.25054789,-13.8273132,-14.38361406,-2.78827548,-8.133404418,-18.55159998,-6.786155701,-10.11513145,-20.81815004,-9.740179777,-10.88892789,-22.50860929,-13.24922442,-11.64300637,HELP
0,0,0,0.290387869,-11.23348475,-1.079100073,2.909862995,-24.51634705,-3.103904315,4.216241837,-33.94933343,-5.191616603,3.603047132,-41.57549143,-6.75019201,6.675028801,-24.985677,-5.493962281,19.21501756,-26.97829306,-9.04825654,17.4248755,-23.10678363,-10.36956485,13.37420344,-21.53607607,-10.77449869,8.143812418,-17.3638463,-6.805258506,21.58511877,-18.90039444,-9.345473611,18.78958344,-15.5769527,-8.817268425,13.94121647,-14.23730254,-8.432221674,9.833759069,-9.452027082,-8.183846139,22.43668437,-10.81037521,-9.893138223,19.25271153,-8.039587736,-7.780251169,14.46238756,-6.950306892,-6.434612238,11.7125988,-1.804673672,-9.672308975,21.92811966,-3.108906746,-10.40095266,18.95452738,-1.254564524,-8.660685533,14.35140967,-0.651472807,-7.487383746,0,0,0,5.638897419,-7.332509756,-4.789070915,9.644329548,-15.53085446,-8.431888501,15.24222493,-21.17592096,-11.61356283,21.61275744,-24.09142852,-14.99546332,1.386547089,-12.39387393,-9.162608664,-2.289134264,-17.55136847,-13.50851072,-6.442719698,-20.30643821,-16.46736277,-10.97826958,-22.92402387,-18.61906512,-5.353116989,-9.025216103,-8.725256602,-10.5617106,-14.78869319,-12.45009093,-14.62185979,-18.87484193,-14.53684283,-18.64631772,-23.29277992,-16.45004464,-10.68244576,-5.854785442,-8.448470513,-15.34277201,-10.56946516,-11.41187785,-18.6394155,-14.3337965,-12.82585276,-21.82829976,-18.5012579,-14.01689662,-14.37137127,-2.65635848,-8.605737369,-18.57128143,-6.330776215,-10.44866307,-21.03649974,-8.923786879,-11.1528532,-23.01185131,-12.1486187,-11.96771799,HELP
0,0,0,-0.12357831,-11.06453538,-1.373543481,2.640259266,-24.56641793,-3.490500042,4.147291183,-34.18421745,-5.531222636,3.696990013,-41.96038544,-7.032866294,6.208574772,-25.22052526,-6.254693383,19.0484941,-27.25541294,-9.723560775,17.38409996,-23.0886817,-10.85587617,13.24054599,-21.29879594,-11.16017204,7.794779539,-17.59930253,-7.412496472,21.34488225,-19.14942861,-9.811520839,18.58576536,-15.59099555,-9.123152757,13.71588707,-14.32882547,-8.71267494,9.461045265,-9.582996368,-8.601775283,21.88407183,-11.01446152,-10.2260324,18.82258058,-8.012288809,-8.011338378,14.24624324,-6.949704885,-6.676922256,11.23471856,-1.877719164,-9.899435455,21.44773006,-3.61046195,-10.60990419,18.82475615,-1.510429382,-8.791000659,14.57700133,-0.730544329,-7.595922316,0,0,0,5.568319559,-8.070909977,-4.501504939,9.230154753,-16.51096344,-7.917255279,14.48495388,-22.22677469,-10.90489339,20.41794062,-25.28108954,-14.05041453,0.53113699,-13.08323145,-8.274447289,-3.492534161,-17.92593598,-12.11357873,-7.545357943,-21.05668187,-14.76577159,-11.8632555,-24.03985858,-16.71087381,-5.753999949,-8.700847626,-7.873455551,-11.46366596,-14.92465734,-11.20766189,-15.66129327,-19.58461404,-13.16652533,-19.73990202,-24.25895929,-14.97379329,-10.68275571,-5.083936453,-7.622835156,-15.91142416,-10.5157733,-10.3478038,-19.35857534,-14.90284204,-11.71943482,-22.60209918,-19.38463449,-12.80584421,-14.28031921,-1.870971918,-7.768273469,-19.03777122,-6.526535749,-9.464510646,-21.66759372,-9.879899025,-10.03931921,-23.70198965,-13.68929744,-10.7005344,HELP
0,0,0,0.099349022,-10.93921065,-1.226008428,2.967327833,-24.34218824,-3.208908649,4.552066326,-33.90630484,-5.142582418,3.982669115,-41.63443148,-6.540347473,6.231456995,-25.01578927,-5.838233443,18.96508932,-27.13640928,-9.294729518,17.44366884,-23.07884097,-10.49169137,13.45096827,-21.27853632,-10.82427336,7.929092646,-17.39239097,-7.020601468,21.23373151,-19.13504004,-9.308504896,18.67564917,-15.64583778,-8.625033336,13.99663687,-14.20446634,-8.215758042,9.711545706,-9.416228533,-8.253722476,21.70574665,-10.83437204,-9.745406942,18.78655553,-7.991600037,-7.631971525,14.364779,-7.011657953,-6.385458099,11.62124872,-1.789653301,-9.593930678,21.56646252,-3.425222635,-10.15497504,18.8814044,-1.409399509,-8.381736116,14.61108923,-0.697243214,-7.243411826,0,0,0,5.180412531,-7.68700242,-4.713161194,8.671367168,-15.86144567,-8.328245112,13.92747164,-21.21015787,-11.41479788,19.73505616,-24.38717484,-14.65501813,0.091481209,-12.74240613,-9.303687044,-4.486083984,-17.74539351,-13.42549054,-9.038054943,-20.69161534,-16.12153975,-13.7013495,-23.22081327,-18.05434851,-6.471765041,-8.770412207,-8.708639719,-12.20242977,-14.18243051,-12.19400642,-16.57105684,-18.37186217,-14.05983297,-20.6733942,-22.64906764,-15.80438344,-11.58632636,-5.278140306,-8.231862166,-16.69782996,-9.793609381,-11.08154086,-20.18325329,-13.70139122,-12.42966307,-23.43162298,-17.76076555,-13.52548329,-15.1792407,-2.004694939,-8.144367763,-19.86062527,-5.728286505,-10.07744325,-22.44620323,-8.526539803,-10.80042673,-24.46117401,-11.94215417,-11.52772335,HELP
0,0,0,0.460249186,-10.67270637,-1.324521526,3.618776798,-23.96917939,-3.329626247,5.174970627,-33.44995975,-5.278318896,4.50783968,-41.14618897,-6.719621792,6.766545773,-24.57449734,-5.902694314,19.57651377,-26.38829947,-9.363100453,18.14822555,-22.3919332,-10.56874521,14.20599818,-20.66221833,-10.92052661,8.337289095,-17.07152724,-7.070294543,21.78441286,-18.19328666,-9.466292485,19.18593645,-15.02869725,-8.915549292,14.4589901,-14.06295896,-8.60574521,10.01564264,-9.171319008,-8.285865708,22.29648829,-10.30413508,-9.884939118,19.31061149,-7.689076662,-7.866438254,14.87974524,-7.008326054,-6.682528331,11.8175149,-1.657235622,-9.609596952,21.82132602,-3.270602226,-10.23986466,19.1105485,-1.326578856,-8.512755259,14.90408182,-0.690501928,-7.411446198,0,0,0,5.477678776,-8.049464226,-5.202987472,8.829605579,-17.24681258,-8.986482079,13.75049949,-23.39384556,-12.17344334,19.13109422,-27.40856409,-15.48862612,0.225579739,-13.37839365,-9.750540609,-4.910963774,-18.5662806,-14.03076356,-9.635072947,-21.55950665,-16.80052584,-14.4669354,-24.3804872,-18.80037343,-6.124031544,-8.996045589,-9.068393762,-12.62229681,-15.45710564,-12.8679589,-17.42296219,-20.1102078,-15.04483824,-21.98786736,-24.67545271,-16.93555122,-11.1286819,-5.482500792,-8.525001312,-16.92969203,-11.13892198,-11.63807591,-20.99756002,-15.50858617,-13.30425894,-24.89858866,-19.72423792,-14.52882891,-14.63908553,-2.37698555,-8.398899491,-19.65615749,-7.238101959,-10.53622445,-22.73302674,-10.16830206,-11.47112554,-25.50259233,-13.35810423,-12.30273848,HELP
0,0,0,0.356799364,-10.76245308,-1.350117447,3.406625986,-24.28785563,-3.288536305,5.083763599,-33.73294473,-5.175544853,4.601633549,-41.46627188,-6.546148816,6.761592627,-25.21951199,-5.517484779,19.48818564,-26.880005,-9.031544039,17.79786944,-22.88683057,-10.40972264,13.65786195,-21.41333222,-10.86349205,8.404767513,-17.75414348,-6.637684414,21.61440253,-19.09143329,-9.044740508,18.89154911,-15.78557491,-8.553023795,14.00979161,-14.73534703,-8.221203992,10.11879444,-9.922236204,-7.849604795,21.85174227,-11.11001968,-9.365946958,18.86417866,-8.382362127,-7.31808112,14.36345577,-7.588982582,-6.075542206,11.87292933,-2.421760559,-9.190809885,21.37253881,-4.072475433,-9.691588739,18.60599518,-2.102011442,-7.893768112,14.36815858,-1.525765657,-6.725445548,0,0,0,4.936790466,-8.671164513,-4.093984111,8.258616924,-17.43281484,-7.422787293,13.56307268,-22.77687788,-10.41315456,19.54293251,-25.37229657,-13.60229288,-0.852972269,-13.90814781,-7.730464234,-6.225734949,-18.96762252,-11.36613895,-10.74054837,-22.05221057,-13.84623979,-15.28506875,-24.52910542,-15.62719379,-6.761497259,-9.567213058,-7.443290545,-13.47150207,-15.69141746,-10.42421345,-18.19154024,-20.40897012,-12.12896366,-22.49327302,-24.66303706,-13.70777373,-11.3378346,-5.698424578,-7.308972223,-17.37418771,-11.00936532,-9.601389213,-21.48529291,-15.38929939,-10.81016545,-25.19301772,-19.64565516,-11.82230447,-14.55914974,-2.177512646,-7.560550763,-19.77246404,-6.541436911,-9.062785252,-23.09923172,-9.474736452,-9.586796506,-25.89597702,-12.81699538,-10.17520238,HELP
0,0,0,0.506806374,-10.79939604,-1.371953104,3.929632902,-24.37710464,-3.342150737,5.569839478,-33.78885686,-5.249284793,4.895138741,-41.51862264,-6.633218963,6.760269403,-25.12765527,-5.823254798,19.73961592,-26.79699063,-9.317842712,17.98055172,-22.81036377,-10.59366449,13.82961869,-21.36175632,-10.98607539,8.260756731,-17.58540869,-6.929541965,21.79208398,-19.06563044,-9.348496635,19.03710961,-15.72778225,-8.757276674,14.24304843,-14.57807422,-8.368172337,9.919714928,-9.760886431,-8.104102154,22.11353779,-11.18921638,-9.65237527,19.08746362,-8.346176147,-7.511679669,14.61715698,-7.443410158,-6.213739727,11.69884801,-2.320700884,-9.403592934,21.71549797,-4.056888819,-9.918404211,18.93769503,-1.911097765,-8.068940629,14.63669538,-1.164329052,-6.876381327,0,0,0,5.204486847,-8.069783449,-4.941786282,8.489012718,-16.71797633,-8.775992521,13.84540796,-22.2396493,-12.07790134,20.44513822,-24.71783161,-15.56756926,-0.170081854,-12.92449236,-9.392630883,-5.675125122,-18.05412173,-13.4253679,-10.50762534,-21.30925059,-16.01879878,-15.29375911,-24.02276993,-17.91005565,-6.399911642,-8.592748642,-8.881091901,-13.36398721,-14.74428177,-12.36523447,-18.30949187,-19.50795054,-14.20792771,-22.86903262,-23.81973863,-15.86649997,-11.28218174,-4.779875278,-8.524926581,-17.52958894,-10.37893891,-11.22502966,-21.70938849,-14.82778788,-12.55945248,-25.59126616,-19.05843019,-13.6149658,-14.64170814,-1.536619663,-8.607292004,-19.84445453,-6.467008591,-10.3474362,-23.20044637,-9.659779072,-11.01461557,-26.11329257,-13.05593848,-11.71726567,HELP
0,0,0,0.536859035,-10.63708663,-1.401854136,3.998196125,-24.08240438,-3.411891234,5.852121115,-33.59447718,-5.36980435,5.365234613,-41.53811336,-6.810742912,6.820350885,-25.15134811,-5.691450385,19.71936226,-27.00962424,-9.345282165,18.0885911,-22.69896269,-10.77141717,13.99751306,-21.18865848,-11.26425966,8.406192064,-17.79744029,-6.86115056,21.80691957,-19.19049025,-9.331906137,19.20686364,-15.52827954,-8.807760028,14.57435489,-14.50466514,-8.495845196,10.09300947,-10.01101136,-8.140221534,22.13039398,-11.26444936,-9.805731771,19.17288303,-8.245390654,-7.684196082,14.79067206,-7.530850172,-6.414684949,11.88538074,-2.528738976,-9.551348833,21.65255547,-4.07910943,-10.15507459,18.84641647,-1.765072346,-8.30102816,14.59461451,-1.152282953,-7.114436028,0,0,0,5.767071247,-7.932299376,-5.149477605,9.65090394,-16.26827717,-9.300100316,15.79683423,-21.44240737,-12.88061242,23.22634459,-23.68742824,-16.6312645,0.537025928,-12.38544583,-9.78862967,-5.025750399,-17.13485718,-13.92390232,-9.842407703,-20.22961378,-16.59516345,-14.49489594,-22.66510725,-18.50889872,-5.734777451,-8.350884914,-9.119883437,-12.59935498,-14.18569684,-12.55451839,-17.42985249,-18.95734668,-14.33453213,-21.69331312,-23.14591408,-15.96830886,-10.61772108,-4.670667648,-8.598805476,-16.47798419,-9.953653812,-11.29231181,-20.43687105,-14.5260036,-12.68668722,-23.93621206,-18.81161332,-13.79266929,-14.04895186,-1.368296146,-8.511187394,-18.94031167,-5.350387096,-10.25697466,-22.06478119,-8.175557852,-10.96110891,-24.69374835,-11.41570807,-11.69417303,HELP
0,0,0,0.492954254,-10.82603931,-1.501291348,3.963959217,-24.62524772,-3.495321712,5.676937103,-34.07300711,-5.407398856,5.142700672,-42.02885926,-6.812888673,6.586951017,-25.03917515,-6.055948428,19.50011849,-27.05993652,-9.669345907,17.66600013,-23.07403088,-10.98783492,13.58356476,-21.71587944,-11.40746727,8.036214113,-17.51298308,-7.144678674,21.43201232,-19.52463984,-9.695912442,18.60950589,-16.15837216,-9.11366745,13.94698024,-14.93655443,-8.730296335,9.706664085,-9.765279293,-8.322165451,21.80566788,-11.85308099,-9.99283745,18.71849298,-8.953160048,-7.778965226,14.26212788,-7.911735773,-6.423896841,11.54079437,-2.481848001,-9.635810098,21.32285833,-4.810553789,-10.18976673,18.4497416,-2.549391985,-8.264578423,14.1114831,-1.69711113,-7.032323173,0,0,0,5.101048946,-8.643138409,-5.328278276,8.311617374,-17.2073245,-9.668562221,14.18473125,-22.61294127,-13.39801814,21.85072899,-24.90817308,-17.31096025,-0.874221325,-12.29695678,-10.65032299,-7.163500786,-17.53474474,-14.99816592,-12.09716797,-21.01267576,-17.76784922,-16.82981253,-23.94422293,-19.73770078,-7.008862495,-7.788157463,-9.933904963,-14.5054996,-14.68126774,-13.61018236,-19.46320534,-19.7909534,-15.35703208,-24.02814329,-24.1973877,-16.91769626,-11.71072721,-4.090380669,-9.309786963,-18.16290021,-10.17380953,-12.0583583,-22.25420475,-14.59357738,-13.21141835,-25.98873377,-18.7197268,-14.09052129,-14.90213871,-1.077234745,-9.153651106,-20.18247843,-6.118804216,-10.80848988,-23.45685363,-9.553772211,-11.32042896,-26.20100379,-12.92636395,-11.88205596,HELP
0,0,0,0.185424089,-10.67861915,-1.619394179,3.304296732,-24.39725697,-3.729527127,4.795897007,-33.94383788,-5.733516868,4.010373354,-41.91069007,-7.236276623,5.903118849,-25.35107732,-6.103531327,19.04688478,-27.35765576,-9.797622319,17.51468778,-23.08993936,-11.20660981,13.46446276,-21.50901556,-11.67097246,7.404005527,-17.9012239,-7.133859452,20.94656825,-19.81497407,-9.741254952,18.49929094,-16.22271538,-9.224574324,13.89780045,-14.89024162,-8.887434062,9.152132273,-10.19026637,-8.27144837,21.30632997,-12.12770343,-9.960012194,18.50229502,-9.117269516,-7.793095764,14.15166259,-8.122694492,-6.469699051,11.12825871,-3.011226654,-9.552472141,20.87600231,-5.259215832,-10.11386743,18.30117106,-2.826237679,-8.219301757,14.16056156,-1.939064264,-7.00769281,0,0,0,5.934935808,-6.954091787,-5.746808527,9.995472431,-14.86954093,-10.23391175,16.083318,-20.27580738,-14.0484302,23.24849367,-23.25060964,-18.05935043,0.054472685,-12.26229668,-10.68610313,-5.362206697,-16.71438217,-14.95917874,-9.957593679,-19.88549232,-17.68065381,-14.60516453,-22.43133187,-19.63102507,-5.918192863,-8.261781931,-9.860038636,-12.95109391,-14.14752007,-13.23665666,-17.79295802,-18.7095046,-14.98069751,-22.44367003,-22.72369266,-16.59486878,-10.46375036,-4.42366004,-9.176805494,-16.64878726,-9.430783987,-11.75328257,-20.72934806,-13.32959533,-12.97013151,-24.6130228,-17.10411906,-13.97007245,-13.62709403,-0.825273991,-8.997864155,-18.74613166,-4.646748304,-10.69985243,-22.02932239,-7.258123159,-11.24899748,-24.9704957,-10.29583216,-11.84017721,HELP
0,0,0,0.147753954,-10.54782271,-1.695185531,3.088402748,-24.23645854,-3.825132552,4.521077871,-33.79364014,-5.79307862,3.974205256,-41.72805548,-7.224642861,5.098313093,-25.15379786,-6.64047711,18.53273511,-27.41524577,-10.43300815,16.83314443,-22.87531197,-11.7057059,12.6414299,-21.21477127,-12.08120697,6.614649296,-17.49116778,-7.63231181,20.24337053,-19.61217523,-10.39305143,17.61586666,-15.96313715,-9.783234823,12.99571395,-14.65196609,-9.407030422,8.452683687,-9.64730978,-8.712908257,20.62930465,-11.95596457,-10.53817682,17.81295538,-8.827239275,-8.236568797,13.59620094,-7.7896595,-6.839823354,10.58503389,-2.494448423,-9.927901257,20.30327916,-5.094504356,-10.55983417,17.75782704,-2.598160505,-8.612242717,13.73825669,-1.67735815,-7.380552221,0,0,0,5.825138092,-7.899236679,-5.678140655,10.03517509,-16.02752209,-10.13171999,16.08532667,-21.62334919,-13.90943407,23.39314222,-23.8070488,-17.85167335,-0.238007307,-12.50891685,-10.51278068,-5.806434155,-17.10519791,-14.93252395,-10.53752899,-20.32910585,-17.83523737,-15.28075337,-23.09246659,-19.90922867,-6.573456526,-8.409893513,-9.605966046,-13.42938542,-14.39241767,-13.27365665,-18.02840829,-18.9000845,-15.14181225,-22.5432694,-22.96164036,-16.81562541,-11.4119947,-4.772490263,-8.819741294,-17.2637701,-9.860187769,-11.69288634,-21.03847265,-13.47491741,-12.88287817,-24.75972772,-17.04981327,-13.7790042,-14.76102471,-1.547622681,-8.519158795,-19.53293383,-5.877625942,-10.24026526,-22.41623998,-8.768510818,-10.70307894,-24.89895225,-11.88153028,-11.21169506,HELP
0,0,0,0.773048401,-10.35452485,-1.652988321,3.974878788,-23.52950871,-3.668510816,5.540323257,-33.02359283,-5.532093248,4.889446497,-40.78008831,-6.849269844,5.865907669,-24.22870994,-6.297383732,18.86380315,-26.44307017,-10.01031724,17.22632051,-22.01537788,-11.32442457,13.06307912,-20.46117187,-11.75599796,7.146972418,-16.86502695,-7.319008834,20.67140341,-18.43742728,-9.928574688,18.10120344,-14.82108235,-9.360381491,13.59888315,-13.63424659,-9.058066732,8.703619242,-9.144157171,-8.443001188,21.00918293,-10.76325774,-10.23737965,18.27404499,-7.790452242,-8.142537899,14.09290433,-6.932866573,-6.917664684,10.52975655,-1.828080416,-9.706627107,20.45623064,-3.537225723,-10.47783298,17.97785163,-1.167327166,-8.741814173,13.94761205,-0.447797775,-7.643541969,0,0,0,5.585360527,-8.289945126,-5.520448301,9.580218792,-16.69514179,-9.842935417,15.7669127,-22.4165678,-13.59715409,23.36546779,-24.97643232,-17.48913771,-1.278817654,-13.94901276,-9.610080932,-6.743568182,-18.71908307,-13.81891466,-11.30968928,-21.65258527,-16.64215124,-15.99984169,-24.00596142,-18.66260118,-7.098215818,-9.570223093,-8.904527341,-14.08705115,-15.57767391,-12.25051603,-18.61122251,-19.95738149,-14.03538233,-23.15150201,-23.82624149,-15.65656758,-11.35655642,-5.635237694,-8.398597155,-17.43089557,-10.77228785,-11.00692398,-21.28516734,-14.33979273,-12.18066907,-25.23703575,-17.88663268,-13.09270359,-14.20196295,-2.258181572,-8.401194428,-19.20508146,-6.342381239,-9.918057386,-22.36950994,-9.293627739,-10.3200095,-25.27283132,-12.56748438,-10.80893597,HELP
0,0,0,0.845810771,-10.08800864,-1.69823278,4.117721319,-23.00834954,-3.879171388,5.666297674,-32.27956891,-5.883884209,5.125695467,-40.00565112,-7.339805516,6.181240082,-23.78142476,-6.709376129,19.20109391,-25.49189031,-10.48654705,17.60270596,-21.21940255,-11.78768367,13.48085999,-19.68744993,-12.19965458,7.346117496,-16.51271582,-7.774418744,21.12432122,-17.8342104,-10.51103562,18.55754256,-14.36065435,-9.922865929,13.91508579,-13.23016286,-9.565274569,8.738076687,-8.84283185,-8.921202423,21.3485539,-10.12184024,-10.80882415,18.56502891,-7.211375237,-8.674963715,14.34777379,-6.446433067,-7.398478838,10.36574244,-1.469010115,-10.20996884,20.59952617,-2.65750289,-11.10904083,18.10297966,-0.372934341,-9.412340971,14.04378414,0.223469734,-8.32739711,0,0,0,5.597275496,-8.153641224,-5.961863997,9.867417812,-16.26200676,-10.69773615,16.11227393,-22.15493917,-14.77195651,23.58374596,-24.69058633,-18.95758093,-1.79861784,-14.48676586,-10.16729504,-7.291442156,-19.41463351,-14.5847711,-11.91118956,-21.93226218,-17.5813961,-16.81200862,-23.88265729,-19.71684873,-7.812654972,-10.34342647,-9.212838413,-14.42220807,-16.05440378,-12.7177763,-19.02424693,-19.92409229,-14.62774009,-23.76670837,-23.20432067,-16.30978614,-12.20139265,-6.572818756,-8.474095466,-18.14339459,-11.30492687,-11.26589731,-22.12927043,-14.45575356,-12.59973675,-26.30928755,-17.52589345,-13.58963728,-15.09527564,-3.288006783,-8.248453142,-20.32725811,-6.795483828,-9.900007697,-23.61106575,-9.237724543,-10.39536104,-26.53452158,-12.02505231,-10.90849221,HELP
0,0,0,0.855559111,-9.748804569,-1.801561992,3.803706169,-22.10896015,-4.26612595,5.272436142,-31.19632602,-6.485494095,4.694551229,-38.93629611,-8.158648628,5.437219143,-22.54804373,-7.704173642,18.37033033,-24.75737929,-11.48742573,17.15179682,-20.46329379,-12.64651032,13.18237782,-18.70609522,-12.94943007,6.715393066,-15.11109471,-8.713833111,20.41689754,-16.86635017,-11.43458398,18.17766428,-13.39508891,-10.64567627,13.470608,-12.0521903,-10.1985647,8.19543004,-7.396161556,-9.743406492,20.81726789,-9.092772007,-11.57342555,18.23163033,-6.204074621,-9.223437923,13.86509538,-5.193305016,-7.866479325,9.869551659,-0.121325254,-10.91760309,19.8363483,-1.241463423,-11.89734178,17.41625667,0.983601809,-10.18150436,13.30020428,1.645243168,-9.112503993,0,0,0,5.650675297,-8.252388239,-5.614301786,9.923404455,-16.03239179,-10.08970909,16.24635458,-21.73284292,-13.9780397,23.62247109,-24.62852597,-17.94179626,-2.124881744,-13.80964518,-9.519849942,-7.410871983,-18.10349226,-13.88571657,-11.88010573,-20.66172361,-16.94771148,-16.62819982,-22.8443563,-19.11558904,-8.278316259,-9.684997797,-8.627601937,-14.74917531,-15.16422033,-12.02868246,-19.0905273,-19.35027838,-13.86821665,-23.57609868,-23.36671948,-15.55690713,-12.86533475,-6.119471788,-7.956733779,-18.51705909,-10.93116403,-10.53219236,-22.0590353,-14.3456459,-11.65563859,-25.75032115,-17.82132983,-12.54622288,-15.91421962,-2.997261286,-7.812332586,-20.6622541,-6.750112772,-9.245904014,-23.45947623,-9.435629845,-9.571442977,-25.95422268,-12.5007093,-9.984448031,HELP
0,0,0,0.575771928,-9.913754463,-1.822593973,3.598165512,-22.1478343,-4.306255446,5.098384619,-30.80172539,-6.532661037,4.611909389,-38.36948872,-8.194141255,5.280208588,-22.3874867,-7.928793297,18.11876893,-24.0865767,-11.77858578,16.71278477,-20.04989386,-12.93864565,12.59678602,-18.47285628,-13.20814507,6.432563066,-14.59459066,-8.944036231,20.15954256,-16.22527242,-11.75469773,17.72457957,-13.17549944,-10.95644401,13.02366853,-12.01761365,-10.46513336,7.830142975,-6.690520048,-9.961231218,20.29165626,-8.452135324,-11.78200038,17.69099236,-5.871087313,-9.382286088,13.49182129,-4.880172014,-7.957931773,9.39925313,0.63201189,-11.12728806,19.52204108,-0.840437412,-12.00090961,17.30531454,0.958585739,-10.19707488,13.41456175,1.608586311,-9.049430654,0,0,0,6.327658892,-6.948709488,-7.318121095,11.10588312,-14.89355564,-13.04049184,17.49638319,-21.09653354,-17.8030475,24.86242056,-24.25657511,-22.66993811,-1.110082865,-14.02497292,-12.97319819,-6.534636021,-17.97093153,-18.30651005,-11.22744083,-20.38351297,-21.78393145,-16.16390347,-22.35444784,-24.21720465,-7.506835461,-10.46719551,-11.56006222,-14.25144076,-15.51824212,-15.84580531,-18.92845631,-19.17099953,-18.04317971,-23.84077311,-22.5389123,-19.9685051,-12.2890532,-7.07578063,-10.36019539,-18.30888987,-11.64552569,-13.87457689,-22.29180336,-14.60961699,-15.47299166,-26.53736472,-17.56963134,-16.65653874,-15.47505856,-3.841710091,-9.740397234,-20.5376029,-7.539123297,-12.07695742,-23.53166342,-9.940707684,-12.90711751,-26.28829479,-12.80539632,-13.63889416,HELP
0,0,0,0.541853905,-10.20163298,-1.689217902,3.741693497,-22.37852514,-4.136261447,5.448919535,-31.1078608,-6.358606099,5.034768581,-38.62733245,-8.014059543,5.44282794,-22.90072441,-7.706828146,18.14851761,-24.82906878,-11.54106009,16.88877344,-20.57365477,-12.74225089,12.74209619,-18.80745292,-13.03938451,6.663370132,-15.21269679,-8.819085835,20.3666687,-16.75948501,-11.62638488,18.14077497,-13.34528327,-10.94043153,13.381809,-12.05949783,-10.48674706,8.066272736,-7.072007656,-9.910529583,20.74440718,-8.664596081,-11.73495251,18.27676296,-5.771261454,-9.433161943,14.04205561,-4.722881317,-8.048455893,9.585750103,0.733309984,-11.13782424,19.94706392,-0.377476215,-12.09602851,17.96756983,1.371335983,-10.4118635,14.201051,1.907157898,-9.303585171,0,0,0,5.743086338,-7.190620899,-7.793447941,9.966528416,-14.50431347,-14.02971652,16.30499363,-20.12262344,-19.14186534,24.34854507,-23.09110165,-24.33735785,-1.810461283,-12.31229305,-14.60224149,-7.453525066,-16.61257148,-20.81797031,-12.25163341,-18.97493601,-24.90242478,-17.35017896,-20.71811557,-27.68642959,-8.365750313,-8.937644958,-12.95446959,-15.42798281,-13.82861137,-18.06454268,-20.17369866,-17.37011075,-20.52756903,-25.09309053,-20.72254419,-22.6397222,-13.3533597,-6.200522184,-11.50479969,-19.48106289,-10.33624411,-15.51807877,-23.22621942,-13.57233524,-17.27592704,-27.07382739,-17.02178121,-18.59105733,-16.63746834,-3.642576933,-10.65634695,-21.63689137,-6.744402647,-13.20177075,-24.4019717,-9.072160721,-14.21863493,-26.80384517,-12.1527791,-15.16023931,HELP
0,0,0,0.336554646,-10.32932401,-1.703475906,3.597065806,-22.93651402,-4.153494654,5.381861329,-32.00656474,-6.358479826,4.835835099,-39.73281384,-8.025903372,5.122533441,-23.7583369,-7.839902608,18.24655235,-25.11606812,-11.65379596,16.8577522,-20.66936493,-12.80110714,12.69852817,-19.08059716,-13.0918571,6.296941638,-16.03517532,-8.935815958,20.37394345,-17.51185656,-11.7033304,18.10439527,-14.0155673,-10.99019509,13.44543397,-12.83528209,-10.55863884,7.773807645,-7.893896103,-10.0008474,20.66766918,-9.53412652,-11.78199512,18.18448007,-6.562930346,-9.472611664,14.01670873,-5.613946915,-8.118762938,9.491589665,-0.200498104,-11.1924113,19.92851794,-1.562649012,-11.99442309,17.77987778,0.399941206,-10.22746947,13.93968761,0.971329212,-9.119767813,0,0,0,6.401765347,-7.322174311,-7.963426759,10.88685393,-15.25797248,-14.15580322,17.21569896,-21.59630656,-19.22655066,24.01737571,-25.61100721,-24.41302796,-1.032280922,-13.96744251,-14.94714429,-6.905210018,-17.93442965,-21.01805617,-11.88156605,-20.48605084,-24.87799933,-17.12080836,-22.73989916,-27.55772879,-7.199668884,-10.00799537,-13.35855534,-14.31465745,-15.19737244,-18.41360738,-19.50601339,-18.93310547,-21.06075694,-24.83950853,-22.49414325,-23.28589519,-11.81707978,-6.507790089,-11.94497829,-18.153584,-11.56513691,-16.00229253,-22.56778777,-14.9977982,-17.97146459,-27.14442909,-18.41778755,-19.41661348,-14.81206417,-3.366559744,-11.1256059,-19.91757751,-7.200217247,-14.02789911,-23.28254879,-9.494411945,-15.27930905,-26.43380463,-12.42434382,-16.29136612,HELP
0,0,0,0.496840477,-10.04118919,-1.772680164,3.756564856,-22.93689847,-4.151611434,5.411839485,-32.16502666,-6.256053255,4.915076494,-39.97614384,-7.769789205,4.58818078,-24.0073055,-7.876267688,17.86910892,-25.98813772,-11.71733256,16.68058038,-21.36623859,-12.81417947,12.65830398,-19.61660981,-13.09760104,5.605363846,-16.52258635,-8.958282725,19.98676658,-18.33898425,-11.83442216,17.75112748,-14.44274187,-11.07805933,13.2242918,-12.92250156,-10.60317348,7.031190395,-8.544820547,-10.02913679,20.39025426,-10.09583473,-11.91470663,17.81648397,-6.87071681,-9.649283842,13.62765431,-5.87400198,-8.32870941,8.788460493,-0.84195137,-11.24283712,19.50801611,-1.664841175,-12.25306209,17.30445623,0.426757336,-10.70134233,13.38529587,0.881290436,-9.739407555,0,0,0,5.904120207,-7.854741812,-7.3543362,10.34799814,-15.99666476,-13.24815523,16.45644307,-22.21520543,-18.08060926,24.00993705,-25.25440454,-22.98268598,-2.171158791,-12.6368463,-13.82877451,-8.146190643,-17.55723357,-19.52273768,-13.19717467,-20.4262495,-23.20551497,-18.49068999,-22.50637412,-25.71718466,-8.897274733,-9.050697088,-12.23028523,-15.96575975,-14.63188529,-16.85469967,-20.93969584,-18.18662882,-18.99103594,-25.91000199,-20.94171643,-20.80604952,-13.89068067,-6.391054392,-10.79416644,-20.28422356,-11.56842709,-14.42690861,-24.42921698,-14.81877565,-15.91816765,-28.64023149,-17.81378984,-16.97460633,-17.08822846,-4.340696335,-9.917905895,-22.51114845,-8.659929037,-12.15687838,-25.63029528,-11.14761233,-12.90077489,-28.33044529,-13.96921277,-13.5689519,HELP
0,0,0,0.209617615,-10.41708589,-1.995288384,3.257483244,-23.66291285,-4.207175588,4.775679111,-32.9723388,-6.102935215,4.123574495,-40.88302553,-7.423593466,3.971147537,-24.74510372,-7.634526854,17.18572378,-26.67171359,-11.40872947,16.10752344,-22.14603424,-12.38403431,12.1959269,-20.55454254,-12.63184062,4.831165075,-17.13629961,-8.612117534,19.12163496,-18.33257675,-11.54923624,16.83458686,-14.57599401,-10.82038543,12.41726279,-13.41913342,-10.40037683,6.146961451,-9.091621637,-9.63841564,19.57933903,-10.12601852,-11.75782717,16.8890357,-7.006543875,-9.681634967,12.68542409,-6.451255083,-8.480131244,7.950747013,-1.451867819,-10.81197894,18.47701073,-1.983207464,-12.06634453,16.06794,0.184285641,-10.67749522,12.02030182,0.413733721,-9.809689586,0,0,0,6.456118822,-7.787871361,-7.723379858,10.86376309,-16.20578766,-13.68580086,16.90955758,-22.60147333,-18.51995958,23.84074926,-26.20747089,-23.35662169,-1.741355658,-14.95217681,-14.48536439,-7.653421164,-20.07042766,-20.24326397,-12.74784803,-22.18477726,-23.77702368,-18.25103462,-23.63560796,-26.20088679,-8.256930113,-11.29547358,-12.81419469,-15.31274319,-16.73608422,-17.62299759,-20.41049302,-20.58915496,-20.01305593,-25.70185661,-23.88461828,-22.0124699,-12.94059157,-8.204954863,-11.28451971,-19.33431923,-13.27400208,-15.06677491,-23.52722883,-16.83183312,-16.91068036,-27.91363895,-19.82066035,-18.22182906,-15.85719585,-5.621099472,-10.33314986,-21.1027056,-9.782809019,-12.96822203,-24.48083758,-12.31612563,-14.1206227,-27.73344517,-14.97363448,-15.01678897,HELP
0,0,0,0.41205287,-10.29812098,-1.98070327,3.783231974,-23.42651784,-3.946567273,5.618223548,-32.84602463,-5.624789318,5.15653491,-40.99560976,-6.720816663,4.65606153,-24.3145287,-7.046936771,17.90805459,-26.87841356,-10.82322182,16.85929894,-22.3171711,-11.82557078,12.84184456,-20.35104036,-12.03856873,5.557215214,-17.01819897,-7.929925939,19.97413039,-18.08323264,-10.81130238,17.51909852,-14.40048814,-10.12489604,13.15324306,-13.35682273,-9.728889486,6.978523731,-9.162002802,-8.921427598,20.61089277,-10.04939079,-10.95789926,17.90634394,-7.320398092,-9.064993581,13.79973888,-7.039302588,-7.983362248,8.942526579,-1.706343889,-10.06675618,19.71036196,-2.429401875,-11.10262307,17.18012691,-0.533103943,-9.768756798,13.07992935,-0.433939695,-8.961934915,0,0,0,5.815368891,-7.814455032,-7.107753642,9.733569622,-15.98928571,-12.71397505,15.78269005,-22.4006474,-17.28066985,23.27893972,-25.87139606,-21.87783305,-1.291388273,-13.2099092,-13.6580709,-7.657319307,-18.50810647,-19.16961256,-13.02678585,-21.24689817,-22.55895618,-18.66722703,-23.17690253,-24.84644834,-7.850110531,-9.197807312,-12.24686984,-15.53613544,-15.18068314,-16.84936766,-20.91269493,-19.31053996,-18.82123981,-26.29365921,-22.82117605,-20.47817443,-12.76389956,-6.124335527,-10.97754199,-19.51928735,-11.61410809,-14.62529931,-23.90565574,-15.63875079,-15.95484499,-28.39278579,-19.38707829,-16.85191426,-16.02743864,-3.847205639,-10.26487459,-21.35809064,-8.871597052,-12.53814284,-24.54593182,-11.99585199,-13.16972259,-27.51074433,-15.2805984,-13.72358833,HELP
0,0,0,0.431644917,-10.16885638,-2.041987376,3.636711836,-23.54364991,-4.237296664,5.252733827,-32.95708299,-6.141293653,4.609540105,-41.07208848,-7.468134769,4.008609056,-24.56779182,-7.580267497,17.50532091,-26.73399448,-11.48993955,16.2658304,-22.48533964,-12.60904358,12.38791049,-20.81749439,-12.91215257,4.960516095,-16.82348847,-8.547767111,19.58579719,-18.43777299,-11.63947047,17.05040038,-14.97508883,-10.98217503,12.64193356,-13.608706,-10.55719764,6.406244636,-8.779656887,-9.591592708,19.98651326,-10.23247242,-11.74503849,17.18846858,-7.337224483,-9.690137067,13.04442585,-6.602197886,-8.462496706,8.341023326,-1.259535551,-10.80467165,19.23478544,-2.196896076,-11.97174475,16.73085392,-0.091797113,-10.55930988,12.63065636,0.31491518,-9.676767745,0,0,0,5.558383465,-7.911515236,-6.899898314,9.357768297,-15.7844305,-12.48002183,15.36462307,-21.94113731,-17.13234764,22.89621234,-25.79428554,-21.84621375,-3.105920553,-15.06029367,-12.74309736,-9.179908037,-19.22947168,-18.10045969,-14.49358463,-21.52462602,-21.59288507,-19.74608004,-23.18565249,-24.01595991,-9.194010496,-11.13218069,-11.47939693,-16.56103134,-16.55135751,-15.84584396,-22.12108374,-20.62122822,-18.02848708,-27.53286064,-24.08478856,-19.88054495,-13.43946755,-7.535225153,-10.37859973,-19.9227035,-12.36852407,-13.75900339,-24.314484,-16.07596278,-15.28271418,-28.60759199,-19.48419213,-16.37786608,-15.9134388,-4.222583771,-9.838803673,-21.24152184,-7.858651876,-12.13897374,-24.79491234,-10.42227745,-13.00795656,-27.96162665,-13.37713599,-13.70909047,HELP
0,0,0,0.299108028,-10.34103632,-2.108241849,3.627187014,-23.98317456,-4.173597924,5.394464731,-33.4829092,-5.962644003,4.783546925,-41.75514877,-7.163325928,4.344847798,-25.01468062,-7.232222192,18.08905005,-26.80031955,-11.2868356,16.77856445,-21.93741798,-12.49848702,12.59174347,-20.36316395,-12.85585188,4.942911863,-17.35447049,-8.160645746,19.61243749,-18.2595849,-11.32467934,17.02246666,-14.4382298,-10.75702929,12.64638305,-13.51833344,-10.42568483,6.1858356,-9.267616272,-9.223380916,20.07952929,-10.26996374,-11.50893518,17.16809273,-7.23529458,-9.553806715,12.98630238,-6.952339411,-8.383964233,8.053517342,-1.696205139,-10.4572209,19.2487061,-2.680909634,-11.60279908,16.65305495,-0.54680109,-10.18974432,12.50563264,-0.293242931,-9.310969196,0,0,0,5.843144655,-7.397961617,-7.681214019,9.747886658,-15.81710577,-13.57532884,15.56102633,-22.48501778,-18.34519799,22.87425995,-26.34385824,-23.21326877,-1.056408882,-13.38039637,-14.77065082,-7.764995098,-18.41778159,-20.45715745,-13.48744035,-21.28916383,-23.88919885,-19.13434565,-23.53561521,-26.28715481,-7.139331102,-9.190237522,-13.28565921,-15.40181637,-15.3837204,-18.05787678,-21.16471529,-20.01143694,-20.25139625,-26.66676939,-23.83103967,-22.11163934,-11.52737141,-5.553734303,-11.93925808,-18.74652505,-11.08900905,-15.70550497,-23.60355854,-15.32990336,-17.34730895,-28.29616666,-19.09444928,-18.52270509,-14.36938047,-2.479058504,-11.18909191,-20.1202035,-6.956362724,-13.84098078,-24.13432002,-9.938007593,-14.92445613,-27.79892683,-13.03709745,-15.81365611,HELP
0,0,0,0.520262122,-10.02988815,-1.95482169,3.61430943,-23.23948145,-4.125821038,5.18232286,-32.56744742,-5.977973163,4.570242763,-40.64273238,-7.22606872,3.851899505,-24.02909398,-7.970253571,17.35675633,-26.7151475,-11.97611709,16.77303612,-21.97294831,-12.94057165,13.01529706,-19.82328296,-13.10660188,4.737040401,-16.6680038,-8.974674537,19.56542432,-18.71830225,-12.27906887,17.51604378,-14.59828019,-11.49651428,13.29496205,-12.91233301,-10.93889792,6.222811341,-8.808916807,-10.0336047,20.23350894,-10.4065299,-12.36889531,17.73051322,-7.085955143,-10.2479132,13.73555362,-6.3116014,-8.92369543,8.293822408,-1.428693533,-11.24456395,19.44358647,-2.316886187,-12.51287703,17.15401709,-0.183695555,-11.15748976,13.24436963,0.059074163,-10.30364875,0,0,0,5.625927448,-8.598852158,-7.640514228,9.496283531,-17.01726317,-13.86190698,15.39356709,-23.55815172,-18.89226184,22.86735773,-26.68100595,-24.01369706,-1.899391413,-14.4646883,-15.37207559,-9.04148221,-20.09816766,-21.50612667,-15.09104967,-22.98180461,-25.2818127,-20.95076144,-24.57042336,-27.76392594,-8.030331135,-9.99584198,-13.80146638,-16.64103568,-16.75002575,-18.75334576,-22.6586014,-21.46701813,-20.82454458,-28.2864213,-24.93185997,-22.51113996,-12.47476637,-6.24756813,-12.3428312,-19.95535493,-12.32733727,-16.14978954,-24.80543256,-16.80448651,-17.56144956,-29.31902409,-20.55768371,-18.51539657,-15.16775787,-3.129607439,-11.45167992,-21.20102346,-7.75591135,-13.89200583,-25.15888214,-10.80047488,-14.60888878,-28.43204439,-13.83976936,-15.20046786,HELP
0,0,0,0.475567579,-10.14746428,-2.234567498,3.81334722,-23.4973371,-4.396125098,5.671703815,-32.86620378,-6.202143227,4.974168539,-41.02970064,-7.404353639,4.3905586,-23.85748923,-7.823056897,18.00047457,-25.71923733,-11.9356999,16.86692536,-21.03780508,-13.09475171,12.64921129,-19.46839094,-13.40209859,5.074730515,-16.13290906,-8.6933391,19.73801553,-17.42488742,-12.00838404,17.28577912,-13.68918419,-11.41931208,12.84860075,-12.6095891,-11.03677841,6.370791793,-8.044540882,-9.660318663,20.13876736,-9.29710269,-12.04418855,17.46172011,-6.351065636,-10.09169908,13.34619224,-5.961900949,-8.886293491,8.311265707,-0.496703386,-10.79546677,19.37339604,-1.667648554,-12.03389781,17.01920927,0.162672997,-10.68541201,12.99658716,0.33210516,-9.840525856,0,0,0,6.008589268,-8.070516586,-7.156553953,10.53421497,-16.41641855,-12.87563676,16.59798026,-22.82572985,-17.5863781,24.30557609,-25.79723597,-22.32979768,-1.825493574,-14.12509084,-13.06223059,-8.366051316,-18.86588931,-18.50688839,-13.92050982,-21.55857086,-22.0282712,-19.40387487,-23.37798476,-24.44137865,-8.448645473,-10.29315591,-11.56035149,-15.90474248,-15.91607332,-15.9095847,-21.33247256,-20.17733455,-17.91444504,-26.76354647,-23.45837355,-19.58535844,-13.16490769,-7.101911306,-10.21876418,-19.73878741,-12.31626868,-13.52588618,-24.0991652,-16.34294987,-14.75026989,-28.54076028,-19.89576817,-15.61120981,-16.02671742,-4.40197587,-9.464050917,-21.25234306,-8.649927378,-11.47792721,-24.60549474,-11.5714848,-11.92712048,-27.53796577,-14.64914083,-12.32738355,HELP
0,0,0,0.573277473,-9.902220964,-1.921066209,3.637069464,-23.15017283,-4.16154427,5.171364546,-32.4906528,-6.099325545,4.48487401,-40.5980438,-7.446201272,3.215366602,-23.94323945,-8.101219065,16.81935787,-26.30946338,-12.18542395,15.88099003,-21.56225741,-13.24622271,11.98295951,-19.64544654,-13.4745845,3.939715028,-16.43481851,-9.137525536,18.84319782,-18.11364889,-12.4042393,16.59234762,-13.99677992,-11.61284832,12.26711273,-12.2892797,-11.07903806,5.36596477,-8.495587111,-10.21460605,19.41179037,-9.977144003,-12.48782439,16.78337455,-6.53847456,-10.29008565,12.7384603,-5.522543192,-8.938636012,7.398965955,-0.956636667,-11.44134266,18.61099005,-1.810926199,-12.64706639,16.34192467,0.249367952,-11.26200271,12.45414615,0.599330664,-10.40595261,0,0,0,5.990171432,-8.004814386,-7.953345607,10.35068631,-16.19986892,-14.22407387,16.44049883,-22.95236588,-19.27118061,23.94660115,-26.52436495,-24.37206564,-1.580691338,-13.76941204,-15.27235864,-8.75018239,-18.62096786,-21.28549723,-14.71929848,-21.40201926,-24.91592972,-20.38573623,-23.38373661,-27.3542246,-7.806545496,-9.812438488,-13.56291084,-16.30293727,-15.04576206,-18.46875904,-22.12727964,-19.37526464,-20.5905935,-27.72428095,-22.71934152,-22.35552577,-12.15242147,-6.494545937,-11.9997306,-19.61036623,-11.03308201,-15.94273357,-24.36540723,-15.06781578,-17.49510674,-29.11394238,-18.70445609,-18.54226349,-14.79019821,-3.762722015,-11.02265252,-20.7638979,-7.514292002,-13.64578513,-24.68507886,-10.42852998,-14.50694708,-28.1793654,-13.59386444,-15.20065723,HELP
0,0,0,0.518852472,-9.772026539,-2.038065269,3.994864225,-23.02976251,-4.030088632,5.854678154,-32.37998188,-5.739299132,5.317822099,-40.63501954,-6.893047987,3.900370002,-24.12674427,-7.514056115,17.5475359,-26.18535161,-11.58820644,16.44503474,-21.47535384,-12.71529004,12.36050725,-19.69732642,-12.99437538,4.673904181,-16.55848026,-8.475518524,19.54865456,-18.03702712,-11.69422895,17.24594235,-13.86244893,-10.97708374,13.1485641,-12.19400764,-10.4924421,6.107509136,-8.56910944,-9.551418125,20.03163695,-10.0107491,-11.95957243,17.47793555,-6.601184607,-10.02137169,13.64235878,-5.698347092,-8.801847993,8.160763979,-1.000422239,-10.78009412,19.50861216,-2.321094275,-12.02018514,17.12083817,-0.157439709,-10.71196303,13.13904524,0.438803434,-9.893316327,0,0,0,5.242413282,-8.271831274,-7.736880466,8.925920725,-16.41737223,-13.93883167,14.95179534,-22.83215523,-18.97222041,22.42874503,-26.06881857,-24.09420995,-2.962040901,-13.556391,-15.12036709,-10.2627337,-18.11906099,-21.30242823,-16.27289355,-21.00029588,-25.14435886,-22.02417552,-23.05887938,-27.7306044,-9.089967608,-9.280872345,-13.52707534,-17.82982349,-14.50697184,-18.68079542,-23.82298708,-18.64215732,-20.89749216,-29.45189476,-21.81217074,-22.67603962,-13.47691417,-5.856132507,-12.0944166,-21.26975358,-10.76354384,-16.21533273,-26.19668841,-15.00372291,-17.72982864,-30.90578318,-18.89390349,-18.7077084,-16.15696251,-3.253823519,-11.23690246,-22.46506214,-7.716721296,-14.00875239,-26.4518559,-10.9809041,-14.88287686,-29.84497845,-14.56229091,-15.56146829,HELP
0,0,0,0.236824155,-9.823942184,-2.163199128,3.400617838,-23.27615917,-4.379408413,5.30205667,-32.61449933,-6.240417415,4.832774401,-40.95862508,-7.524489963,3.309446573,-24.25440848,-8.268475139,17.06769168,-26.13193691,-12.3972412,16.00717008,-21.76328301,-13.36140817,11.88893616,-20.06439567,-13.46973365,4.089945555,-16.53777361,-9.175800138,19.1495508,-18.25690866,-12.50772958,17.00222194,-14.20680881,-11.65038606,12.86256015,-12.51808405,-11.00659257,5.591288209,-8.400845528,-10.14497837,19.67606843,-10.08403897,-12.62167578,17.32659042,-6.592130661,-10.42641883,13.5294646,-5.395400524,-8.966713005,7.752504945,-0.753647089,-11.26307955,19.11513507,-2.308124304,-12.59567922,17.01044738,-0.209581852,-11.14892846,13.20990026,0.52446723,-10.17648166,0,0,0,5.611211061,-8.702212572,-7.579188074,9.285002947,-17.41942167,-13.72414308,14.77446556,-24.21697974,-18.74776113,21.49065733,-27.62432098,-23.89176863,-3.416019678,-15.95307589,-14.23556286,-10.63788533,-19.65524554,-19.98593139,-16.61862135,-21.92906141,-23.59335947,-22.37889767,-23.77322316,-26.06002765,-9.208488464,-11.24144793,-12.75756287,-18.27450395,-16.15867019,-17.69959557,-24.52846467,-20.17254233,-20.21085846,-30.30305207,-23.49645495,-22.13590222,-13.3539319,-7.173103094,-11.39950084,-21.48067057,-12.03089356,-15.40787446,-26.88394487,-15.9702301,-17.2403388,-32.03083277,-19.7680831,-18.39505511,-15.87729752,-3.975230455,-10.56587699,-22.21050262,-8.216559887,-13.25873065,-26.46809816,-11.30550504,-14.1976096,-30.26223183,-14.96723294,-14.87384068,HELP
0,0,0,0.957727432,-9.755319357,-2.195034698,4.39773798,-22.83169329,-4.294101857,6.206038594,-32.46736825,-6.046713106,5.633121729,-40.77768326,-7.242254876,3.674656153,-24.15116131,-7.754774354,17.43990779,-26.41929388,-11.70428392,16.18251204,-21.72964215,-12.63028678,12.07896471,-20.04885077,-12.80324455,4.267624021,-16.73016548,-8.565501086,19.00565028,-17.85541177,-11.61169481,16.45982862,-13.9201045,-10.82914989,12.2025013,-12.75672317,-10.40239405,5.620673299,-8.850616217,-9.481341355,19.49646473,-9.782516956,-11.74986955,16.77715182,-6.609493494,-9.869427197,12.87348866,-6.11898303,-8.784761988,7.638531923,-1.422327757,-10.55050042,18.85677576,-2.092027664,-11.77417185,16.52382612,0.17837882,-10.57194095,12.62771487,0.589817762,-9.860928319,0,0,0,5.570065975,-8.911532164,-7.874155073,9.739142656,-17.76928902,-14.06322721,15.82585573,-23.90553355,-18.98985806,23.07776213,-26.79901719,-23.98609522,-2.01113224,-13.67688775,-15.64340743,-9.32687521,-18.44115257,-21.8322784,-15.58713913,-21.27572298,-25.59458467,-21.45298123,-23.16778898,-28.03496572,-8.348897099,-8.889484406,-13.92340812,-17.65512824,-14.21488523,-18.92336014,-24.09750223,-18.97819042,-21.1813018,-29.89060879,-22.50986099,-23.03345951,-12.67698705,-5.384492874,-12.31815371,-20.76625526,-10.26560068,-16.297555,-26.18797719,-14.56683278,-18.0605531,-31.11262918,-18.30451488,-19.22914687,-15.2418226,-2.831602097,-11.28197315,-21.59410119,-6.846630573,-13.96981779,-26.15656853,-10.00397205,-15.0184423,-30.06945252,-13.39179277,-15.84413203,HELP
0,0,0,0.742125511,-9.736597538,-1.94185877,4.4023633,-23.0989635,-3.900332355,6.338751316,-32.58363605,-5.57931734,5.663564801,-40.84815085,-6.689765656,3.84529531,-24.08826649,-7.311419004,17.41091013,-26.32889152,-11.34152448,15.99950194,-21.64199054,-12.4874573,11.87165678,-19.99817491,-12.81468009,4.452994466,-16.74032211,-8.299020284,19.29658055,-18.07931066,-11.51391377,16.52049422,-14.33029771,-10.84486877,12.17643917,-12.96055913,-10.42435651,5.788308382,-8.984291553,-9.400397891,19.68256831,-10.06134152,-11.66106796,16.653651,-6.999796629,-9.710913503,12.65316606,-6.461185217,-8.572198057,7.773333788,-1.627779007,-10.66842114,18.9822197,-2.478832006,-11.81349715,16.33393764,-0.32479167,-10.52277421,12.29695976,-0.001484156,-9.769849831,0,0,0,5.63878417,-8.735233545,-7.79089395,9.303110838,-17.27765799,-14.03655548,14.93166685,-23.95896316,-19.02543742,22.48243093,-27.19406486,-24.04207725,-2.836799622,-14.16688561,-15.43265272,-10.27668715,-18.99294853,-21.47074778,-16.51900411,-21.54212594,-25.10121752,-22.32428789,-23.04663062,-27.48969186,-9.025555849,-9.758251905,-13.74287743,-18.52041781,-15.36996365,-18.71586431,-24.90729094,-19.96259689,-20.84521938,-30.74698448,-23.40911627,-22.54611988,-13.31120133,-6.320655346,-12.1328852,-21.58055007,-11.4102304,-15.95213402,-26.72672272,-15.84555507,-17.51711059,-31.50498867,-19.51985955,-18.54555745,-15.84740281,-3.607642651,-11.09302703,-22.19182253,-7.637840509,-13.57388038,-26.45762563,-10.67990065,-14.43055708,-30.17674088,-13.6382699,-15.09910066,HELP
0,0,0,0.945174694,-9.78089571,-1.999097436,4.485815763,-22.79785872,-4.092886231,6.283786893,-32.11298883,-5.869221992,5.688142776,-40.37679434,-7.066561586,3.744897246,-23.51182103,-7.842677391,17.16476679,-26.39540732,-11.88889549,15.84478021,-21.95965052,-12.95153604,11.78874671,-20.21600008,-13.21525679,4.269188643,-16.09639525,-8.765451915,18.91461611,-17.8658843,-12.0050493,16.22875929,-14.40482736,-11.2566422,11.93555295,-13.20933104,-10.83401621,5.565226078,-8.35211277,-9.776760943,19.33492422,-9.688007832,-12.09391684,16.36688113,-6.939250231,-10.08584753,12.3370111,-6.449371576,-8.930252797,7.512828708,-1.082456112,-10.94132767,18.53833199,-2.263587713,-12.21753613,15.95851779,-0.269371271,-10.95065281,11.89983189,0.148278475,-10.21298126,0,0,0,5.374032259,-9.2212677,-7.651843194,8.738040924,-18.0670023,-13.60831565,13.93820047,-25.00922084,-18.37457276,21.14086151,-28.72092128,-23.16995716,-4.159283638,-15.46971798,-14.30743939,-11.8080616,-20.45440078,-19.92222524,-18.00949872,-23.11286926,-23.3997882,-23.87951016,-24.77858663,-25.749825,-10.18412709,-10.71596146,-12.65493042,-19.33309734,-16.70528054,-17.33517802,-25.78111291,-21.26565576,-19.55429769,-31.87684715,-24.739182,-21.31999141,-14.27800059,-6.91703558,-11.12730882,-22.32724428,-12.54265308,-14.7093103,-27.66562104,-16.94539785,-16.35441041,-32.72542059,-20.6612587,-17.4493075,-16.58038199,-3.888839483,-10.17901159,-23.00427556,-8.225274086,-12.55968666,-27.41397619,-11.21127605,-13.46140063,-31.24500513,-14.16465044,-14.13780159,HELP
0,0,0,0.680339336,-9.757637978,-2.259759174,4.257193208,-22.67591953,-4.459651128,6.26103282,-31.84241652,-6.292403058,5.712121725,-39.9495393,-7.533177302,3.430962563,-22.82925248,-8.292028622,16.95430875,-25.66061616,-12.50130864,15.68188667,-21.33412957,-13.65711273,11.53021455,-19.52806115,-13.94354881,3.741359711,-15.20171762,-9.087200777,18.61538887,-16.95743799,-12.54132421,15.88621736,-13.66839409,-11.81207927,11.50708795,-12.54656315,-11.37557359,5.034384131,-7.340151072,-9.980352537,19.05553341,-8.8568151,-12.41491915,16.02709889,-6.400030851,-10.3436354,11.92497015,-6.026506424,-9.130376891,6.957438588,-0.114154816,-11.06091099,18.19856763,-1.442217827,-12.37757982,15.66346884,0.16259551,-11.09248878,11.63138449,0.444531441,-10.3399861,0,0,0,5.737417936,-8.770149946,-8.098513335,9.344148636,-17.72274971,-14.23636645,14.60753083,-24.57652688,-19.10345525,21.94375992,-28.44949961,-23.95045429,-3.871643543,-15.01690149,-14.68379617,-10.97513139,-20.47591209,-20.42284727,-17.08136201,-22.88221717,-23.99740338,-23.04878831,-24.24807549,-26.42103255,-10.23511291,-10.56662202,-12.84838289,-18.80171895,-16.64230824,-17.63710052,-25.12064576,-21.18834257,-20.02733916,-31.09648526,-24.59305525,-21.93606615,-14.54502344,-7.263469696,-11.16228893,-22.2002089,-12.87903786,-14.8824361,-27.27270573,-17.37262011,-16.77339941,-32.03661144,-21.01721168,-18.04268628,-16.99114442,-4.9010396,-10.09144753,-23.05000424,-9.104591608,-12.66550988,-27.32173055,-12.00361252,-13.78418922,-31.13469779,-14.74987864,-14.60111707,HELP
0,0,0,0.496387482,-9.813261032,-2.357150717,4.099297523,-22.64748216,-4.56321287,6.311511993,-31.89736009,-6.356206639,5.929672718,-40.10480046,-7.549882783,3.05762291,-23.20255637,-8.380425079,17.11220741,-25.70919991,-12.52789806,15.50115943,-21.64663672,-13.48169009,11.22026443,-20.32182217,-13.63172094,3.435015678,-15.32400846,-9.12588547,18.60989928,-17.35831499,-12.51882921,15.72327018,-14.11993504,-11.61718379,11.42627597,-13.10821176,-11.06169681,4.824185371,-7.30253458,-9.971723808,18.79313588,-9.167671204,-12.39905964,15.77311158,-6.571757793,-10.17176966,11.78177297,-6.166678667,-8.848952605,6.710597873,0.002527237,-11.00769575,17.67994165,-1.719421148,-12.25425164,15.09373784,0.15437603,-10.82136045,11.13741398,0.744378567,-9.976776047,0,0,0,5.442714691,-9.402602911,-8.033000849,8.922499418,-18.08081269,-14.21139406,13.90622854,-25.30716658,-19.15932017,20.47843933,-29.20347452,-24.10269099,-4.570642114,-16.08921289,-14.56166523,-12.5787735,-20.43582797,-20.32140212,-19.34376061,-22.93701768,-23.94026982,-25.63322186,-24.74290133,-26.38117092,-10.53016186,-11.11046672,-12.75204437,-19.71715093,-16.322577,-17.64557528,-26.51363015,-20.94244957,-20.02289014,-32.78562129,-24.5100081,-21.82170766,-14.51193094,-7.286638021,-11.09178605,-22.81837463,-12.14105487,-14.92703276,-28.44943404,-16.71171784,-16.68428349,-33.62210989,-20.68491578,-17.73645895,-16.75094366,-4.470968246,-10.03251242,-23.52458239,-8.421760798,-12.58295494,-28.29440236,-11.59302592,-13.51269352,-32.3192656,-14.80555534,-14.11560195,HELP
0,0,0,0.438785553,-9.910207987,-2.43805508,4.196387529,-22.52979279,-4.655831222,6.555852294,-31.88407421,-6.424287994,6.023934484,-40.201208,-7.570465197,3.225538135,-23.37341905,-8.735112389,17.23839045,-25.48918724,-12.87268727,15.52100182,-21.68450058,-13.63727479,11.05547845,-20.64129114,-13.64488332,3.362858295,-15.40331244,-9.389506568,18.74383688,-17.07821488,-12.89557843,15.7684505,-14.0129745,-11.8746969,11.5413934,-13.14948797,-11.22696726,4.589554667,-7.257252932,-10.12007697,18.9350307,-8.949691057,-12.6970756,15.81396461,-6.501454115,-10.4482676,11.82402074,-6.223934889,-9.062550505,6.265249848,0.136685371,-11.04142918,17.95758009,-1.516544819,-12.28818773,15.2643472,0.159132481,-10.87250291,11.17714942,0.701391697,-10.03892152,0,0,0,5.754807591,-8.119982481,-8.525892301,9.361681342,-16.15033746,-14.89810194,14.14264739,-23.26731086,-19.93541564,21.15420401,-27.95362473,-24.91764869,-4.307672381,-14.31375146,-14.96790345,-12.01329231,-19.54394579,-20.730482,-18.51275265,-22.31473327,-24.36749633,-24.66942966,-24.24873114,-26.87920327,-10.80547273,-10.15316844,-12.94607963,-19.80276406,-15.83846807,-17.73069943,-26.36106014,-20.5578208,-20.07528986,-32.61050582,-24.09351468,-21.93117733,-14.88772035,-6.910216808,-11.10359277,-23.0837971,-12.15193868,-14.86876155,-28.3281669,-16.83174372,-16.6524231,-33.18657279,-20.66668868,-17.80583556,-17.09992588,-4.57906723,-9.903721466,-23.55371118,-8.822870255,-12.59413357,-28.25952172,-12.18991876,-13.70948399,-32.3653847,-15.37915468,-14.4673347,HELP
0,0,0,0.29014945,-9.898406267,-2.738950817,4.059326649,-22.61408567,-5.005184604,6.678918004,-32.06048608,-6.796184598,6.77446425,-40.55040777,-8.005436925,3.56117487,-23.03240597,-8.591188161,17.75132418,-25.20132959,-12.81087217,16.47066474,-21.04353309,-13.79069057,12.10590303,-20.1828897,-13.97102144,3.816875815,-15.02315998,-9.123626022,19.27784681,-16.76618457,-12.71410104,16.5825814,-13.44397068,-11.92617458,12.17634976,-12.87920475,-11.4303675,5.058705807,-6.956106424,-9.793089746,19.42479014,-8.662670851,-12.46591252,16.53614342,-6.081980467,-10.42312351,12.54153848,-6.093025208,-9.158681004,6.844586134,0.321668386,-10.67238864,18.43668222,-1.282298565,-12.08762494,16.07851088,0.426703691,-10.82699266,12.17326522,0.830167532,-10.06882754,0,0,0,5.39906621,-8.503735065,-8.680505437,8.827120066,-16.61909819,-15.20390673,13.2294476,-24.00481701,-20.37491662,19.31326389,-27.85224915,-25.56528462,-5.810505152,-16.02041721,-15.17927511,-13.70725036,-20.73795795,-21.08749313,-20.42348385,-22.81380892,-24.91228296,-26.73270702,-24.11284447,-27.51034511,-11.80325449,-11.54263616,-13.17754401,-21.02557421,-17.24697351,-18.23548539,-28.18623036,-21.29001617,-20.91819806,-34.74787474,-24.2177546,-22.95568002,-15.68944156,-7.733052969,-11.36428503,-24.0111798,-13.13316226,-15.36282761,-30.00670373,-17.26593971,-17.55053563,-35.42491198,-20.6572175,-18.96228207,-17.69144535,-4.640710354,-10.18005772,-24.19611216,-8.566319942,-13.00220354,-29.08540368,-11.32733822,-14.29125531,-33.24801326,-14.01137114,-15.16758664,HELP
0,0,0,0.624877214,-9.721106291,-2.313263708,4.89281714,-22.40327895,-4.589650588,7.95430541,-31.70076013,-6.462986202,8.07338655,-40.23643732,-7.819133432,4.42968905,-23.3186245,-8.541316719,18.47271323,-26.05064511,-12.64703664,18.10372472,-21.11918926,-13.66968098,14.05571103,-18.74212623,-13.82910851,4.930716753,-15.55312872,-9.337266715,20.36856413,-17.88854003,-12.63548079,18.45005155,-13.63642216,-11.76962871,14.03047144,-11.95708513,-11.21241394,6.206554174,-7.455766201,-10.20704228,20.6436038,-9.617549181,-12.5398362,18.32915843,-6.371933222,-10.30964571,14.39255774,-5.625736713,-8.961785765,7.949918509,0.004893541,-11.25004012,19.50078011,-1.822596788,-12.37551513,17.53718555,0.225973129,-10.82895938,13.84382844,0.903153419,-9.897232236,0,0,0,5.60144484,-8.541220427,-8.779380254,8.92432034,-17.13770032,-15.51416644,13.40212524,-24.05626178,-20.85016497,19.79121864,-28.03980708,-26.24783643,-4.57406044,-15.2273953,-16.61192455,-12.88859248,-19.73893046,-23.12598654,-19.95946765,-22.36875892,-27.15121039,-26.48580074,-24.27656054,-29.83977326,-11.04229391,-10.38647294,-14.66424295,-21.13151848,-16.49298072,-20.18335142,-28.67676169,-21.37198448,-22.96984323,-35.53740382,-24.97580647,-25.05971023,-15.23782611,-6.692028046,-12.81892785,-24.39047992,-12.52568364,-17.23389902,-30.548127,-17.29798913,-19.57862058,-36.01115644,-21.27172947,-21.03587814,-17.43875444,-3.855329752,-11.56880685,-24.37837571,-7.988798618,-14.70292338,-29.55763638,-11.12613678,-16.16449036,-33.9953661,-14.12647367,-17.13658103,HELP
0,0,0,0.564438105,-10.39504409,-2.339981131,4.547351599,-23.17682803,-5.226439431,7.558694482,-32.42640495,-7.61188139,7.224446535,-40.87387621,-9.418574169,3.65101397,-23.79322946,-10.82671826,18.15976202,-26.36957467,-14.93721326,18.23056042,-21.54804468,-15.2457567,13.87290359,-18.69819164,-14.79941179,3.860101104,-15.60495496,-11.62139942,20.1608479,-17.87039638,-15.01827557,18.45821142,-13.76178265,-13.37344368,13.7984395,-12.05047369,-12.30097134,5.167931318,-6.994152069,-12.3093756,20.67588568,-9.469985962,-14.53187634,18.39549839,-6.679004431,-11.4609981,14.008075,-5.672729015,-9.632536962,6.928995252,0.761806965,-13.15658559,19.38061714,-1.607269049,-14.18741365,17.43845642,-0.299209356,-12.18879615,13.31816316,0.378727913,-10.98642518,0,0,0,5.969414115,-8.311921358,-9.918078155,9.45994556,-16.06256366,-17.17979249,13.72713745,-22.94003963,-22.83478764,19.75942552,-26.9646883,-28.47238568,-5.616500974,-14.65506554,-17.38990781,-13.61746788,-19.35815215,-24.13356391,-20.59821188,-21.65393829,-28.4244397,-27.21165866,-23.13422561,-31.29568187,-12.12652028,-10.37607193,-14.87993685,-21.77517116,-16.22467041,-20.64776954,-29.12946492,-20.45096159,-23.62953511,-36.01243496,-23.53120446,-25.81404236,-16.23719037,-7.046771049,-12.55320397,-24.85698313,-12.52021194,-17.19712553,-30.9992075,-16.64657593,-19.54489586,-36.69899106,-20.14490962,-20.99263159,-18.21475923,-4.616105556,-10.92963454,-24.77831393,-8.354312181,-14.22555831,-29.83387411,-10.84282994,-15.6474286,-34.23443437,-13.34378719,-16.56321523,HELP
0,0,0,1.028871536,-10.02144814,-2.30471535,5.043625832,-23.0183959,-4.817772529,7.747766376,-32.34301507,-6.927178673,7.516926527,-41.00664854,-8.487182728,3.83221209,-23.93400073,-9.175352625,18.08699965,-26.75180435,-13.33750921,18.11328232,-21.57081962,-14.11214458,13.90737295,-18.80144477,-14.04191839,4.174971581,-16.00023508,-10.03316703,19.99499798,-18.50118041,-13.45921742,18.3619976,-14.06623721,-12.41062494,13.7085706,-12.25498915,-11.73133092,5.472016335,-7.59062767,-10.91049897,20.40101886,-10.20703316,-13.34855097,18.18596721,-6.813049316,-10.84841626,14.0095681,-5.905032158,-9.322810791,7.297903299,0.027883053,-11.94452631,19.41212416,-2.283334732,-13.16592085,17.65421033,-0.429004431,-11.46895053,13.88880014,0.258296728,-10.41674154,0,0,0,5.563688278,-8.581382036,-8.779026078,9.008741379,-16.88271165,-15.3010885,13.58702183,-23.90044928,-20.47094505,19.37921643,-27.72411704,-25.62180113,-5.143877864,-15.25130272,-15.49930375,-13.17376792,-19.92421746,-21.66926961,-20.18952668,-22.25788832,-25.59754203,-26.75485164,-23.93121719,-28.27265512,-11.31228209,-10.70544124,-13.55878513,-21.36125565,-16.88276529,-18.84353112,-28.80565673,-21.47275805,-21.72123592,-35.52054763,-25.01124144,-23.8432924,-15.34830332,-7.051503658,-11.78263526,-24.28189069,-13.0849719,-16.02653812,-30.6320101,-17.61084199,-18.39767646,-36.34708226,-21.40043378,-19.87230878,-17.41944849,-4.390400648,-10.64103569,-24.0145579,-8.644038439,-13.7533332,-29.04222608,-11.41290665,-15.19715886,-33.4839344,-14.06421661,-16.12232278,HELP
0,0,0,0.949332118,-10.42174697,-2.649705934,5.092960596,-22.91986942,-5.615206326,7.921111584,-32.00286627,-8.058645094,7.697421312,-40.84950089,-9.910324479,3.695055842,-23.31464589,-10.70780706,18.39533448,-26.07455254,-14.90710478,17.61022508,-20.96882164,-15.27451974,12.94557452,-18.60529184,-14.94122844,4.071766138,-14.7416234,-11.42642971,20.15967667,-17.09031463,-14.8591901,17.890957,-12.85910606,-13.39127522,13.17923665,-11.41563654,-12.52241384,5.418005586,-6.068080664,-12.10952204,20.77150345,-8.783310652,-14.56865024,18.15334857,-5.586546659,-11.76831376,13.8674736,-4.77861166,-10.14280271,7.399258018,1.608413458,-12.94833522,19.7250843,-0.718951225,-14.25279033,17.95585454,0.981318951,-12.5034998,14.26766217,1.640343666,-11.47863072,0,0,0,5.749461055,-9.097808599,-8.73297284,9.035500884,-18.13820004,-15.15922154,13.48322332,-25.276649,-20.24919594,19.91038024,-28.76048088,-25.34892614,-5.232459307,-15.95650315,-15.21321739,-13.2837683,-19.96595263,-21.42815197,-20.32859623,-22.15242386,-25.4926389,-26.99577212,-23.89913797,-28.26848383,-11.39487624,-11.20602489,-13.22910691,-21.63606286,-16.83677435,-18.50153411,-29.15233076,-21.50043845,-21.36651481,-36.13701165,-25.20043254,-23.46795703,-15.44339955,-7.637214661,-11.42096425,-24.64540899,-13.10522556,-15.64237828,-30.86868078,-17.44925976,-17.8823104,-36.61586642,-21.2367475,-19.21981926,-17.5677985,-5.089211464,-10.27116383,-24.33336377,-8.86272788,-13.35019375,-29.34768647,-11.02012396,-14.69439323,-33.83410275,-13.02266121,-15.51306153,HELP
0,0,0,1.341843605,-10.20739675,-2.736806724,5.175894499,-22.60538042,-5.695086014,7.631829381,-31.50144517,-8.126093861,7.250118256,-40.21588564,-9.917291667,3.487113118,-23.07854891,-10.6080119,17.94787347,-26.02422833,-14.89469748,17.22610891,-20.99363804,-15.44120204,12.56771386,-18.53225231,-15.21031898,3.781783581,-14.52370286,-11.32623669,20.10125518,-16.84241295,-14.95131892,17.68800318,-12.83071041,-13.66457981,12.52693832,-11.20193005,-12.86355298,5.107030272,-5.826216936,-12.01962572,20.39931417,-8.409100771,-14.40049898,17.60360003,-5.47708869,-11.5326133,13.00910115,-4.462379217,-9.865682986,7.012155652,1.885634661,-12.92077493,19.10409331,-0.467783213,-14.09825277,16.89894199,1.107954979,-12.24975478,12.80322373,1.938921213,-11.16169434,0,0,0,5.34774363,-9.181636572,-8.655134944,8.459946513,-18.09527874,-15.16600585,12.91436851,-25.28730631,-20.39317375,19.70683038,-28.87818813,-25.59177464,-5.822217464,-15.70380926,-15.03271198,-13.99826109,-19.77393627,-21.18125891,-21.08599246,-21.94243073,-25.11242813,-27.75070369,-23.72325659,-27.81452721,-11.96623445,-10.79923511,-13.1107915,-21.81016654,-16.11361504,-18.53199637,-29.28184569,-20.72515488,-21.44806272,-36.18892133,-24.48291779,-23.56870955,-15.96385539,-7.185685635,-11.35818323,-25.08289218,-12.55423427,-15.76554662,-31.27070367,-17.0016408,-18.0716697,-37.01203167,-21.01080418,-19.41977924,-18.16799939,-4.691720009,-10.23928335,-25.09407252,-8.872276545,-13.37606346,-30.37123829,-11.63163185,-14.79630059,-35.11456549,-14.42139745,-15.68010038,HELP
0,0,0,1.254597306,-9.914821386,-2.560103776,5.529907346,-21.78088129,-5.483493673,8.407843113,-30.49423695,-7.936472538,8.505758643,-39.16775882,-9.845215919,4.18048501,-22.4957943,-10.24575541,18.3429122,-25.27266145,-14.6862545,17.58425832,-20.72473764,-15.58469618,13.24303448,-18.33474636,-15.65465862,4.498946667,-14.25635219,-11.11967424,20.36058903,-16.58685803,-14.88251621,18.00211072,-12.29555607,-13.76602584,13.25543523,-10.61009765,-13.03927684,5.72449863,-5.661153793,-12.00056085,20.49252093,-7.919061184,-14.82943082,17.97031164,-4.649245739,-12.32403079,13.80094588,-3.824007511,-10.78718686,7.473272085,2.235645056,-13.02828723,19.4152385,0.290328264,-14.65749973,17.38387346,2.010667324,-13.05271769,13.32334578,2.752745152,-12.06492418,0,0,0,6.092712283,-9.341096878,-10.53234445,9.47008431,-18.34902167,-18.14793231,13.78414333,-25.33715367,-24.08028574,20.15559375,-29.15077209,-29.96837975,-4.974117875,-15.12214541,-18.62487526,-13.41370344,-20.14865875,-25.91186644,-20.74878663,-22.62453437,-30.43680371,-27.81891525,-24.36707616,-33.45559122,-11.68757081,-10.56165695,-16.02638097,-21.69930637,-16.6962266,-22.67982246,-29.48322296,-21.23777866,-26.16033436,-36.83036864,-24.62106943,-28.57758881,-16.03958905,-7.500338554,-13.60263856,-25.155361,-13.37835193,-19.06086089,-31.8890214,-17.74318218,-21.84471072,-38.29136789,-21.45665288,-23.43824835,-18.29684526,-5.635839701,-11.9024183,-25.26410818,-9.989023209,-15.85982473,-30.65290153,-12.64214516,-17.66952457,-35.57805717,-15.12678266,-18.77054454,HELP
0,0,0,1.38720572,-9.637993574,-2.739045767,5.437710881,-21.96049392,-5.794725565,7.999134064,-30.86488545,-8.302548525,7.570686936,-39.23735917,-10.19582227,2.912345529,-22.24764824,-10.87509691,17.45182574,-24.78292584,-15.25684297,16.4894253,-20.36703229,-15.93459546,12.01618612,-18.20960641,-15.83966166,3.193870187,-13.88608217,-11.59503832,19.23042834,-16.42144918,-15.18426835,16.691944,-12.4919951,-13.75080645,11.9035095,-10.79807878,-12.89630234,4.480329156,-5.504751205,-12.31279,19.43977177,-8.051282167,-14.748016,16.58758223,-5.18925786,-11.85798794,12.14687228,-4.11183238,-10.22037491,6.286224723,2.055126429,-13.23475241,18.19259226,-0.08983016,-14.61368799,15.9196496,1.470965147,-12.92250007,11.68914139,2.260273695,-11.97938919,0,0,0,5.267694592,-9.305906296,-10.01405793,8.03899169,-17.98167229,-17.29350837,11.79596186,-25.12066364,-23.04465922,18.28158498,-29.3120563,-28.63141599,-7.298371196,-16.83155894,-16.43406751,-15.71752429,-20.65836787,-23.38249388,-23.3612299,-22.74976969,-27.86234321,-30.65494597,-24.56761599,-30.91933431,-13.85365129,-11.82300448,-14.06949165,-23.47797751,-17.20973253,-20.46653035,-31.28206134,-21.66859508,-23.97083642,-38.71151507,-25.20568371,-26.32485034,-18.0578351,-8.358824253,-11.97407397,-27.02261508,-13.77060413,-17.28707703,-33.8249445,-18.16402674,-20.0480521,-40.31250477,-22.03995585,-21.54146435,-20.12982368,-6.197214127,-10.60405748,-27.18286216,-10.52189469,-14.44787832,-32.82352537,-13.2181108,-16.23521002,-38.11625242,-15.76248407,-17.22971054,HELP
0,0,0,1.063299179,-10.10841727,-3.390612124,4.862499237,-22.07311392,-6.403423889,7.370105386,-30.9956193,-8.763262673,7.296958566,-39.48469162,-10.46884958,2.085074782,-21.79178596,-11.04962458,16.83291495,-23.47193658,-15.45507391,15.58086872,-19.39822733,-16.06083144,11.1205548,-18.16078424,-15.95309754,2.242067456,-12.85120845,-11.40332524,18.37057471,-14.66034651,-15.19888867,15.60335457,-11.42238975,-13.88029237,11.12708151,-10.37355661,-13.12383194,3.57080102,-4.143887758,-11.80537347,18.52820814,-6.020486355,-14.57744767,15.61398506,-3.445464373,-11.90382321,11.45261228,-2.619796991,-10.32695104,5.358493328,3.432381153,-12.46984531,17.39500761,1.881283522,-14.06268705,15.31774104,3.080362082,-12.55844016,11.41967773,3.738820553,-11.66964103,0,0,0,6.013137102,-8.508437872,-11.2959581,9.153908491,-16.52722359,-19.42390823,12.70236969,-23.75274897,-25.69669359,18.00012589,-28.7782371,-31.86349147,-5.669805408,-15.30147195,-19.73786228,-14.55355883,-20.01729012,-27.63828808,-22.39709347,-22.36486673,-32.5022208,-30.00416309,-24.16501641,-35.65459424,-12.27489114,-10.89980006,-16.8462249,-23.02701175,-17.47912169,-24.24583458,-31.90986067,-22.1128881,-28.17515903,-40.07812738,-25.57310462,-30.7349103,-16.78535789,-7.811385393,-14.11971622,-26.2843892,-14.07489181,-20.26960873,-33.60456824,-18.67822409,-23.43928092,-40.37348628,-22.43216634,-25.10270053,-19.25084293,-5.868005753,-12.12027022,-26.00626945,-10.29719114,-16.53624796,-31.70159608,-13.05201054,-18.57504421,-36.96950674,-15.58664441,-19.6907612,HELP
0,0,0,1.551473141,-10.63780189,-3.2115248,4.810240865,-22.96798527,-6.440522612,6.744283438,-32.34887123,-9.144104362,6.698921323,-40.98510742,-11.27672428,0.733926892,-22.88919389,-10.49267212,16.63075984,-23.78545105,-15.02713347,15.47301114,-19.45757866,-15.80294454,10.96731722,-18.31007004,-15.843355,0.857797265,-13.97776008,-10.99771866,17.53042638,-15.4150486,-14.76364517,15.45948982,-11.54981852,-13.53698456,11.50267124,-10.00567079,-12.86490941,2.208176255,-5.565798283,-11.59118274,17.81156063,-7.353371382,-14.56170911,15.46218097,-4.083508253,-12.14642534,11.62945032,-2.800959349,-10.69534952,4.38991487,1.65656805,-12.41157213,16.541031,0.221586227,-14.26941538,15.19109905,2.135527134,-13.0284124,11.98223233,3.3377707,-12.26984495,0,0,0,5.45565486,-8.841222525,-12.18025956,7.740113139,-17.40238667,-20.75263086,10.8217299,-25.70836544,-27.28898648,15.62383771,-30.87890744,-33.79721764,-8.017781377,-16.75121784,-20.97807798,-17.32832044,-21.81074023,-29.2354596,-25.26603192,-24.42822456,-34.45900801,-32.90154487,-26.3092041,-37.77578298,-14.15817142,-11.79074049,-17.6893172,-25.75856745,-18.50616932,-25.65351549,-35.1423189,-23.77535701,-30.13207737,-43.44169497,-27.56830454,-32.9500002,-18.15053821,-8.69050622,-14.55439005,-28.72904241,-15.28281569,-20.95634017,-36.74350679,-20.4208076,-24.54155061,-43.76448989,-24.51787591,-26.41824904,-20.16957104,-7.04485774,-12.18953851,-27.80567259,-12.09607124,-16.65755782,-34.07625854,-15.49320221,-18.86367473,-39.60407078,-18.47090125,-20.06172362,HELP
0,0,0,0.992175937,-11.53806448,-3.178348243,3.624621034,-24.13225472,-6.225285902,4.887577891,-33.7941587,-8.786644637,4.547253251,-42.82115102,-10.78386962,-1.058363914,-23.47435951,-10.36398247,15.02096355,-25.89593828,-15.15010208,13.85581493,-21.80905342,-16.03093803,8.981356025,-21.05810046,-16.19434565,-0.429853797,-14.18530941,-11.1462979,16.40292406,-17.29964614,-15.27100563,13.90992403,-13.76755834,-14.26981747,9.511607885,-12.53738999,-13.73541713,1.395347714,-5.197203159,-12.07249373,16.75875485,-8.906829357,-15.62401414,14.36429322,-5.306130648,-13.53542566,10.50994694,-4.052096605,-12.22975016,4.207360744,2.597635984,-13.21693122,16.30562842,0.329357386,-15.81743866,15.2492553,2.22055316,-15.04442751,12.21588552,3.13680768,-14.51887101,0,0,0,5.392536521,-9.209150076,-11.64689065,7.617682219,-17.81452298,-19.81725396,10.58947146,-25.7271111,-26.09165163,15.11121094,-30.82414865,-32.41947145,-8.820870519,-17.99414754,-19.62393076,-18.07341576,-22.76204824,-27.49029846,-26.06664896,-24.99896884,-32.67020137,-33.80461633,-26.28062963,-36.00799591,-14.49745893,-13.49371672,-16.55535699,-25.89221448,-19.84311938,-24.04040993,-35.5363965,-24.67999458,-28.51593644,-44.221735,-28.01524401,-31.38057143,-18.12111139,-10.01189351,-13.64940853,-28.61901373,-16.14403725,-19.72612739,-36.96087897,-20.87569237,-23.33577574,-44.34624314,-24.55044985,-25.27440638,-19.85279918,-7.502859831,-11.4723146,-27.33104825,-11.72245145,-15.80881775,-33.70044827,-14.35995102,-17.88343788,-39.17225003,-16.55706763,-18.97538305,HELP
0,0,0,2.821773291,-11.38138175,-3.91201166,5.549091101,-25.62241554,-6.824192531,7.038468122,-36.49603724,-9.06437201,6.32763803,-46.88478708,-10.55199889,-1.00877732,-28.16735506,-9.568788237,16.28755927,-31.25775456,-14.64971615,15.80040157,-23.58574867,-15.67790819,10.73727906,-22.14198709,-15.84933413,-0.465095043,-19.58327889,-9.864734239,17.20689833,-22.33803868,-14.24055112,15.91933966,-16.14320278,-13.53452665,12.16233373,-15.13159871,-13.00629837,1.226392388,-10.62874198,-10.49432171,17.41289794,-14.18071389,-14.67899991,16.2966907,-9.069472551,-13.16118998,12.79417276,-8.469796181,-11.90808056,4.004573822,-2.771258354,-11.3336326,15.62372446,-6.544786692,-14.34909863,15.875718,-5.43333292,-14.04672129,13.88559043,-5.897271633,-13.61604346,0,0,0,4.903197289,-9.535372257,-11.65892565,7.014235854,-18.25355887,-20.17867798,10.3990823,-26.43951178,-26.79515565,14.97366726,-31.30881786,-33.47656512,-8.136942983,-17.20375419,-21.06211865,-18.32651645,-22.62496948,-29.38366318,-26.74514353,-25.34003258,-34.68391979,-34.75137502,-27.4435401,-38.08080042,-14.02196586,-12.52472997,-18.05936331,-26.0800451,-19.20647025,-26.69370854,-36.29601896,-24.40267205,-31.95247138,-45.29913962,-28.12722325,-35.28184676,-17.74193943,-9.454858303,-15.01149917,-28.86054218,-15.75092673,-21.887263,-37.5852257,-20.78560591,-25.98849023,-45.11442482,-24.83953834,-28.17467535,-19.66901869,-7.890290022,-12.61704052,-27.5273636,-12.23446727,-17.41627389,-34.23673958,-14.94387984,-19.80459774,-40.25063813,-17.25498438,-21.10291654,HELP
0,0,0,2.541765571,-12.00453639,-3.202579424,4.975381494,-25.75443983,-5.897071094,5.830544233,-36.18251085,-8.189891905,5.100536346,-46.14463151,-9.815306098,-1.884359121,-28.73417139,-8.321758986,14.4543469,-30.8419764,-13.40148139,13.88091743,-23.58672619,-14.69069111,9.21767056,-21.85376287,-15.1432513,-1.824882627,-20.39808631,-9.060447544,15.69117606,-22.35817313,-13.56154519,14.26584423,-16.18397832,-13.05015671,10.62256992,-14.84106779,-12.688963,-0.503340364,-11.67868972,-10.14703426,15.82356989,-14.239645,-14.35177016,14.24193382,-9.029537439,-12.94518101,10.80116034,-8.269095421,-11.83033946,1.944819093,-3.914803267,-11.43482614,14.64502215,-5.785131454,-14.33260578,13.95884156,-2.727639675,-13.96451581,10.86586118,-1.964426041,-13.57485044,0,0,0,5.627471209,-8.77417326,-12.43749638,7.969683409,-17.23569036,-21.41452213,11.35822535,-25.63633323,-28.27979108,15.68744779,-31.13237619,-35.24932643,-7.22528398,-16.78678393,-22.63415833,-16.90848917,-21.94744349,-31.36226018,-25.24756491,-24.75597262,-36.95860287,-33.31809938,-26.55642629,-40.50123771,-13.42034936,-12.41403222,-19.18283929,-25.13553798,-19.32704449,-27.81356057,-35.36958694,-24.54014421,-32.97190448,-44.39563751,-27.90327668,-36.31189843,-17.40588546,-9.506767988,-15.69360723,-28.02678198,-16.31370187,-22.57067492,-36.71692312,-21.55084014,-26.74208363,-44.06376779,-25.378865,-29.04407164,-19.49364245,-7.906150818,-12.88235565,-26.99377984,-12.73432374,-17.61470219,-33.58016312,-15.84111452,-20.01338979,-39.2352134,-18.36363673,-21.40304973,HELP
0,0,0,3.256846964,-11.57159209,-3.244160759,5.865053833,-25.43596029,-6.308746981,6.772355735,-36.13143563,-8.950801092,5.991081893,-46.86039686,-10.97381775,-1.015463471,-30.01418114,-9.495212035,15.26984125,-33.47546458,-14.47170739,14.96697217,-26.06524229,-15.16225998,10.40432602,-23.99722338,-15.20509039,-0.939516723,-21.78937197,-10.33082669,16.64593071,-24.40980673,-14.56982558,15.41967541,-17.32414365,-13.38926171,11.82415932,-15.93492627,-12.61300956,0.480599701,-12.6277864,-11.44121652,17.24417955,-15.89338779,-15.66373472,15.8831045,-9.863936901,-14.15405338,12.47224361,-8.509486914,-13.10095106,3.089769185,-4.289412498,-12.72063618,16.21351391,-6.196045876,-16.17356901,16.28840715,-3.383386135,-16.27113436,14.02408332,-2.678734064,-16.17247825,0,0,0,4.313081503,-9.22961235,-11.02555081,5.774274468,-17.89366007,-18.69377851,8.314266801,-26.24919415,-24.66925293,12.74807155,-30.95793128,-30.6183508,-10.09938717,-17.08583832,-17.717143,-20.54479718,-22.3012507,-25.16903788,-28.93478572,-24.84083176,-30.22248953,-36.60885692,-26.64504647,-33.45846146,-15.13285637,-12.05576658,-14.97736632,-27.24570483,-18.62234473,-22.20156252,-37.49573827,-23.32094908,-26.75971895,-46.41813636,-26.47178173,-29.63298171,-18.38313639,-8.529067039,-12.48018875,-29.39642817,-14.73733187,-18.20985883,-38.25959563,-19.24129128,-21.82793677,-45.9143728,-22.56371975,-23.74749243,-20.09063959,-6.347304583,-10.73170289,-28.26646268,-10.73904634,-14.727979,-35.12297124,-13.28942776,-16.75997734,-40.98217785,-15.24246931,-17.8065753,HELP
0,0,0,2.707445621,-11.88691854,-2.963834986,5.143237114,-25.12131333,-5.889812283,5.782699585,-35.40147841,-8.45402459,4.658809304,-45.61205506,-10.42871604,-2.213762701,-28.77164781,-9.172742612,13.76025677,-31.27272725,-14.01289011,13.93226981,-23.63945246,-14.7161221,9.779140353,-21.26994133,-14.72644264,-2.257481217,-20.57432532,-10.07914672,15.50500989,-22.8027761,-14.38764388,14.67328072,-16.01657867,-13.3062085,11.28126085,-14.40008879,-12.49831969,-0.920003653,-11.79563999,-11.23443077,16.13610089,-14.77494836,-15.58236236,15.11998475,-9.039747715,-14.07578791,11.89344227,-7.81468153,-12.90718073,1.626637578,-3.865432739,-12.50759418,14.80019093,-5.400395393,-16.02095718,15.25182128,-2.287000418,-15.9402212,13.33532631,-1.516544819,-15.66079015,0,0,0,5.733042955,-8.844858408,-12.31946962,7.87743032,-17.39632487,-21.08714746,10.48420668,-25.56195259,-27.84661816,14.44061995,-31.17175102,-34.65164172,-8.558732271,-16.21268392,-21.23184668,-19.00667846,-21.43595219,-29.739614,-27.54503638,-24.4561851,-35.20995842,-35.6310606,-26.36681199,-38.58853446,-14.46676254,-11.46416068,-17.85058396,-26.30373389,-18.12830567,-25.93901919,-36.25792563,-23.37688804,-30.75218366,-44.91045773,-26.9960165,-33.75478255,-18.09337139,-8.453309536,-14.57046436,-28.9136067,-15.02820253,-21.15712332,-37.5665158,-20.33541203,-25.07957088,-45.02408803,-24.61380959,-27.1236168,-19.93786097,-7.076776028,-12.00062053,-27.57399678,-12.4196291,-16.40760021,-33.99341255,-15.90205431,-18.51523833,-39.52861726,-18.99436712,-19.63274496,HELP
0,0,0,2.77107656,-12.12463975,-2.982566015,4.479908943,-25.25840998,-6.022241407,4.642492533,-35.34346223,-8.721811392,3.364253044,-45.55543065,-10.79232923,-2.862504125,-29.23898995,-9.680765935,12.77271509,-31.92429543,-14.49139274,12.82613873,-23.95790219,-15.03732658,8.531939983,-21.77998424,-15.0598184,-3.156852722,-20.96884251,-10.66878147,14.35865462,-22.91003466,-14.95050646,13.31050694,-15.68348408,-13.72672922,9.817779064,-14.42064047,-12.92014427,-1.645758748,-11.62952185,-11.85674376,15.0611192,-14.11058307,-16.02985419,13.99746239,-8.275878429,-14.34421546,10.89908481,-7.177627087,-13.19341964,1.089671254,-2.970087528,-13.20376701,14.32560384,-4.53068614,-16.54440618,15.39852321,-3.111165762,-16.56273461,14.26712573,-3.582978249,-16.43443859,0,0,0,4.513970017,-9.242761135,-13.12706774,5.792167783,-17.51689911,-22.16344332,8.676689863,-25.4771769,-28.83152222,13.42304945,-30.91477156,-35.57076012,-10.04689634,-14.95658159,-22.78875863,-21.14220113,-20.67782283,-31.21558582,-29.97906804,-23.61195087,-36.63115655,-37.95770705,-25.19643307,-39.98755967,-15.60674906,-10.09740829,-18.7103123,-28.04288715,-17.75211096,-26.23427962,-38.07429224,-23.02840352,-30.3753302,-46.42629027,-26.13935471,-32.98652624,-19.15566027,-7.171022892,-14.77803146,-30.31360656,-14.01485205,-20.66289191,-39.01551068,-18.8178122,-24.12641202,-46.278283,-22.2890079,-26.02138971,-21.07032537,-5.729138851,-11.66701769,-29.0449068,-10.62634587,-15.68388348,-35.41037142,-13.45307827,-17.5984398,-40.68395793,-15.90063572,-18.6554641,HELP
0,0,0,2.356898785,-12.49090433,-3.128460939,3.963285685,-25.10213256,-6.337195034,3.983038664,-34.8503828,-9.143776591,2.46911943,-44.80946064,-11.30237817,-3.942161798,-28.23168039,-10.527938,12.23058403,-30.71993589,-15.51436126,12.02067137,-23.40146303,-15.96549838,7.438716292,-21.43771648,-15.9265542,-3.896209598,-19.63210702,-11.60446271,13.82012069,-22.06614017,-16.15018189,12.23084331,-15.30330777,-14.82351511,8.34403038,-13.96112442,-13.96320253,-2.020314336,-10.06455421,-12.85827845,14.50474262,-13.46161962,-17.31181085,13.02199066,-7.837510109,-15.53911656,9.671786427,-6.59044385,-14.35265332,0.979432464,-1.299333572,-14.28134381,14.3561244,-3.139793873,-18.12343537,14.57190812,-1.268959045,-18.28030139,12.4334693,-1.265251637,-18.21255028,0,0,0,4.295936227,-9.608793259,-12.08589024,5.582034588,-17.93891191,-20.58841831,7.993966341,-25.68237185,-27.02398247,12.82193065,-31.6609323,-33.50440807,-10.45202911,-16.39134884,-20.50949133,-21.43164873,-21.80228829,-28.53560395,-30.1087141,-24.16231632,-33.79767186,-37.85937577,-25.33757687,-37.04025991,-15.998438,-11.2647295,-16.87133706,-28.37251127,-18.19850802,-23.79573531,-37.973921,-22.86729217,-27.56144352,-45.96896172,-25.76080561,-29.88309509,-19.54206973,-7.810610533,-13.42541672,-30.51876873,-14.0578568,-18.72606672,-38.76698315,-18.41401458,-21.66376061,-45.60724199,-21.50905132,-23.17199654,-21.36224061,-5.71013689,-10.7979568,-29.1997999,-10.6079936,-14.28181029,-35.44905633,-13.33853006,-15.76260276,-40.63019753,-15.62051177,-16.4551834,HELP
0,0,0,2.065601945,-12.19674349,-3.887003689,3.69862318,-25.03892779,-7.70081359,4.200178385,-35.03823876,-11.00850555,2.743649483,-45.43670416,-13.63465863,-4.547771811,-27.67915726,-11.4669733,12.95809746,-30.78778982,-16.71028662,13.04802001,-24.00693893,-17.05791432,7.988035679,-22.24117517,-16.90396744,-4.032066464,-18.93482804,-12.36149076,14.45818543,-22.10531831,-17.21963215,13.05091381,-15.45907855,-15.67955691,8.771345019,-14.76098299,-14.64345831,-1.739802957,-9.652888775,-13.521833,15.42055309,-14.10046816,-18.4000023,14.02813494,-8.712393045,-16.3698681,10.06375849,-7.942086458,-14.97760194,1.810508966,-1.304513216,-14.92588001,13.98185492,-4.464572668,-19.38992369,13.98041248,-3.892350197,-19.76240355,11.70980036,-4.851603508,-19.7730698,0,0,0,5.035474896,-8.929592371,-12.01683299,7.386493683,-17.31123328,-20.63697742,10.01988053,-24.99848604,-27.39889489,14.54957128,-30.10755181,-34.17190479,-9.183737636,-16.38780236,-20.20796405,-19.17607188,-20.76485753,-28.4992622,-27.50073969,-23.15706015,-33.94388126,-35.45529991,-24.80121255,-37.4356942,-14.70583379,-11.61069274,-17.17964129,-26.53681487,-17.76263118,-25.13470219,-36.56473458,-22.54803777,-29.91367446,-45.41990757,-25.97768903,-32.94211791,-18.26630235,-8.259910345,-14.33299051,-28.98958921,-14.19268847,-20.83594815,-37.95659244,-18.76411438,-24.67974441,-45.76379061,-22.34203219,-26.69547366,-20.08631974,-6.210434437,-12.2503625,-27.97972262,-10.64723134,-16.74783395,-34.81744677,-13.42451572,-18.92828362,-40.71762562,-15.88874459,-20.07471041,HELP
0,0,0,1.374772191,-12.03315258,-3.437026187,2.390652895,-24.15219843,-7.195694714,2.596798539,-33.54254365,-10.49752679,1.079109311,-43.30304265,-13.20421395,-6.055217981,-26.95260048,-11.39415574,10.70615947,-29.05898094,-16.42011252,10.95362604,-22.7835536,-16.91780236,6.044194102,-21.03102207,-16.95557979,-5.741670728,-18.16136241,-12.41235357,12.14887798,-20.47501802,-16.89330783,10.94968617,-14.44589496,-15.42263028,6.717008352,-13.42641115,-14.60834888,-3.586363792,-8.7690413,-13.61008879,12.80867755,-11.98601723,-18.17988601,11.46617234,-7.225090265,-16.34812054,7.438287139,-6.224393845,-15.22475776,-0.136646628,-0.225931406,-15.00991729,11.05061471,-2.449721098,-19.29555681,11.62297726,-2.950513363,-19.83540204,9.958472848,-4.336374998,-20.04717734,0,0,0,5.357009172,-8.541715145,-11.16427929,8.235540986,-16.59596562,-19.05597449,10.98239124,-24.4294703,-25.31011254,15.28577507,-29.68056798,-31.52895421,-8.582648635,-16.78953767,-17.43340493,-17.83818603,-20.9215641,-24.79415239,-25.60765296,-23.32179546,-29.85971124,-33.05037171,-25.31451583,-33.25107545,-14.12359476,-12.6875937,-14.85403926,-25.25178045,-18.23589802,-21.78015859,-34.75990146,-22.84476161,-26.33070201,-43.47225428,-26.44374371,-29.39773054,-17.7344352,-9.448844194,-12.56778241,-27.85044611,-15.07965922,-18.190372,-36.34530306,-19.82740164,-21.79912925,-43.93646419,-23.64364862,-23.85884375,-19.62125301,-6.990766525,-11.06764526,-27.3571983,-11.59060001,-15.07522315,-34.03046131,-14.93265629,-17.16936529,-39.70955312,-17.99099445,-18.35983545,HELP
0,0,0,1.509895921,-10.99787354,-3.397374482,3.039839864,-23.3371079,-7.048606381,3.615647554,-33.4794879,-10.44063966,3.646317124,-42.95434356,-13.44727974,-5.119249225,-27.46388912,-9.113832817,10.87717116,-30.60588837,-13.90520583,10.66638827,-25.14873743,-15.02856861,6.280907989,-23.39647412,-15.5543233,-5.084267259,-18.73292327,-10.11798035,12.23641932,-22.28432894,-13.86490564,10.58864594,-16.68647528,-12.59201269,6.694930792,-15.65313935,-11.97615142,-3.26654911,-9.569513798,-11.46702717,12.51567602,-13.56310844,-15.11487316,10.50331295,-9.022057056,-13.40322296,6.776615977,-8.060097694,-12.48039703,-0.456386805,-1.33279562,-13.1353731,11.54591143,-3.545790911,-16.30454163,10.35774946,-2.012789249,-16.49104755,6.937944889,-1.704835892,-16.61627542,0,0,0,5.160531402,-9.472805262,-10.82058476,7.598900795,-18.36593747,-18.36640836,10.34388542,-26.47094131,-24.27467556,14.58281875,-30.79638481,-30.17106654,-8.812749386,-17.70923138,-17.21214206,-19.26651001,-22.2902894,-24.21306075,-27.44507641,-24.80164766,-28.95159127,-35.07351577,-26.81033611,-32.05830158,-14.19500113,-12.73084879,-14.52881695,-26.20712519,-18.4771359,-21.13228144,-35.6564492,-23.70192409,-25.3971845,-43.88357103,-27.81462073,-28.15789284,-17.43540764,-9.204077721,-12.05213891,-28.08238119,-15.01045823,-17.31912644,-36.46669686,-19.9883163,-20.65638156,-43.69088709,-24.16360378,-22.47459443,-18.93199533,-7.080388069,-10.32680796,-26.65508389,-11.43616438,-14.08919246,-33.09193701,-14.52790499,-15.9467891,-38.48512471,-17.37456918,-16.89294429,HELP
0,0,0,1.925295591,-10.49762368,-3.945265893,4.213246703,-22.6477921,-7.985503781,5.624675751,-32.31901526,-11.56039815,4.826259613,-42.33391285,-14.68645911,-3.528514504,-25.99992752,-10.68756859,13.13099861,-28.1924367,-15.58336,12.71335185,-23.33999872,-16.40306692,7.807037234,-22.28112221,-16.68863874,-3.174090385,-17.27904677,-11.50928642,14.43417668,-20.03039122,-15.66929053,12.52817512,-14.56749439,-14.08946942,8.507883549,-14.03512955,-13.17851375,-1.367750764,-8.587795496,-12.69163321,14.99817073,-11.7652297,-16.72752034,12.67854273,-7.751893997,-14.70709722,8.510899544,-7.577973604,-13.53093069,1.538544893,-0.991690159,-14.2348973,12.43255734,-2.919071913,-18.04072838,11.45303547,-3.703570366,-18.50138288,8.965486288,-5.561584234,-18.74939631,0,0,0,5.234098434,-9.390932322,-10.71378236,7.538497448,-18.4292376,-18.07136034,10.16331911,-26.81886554,-23.78174906,14.97786641,-31.55619502,-29.43601554,-8.51136446,-18.56606007,-16.78070968,-19.46419775,-22.75308967,-23.64752834,-27.76783258,-24.9782145,-28.17178016,-35.36572158,-26.94179416,-31.1448062,-14.09791708,-13.92922401,-14.07011097,-26.20796263,-19.50017214,-20.49849128,-35.44782549,-24.1951704,-24.45453202,-43.50464344,-27.90327072,-26.98224132,-17.45391339,-10.29060483,-11.59249862,-27.84140557,-15.91441035,-16.61443805,-35.83142161,-20.47342062,-19.62400918,-42.66153872,-24.37425852,-21.22908925,-18.98352206,-7.711678743,-9.891726278,-26.56962872,-11.57470942,-13.43172883,-32.7173993,-14.27436471,-15.12960141,-37.83269525,-16.86400175,-15.96763527,HELP
0,0,0,1.350072026,-11.15476489,-2.42526746,3.926259279,-22.74812162,-5.511772917,5.515882373,-32.22565055,-8.423607709,4.543888569,-41.84666127,-10.92628157,-1.51681006,-26.15480721,-8.89734468,14.76301551,-27.25796998,-13.48647466,14.1097188,-22.28454351,-14.32793728,9.168016911,-21.16499543,-14.57854501,-1.047092676,-17.59569049,-10.26972374,16.47741497,-18.67828071,-14.18381623,13.95573616,-13.33319545,-12.9740431,9.416744113,-12.65615821,-12.28943086,0.76162219,-8.542835712,-11.81063345,16.41425788,-9.666848183,-15.43920329,13.70629966,-5.485022068,-13.48025343,9.514272213,-5.140376091,-12.29064307,3.369632363,-0.143134594,-13.56377742,15.24057388,-0.350165367,-16.42361126,14.5608753,0.258511305,-16.09759173,11.97227836,-0.351315737,-15.82878372,0,0,0,5.377185345,-10.24303436,-10.55242679,8.078819513,-19.63708997,-18.01148093,10.55771708,-27.62650847,-23.82248229,16.03617668,-32.15038776,-29.53888363,-8.794820309,-20.23406625,-16.6985113,-18.18011105,-23.05774093,-24.11229795,-26.24689192,-25.04531145,-29.07678372,-33.81273597,-27.10970044,-32.33405238,-15.0853008,-15.4476285,-14.14139456,-25.908342,-19.9077189,-20.97071445,-35.09893119,-24.17288423,-24.96942914,-43.56554449,-27.27629542,-27.46375984,-18.81465614,-11.84251308,-11.8497487,-28.15983742,-16.47113562,-17.36310011,-36.19437814,-20.84920406,-20.44313288,-43.64259243,-24.48915839,-22.01921976,-20.25700063,-8.990240097,-10.3158403,-26.68712586,-13.1184876,-14.254475,-32.91292638,-15.90281129,-16.10380894,-38.61306608,-18.41783524,-16.97915083,HELP
0,0,0,2.302843332,-11.20464802,-2.315638394,5.080744624,-23.1463939,-5.429122776,6.617712975,-32.73621798,-8.380732865,6.136125326,-42.47728884,-10.88130939,-0.341668725,-27.02881098,-8.520461053,15.20243287,-28.28353941,-12.87985984,14.24181759,-22.769472,-13.65393642,9.578791261,-21.87096179,-13.85302487,0.350555778,-19.27774549,-9.831775904,16.76591337,-19.84390616,-13.33913001,14.26949203,-14.82269168,-12.11778018,10.19687951,-14.5440042,-11.47280279,1.965400577,-10.85945368,-11.32156867,17.30757654,-12.1342361,-14.35521933,14.43993449,-7.773518562,-12.51884046,10.50492227,-7.388621569,-11.52637768,4.391279817,-3.138244152,-13.01058325,15.76856077,-3.838121891,-15.22256377,14.30901587,-2.078479528,-14.78572282,11.24024987,-1.696705818,-14.56240061,0,0,0,4.804757237,-10.03218293,-9.748681418,6.834408641,-19.80597377,-16.37675294,9.454834461,-28.3515811,-21.48053922,14.95014429,-32.9492569,-26.48582437,-10.28140485,-19.90078688,-14.76692536,-19.84573901,-24.50283766,-21.21064641,-27.46577561,-26.87243819,-25.72539725,-34.63502973,-28.90945673,-28.69407215,-16.26962721,-15.1830256,-12.21673765,-27.30660737,-21.27579451,-17.9296402,-35.87779403,-25.83498955,-21.49342575,-43.74345839,-29.13323641,-23.74860921,-19.53551471,-11.42387986,-9.890291624,-29.10571098,-17.45003462,-14.29905423,-36.5870446,-22.0323801,-16.89920255,-43.45818758,-25.80725551,-18.22174319,-20.59714347,-8.388692141,-8.286249421,-27.53777355,-12.92698979,-11.24265619,-33.16515535,-15.66729546,-12.42528313,-38.12382519,-18.14376712,-12.8790287,HELP
0,0,0,2.131524682,-10.89456677,-2.531253666,5.364155769,-22.88590074,-5.318199032,7.216590643,-32.29250312,-7.786699318,6.849712133,-41.67188257,-9.733524852,0.446560979,-25.98578036,-8.621510797,16.21636748,-26.81860924,-13.42439272,14.79481459,-21.31123245,-14.71695521,9.813818336,-21.34488821,-15.25277414,1.100173593,-18.2862401,-9.71649655,17.45220423,-18.67735684,-14.01341327,14.70521688,-14.08886313,-13.52494576,10.41825414,-13.98979425,-13.30328205,2.673053741,-9.851008654,-10.97287231,17.73329079,-11.27738953,-14.75342729,14.82934058,-7.159096003,-13.21091869,10.83380878,-6.993103027,-12.19359406,5.160492659,-2.074176073,-12.36672246,15.93134999,-3.699964285,-14.98028108,14.46117163,-1.789027452,-14.46845897,11.49766743,-1.300430298,-14.0661008,0,0,0,4.404717684,-9.916037321,-9.695168409,6.245842576,-18.99459362,-16.49315116,8.737435937,-27.15957761,-21.74913195,13.75412047,-31.89038634,-26.97117088,-9.944969416,-18.60684156,-15.51376191,-19.93419528,-23.51019979,-21.9251549,-27.50897706,-26.42983198,-26.17154774,-34.27609652,-28.93497944,-28.99968681,-15.32900035,-13.12007904,-13.096804,-26.43666267,-19.44230199,-18.66633949,-34.29335207,-24.52716231,-21.8450552,-41.0582006,-28.52897644,-23.97513894,-18.28192174,-8.776628971,-10.94680709,-27.95630395,-15.10464549,-15.15120027,-34.81569141,-19.96785402,-17.38212166,-40.60014784,-24.05218482,-18.63146481,-19.34733987,-5.582380295,-9.549739036,-26.70886666,-10.56396961,-12.49759701,-32.15679824,-13.67192864,-13.7342563,-36.6774112,-16.45437479,-14.35195414,HELP
0,0,0,1.871004701,-10.33998728,-2.269511159,5.187505484,-22.32761979,-4.590166594,7.564949989,-31.67052865,-6.670303877,7.687708735,-40.44059515,-8.223204549,1.608073711,-25.96442401,-7.162427391,16.34226441,-26.61658227,-11.77265966,14.89105225,-21.14163935,-13.18852776,10.28558314,-20.87681592,-13.77289617,2.128383517,-18.84292364,-8.166852083,17.38560796,-18.62556338,-12.24387312,14.8098588,-14.26729858,-12.04070174,10.72835326,-14.31681812,-11.92900487,3.417557478,-10.951823,-9.372455861,17.53880382,-11.58696413,-13.05875951,15.14288187,-7.537966967,-11.77576804,11.64642572,-7.572972775,-10.78180545,5.533534288,-3.518480062,-10.68052077,16.79891944,-4.524642229,-13.01153326,15.50233364,-1.963877678,-12.35947409,12.46841252,-1.438099146,-11.78899878,0,0,0,5.221375823,-9.7674191,-10.11405375,7.690352201,-19.48181391,-17.20822837,10.29477119,-27.83169746,-22.69543197,15.0488317,-32.08813071,-28.17755725,-8.908370137,-19.30123568,-16.19111534,-18.06135476,-24.38762784,-22.62597617,-25.41195005,-27.16269493,-26.91111352,-32.38504231,-29.64397669,-29.81424119,-14.38218355,-14.29353356,-13.59709736,-24.59763885,-20.76168656,-19.66541793,-32.41748214,-25.84465146,-23.37814208,-39.54113126,-30.1019907,-25.82663979,-17.59595871,-10.43418646,-11.1899228,-26.64848417,-16.71775579,-16.02135982,-33.63006413,-21.40892148,-18.83476462,-39.90442157,-25.54627657,-20.39422777,-18.94580722,-7.629865408,-9.486549459,-25.82853436,-12.2076869,-12.88997021,-31.27273321,-15.1933074,-14.49847605,-35.97468734,-18.08533072,-15.36393251,HELP
0,0,0,1.742950082,-9.337705374,-2.564780859,5.323979259,-21.83722556,-5.191462746,7.912540436,-31.4891398,-7.50773426,7.804769278,-40.35522491,-9.30231612,1.936244965,-26.06735528,-7.970965913,16.32978916,-26.40639544,-12.52237733,15.08831084,-20.51817477,-13.72622426,10.89434028,-20.25500238,-14.1570213,2.423131466,-19.09912825,-8.890547862,17.46804118,-18.84328723,-12.62865837,15.25324583,-13.917014,-11.93778541,11.38522029,-14.01015222,-11.54222589,3.598850965,-11.4097774,-10.03808778,17.98563302,-11.73641086,-13.35403051,15.51878154,-7.161515951,-11.66821893,11.84383631,-7.160151005,-10.53015988,5.63673377,-4.254102707,-11.34471696,17.35688746,-5.188989639,-13.40840187,15.70153236,-2.210056782,-12.58111175,12.18864024,-1.522219181,-11.9865204,0,0,0,5.713927746,-10.20534039,-9.952319921,8.287090063,-19.198066,-16.88269875,11.13151312,-27.10876465,-22.18864313,15.9384191,-32.22546577,-27.53122798,-7.90335834,-19.31442022,-16.58254316,-17.17528999,-24.53166246,-23.08373353,-24.45573956,-27.5840342,-27.25997916,-31.082578,-30.29945493,-30.06025007,-13.47643435,-14.10893798,-14.07469264,-24.39792156,-20.44419646,-19.81863877,-32.1716845,-25.5687654,-23.10719392,-38.98454309,-29.73150611,-25.36223283,-16.56307876,-9.770709276,-11.75634614,-26.27784163,-15.91581106,-16.2532886,-32.93981701,-20.92276812,-18.7045624,-38.61272633,-25.51320195,-20.13633451,-17.75634587,-6.353497505,-10.14576381,-24.86257404,-10.74463129,-13.44793043,-30.02158999,-14.00786638,-14.92129615,-34.16416794,-17.34060645,-15.74430069,HELP
0,0,0,1.833742857,-9.638667107,-2.876257098,5.064335465,-22.32699692,-5.75199215,7.190617919,-32.04619288,-8.251306547,6.92577064,-40.80798179,-10.21607233,1.311522722,-26.02967918,-8.496686204,16.23249352,-25.41388273,-13.19533525,14.72302377,-19.98357475,-14.37321989,10.38488448,-20.00890374,-14.78011696,1.660391688,-19.10806,-9.267139567,16.99664891,-18.15752387,-13.17788003,14.57149684,-13.60617876,-12.40691109,10.72690487,-13.76561224,-11.96060566,2.725240588,-11.54683232,-10.29221578,17.36775935,-11.79665327,-13.82297961,14.76970911,-7.485592365,-12.15326054,11.17176116,-7.460868359,-11.00517748,4.653927684,-4.588508606,-11.47673441,16.32795334,-5.39034605,-13.7468913,14.55352306,-2.588540316,-13.05289207,11.05454564,-1.982063055,-12.54967837,0,0,0,5.457317829,-10.9551549,-9.981095146,7.941269875,-20.6353426,-17.27049435,10.64528227,-28.91539335,-22.96048189,15.67192674,-33.89049768,-28.67107327,-7.243153453,-20.74052095,-17.33826334,-16.76095724,-26.09177232,-24.47055067,-24.21608418,-29.72391248,-28.91199524,-30.89670688,-33.06114078,-31.79475899,-13.08282018,-15.14867544,-14.9195456,-23.90307188,-22.06645012,-21.34963359,-31.6089049,-27.9048562,-24.6437722,-38.3264631,-32.70418048,-26.79557736,-16.57007933,-10.5797708,-12.7165326,-26.25820339,-17.54792333,-17.95132096,-32.62617439,-23.20767641,-20.4016828,-37.96058595,-28.16725969,-21.65366943,-18.16077828,-7.183146477,-11.19270931,-25.36850721,-12.75678277,-14.938859,-30.36249727,-16.91496372,-16.55082042,-34.41781104,-20.94681859,-17.39190603,HELP
0,0,0,2.374881506,-10.08757949,-2.03244134,5.501031876,-22.53326178,-5.180465683,7.034751773,-31.97804093,-8.153537168,6.6093117,-41.09122157,-10.65679963,1.376757026,-26.00456476,-9.048960611,16.09452367,-25.85235238,-13.87142043,14.30347562,-20.21457255,-14.77585982,9.998518229,-20.45587003,-15.03251295,1.654726267,-18.87640059,-10.50900693,16.82732403,-18.03158224,-14.63505278,14.33075964,-13.18101883,-13.61513089,10.80233157,-13.58437538,-13.06515138,2.676522732,-11.00479364,-12.1080647,16.81650281,-11.08763218,-15.6994472,14.23895955,-6.526297331,-13.85002981,10.88554263,-6.575942039,-12.73128043,4.619082808,-3.883075714,-13.78913473,15.43732584,-4.421037436,-16.11978958,13.81757855,-1.563388109,-15.46524565,10.60060263,-0.973010063,-15.10141443,0,0,0,5.029261112,-11.39416695,-9.492469212,7.322508097,-21.56971097,-16.30918049,9.967702627,-30.43661714,-21.56807296,14.77121711,-36.16403341,-26.81622766,-7.868590951,-21.79715633,-15.92962705,-17.9004848,-27.77177095,-22.32566141,-25.47163665,-31.62456155,-26.43804513,-32.16511905,-34.74285007,-29.12407779,-13.59243095,-16.19930863,-13.44236993,-24.31600392,-23.44849706,-19.12286692,-32.11220056,-29.46126461,-21.99998014,-38.94062936,-34.13235545,-23.89392071,-16.97223186,-11.49663925,-11.2065021,-26.40107721,-18.97805333,-16.06638544,-32.84200728,-24.55256581,-18.35524552,-38.54661882,-29.44464684,-19.48258542,-18.59323978,-8.258491755,-9.583248576,-25.67510605,-13.73462677,-13.11965399,-30.6714043,-17.48436689,-14.55306225,-35.00041068,-21.15705013,-15.25588595,HELP
0,0,0,2.554836869,-9.210592508,-2.406007062,5.791038275,-21.05028927,-5.292395513,7.857701182,-30.52349687,-7.894789439,8.115291595,-40.02993703,-9.990329306,2.086481452,-26.3320744,-7.817501586,16.45465493,-26.46155357,-12.15196476,14.94630277,-21.09270096,-13.04002554,10.65137088,-20.99426687,-13.28327955,2.651825547,-19.9680239,-8.754030626,17.62469709,-19.86808777,-12.29826958,15.18145502,-15.17433226,-11.35253311,11.44336164,-15.57037532,-10.79400257,3.776872158,-12.69784272,-9.90722553,18.04693341,-12.9358381,-13.07022722,15.57991505,-8.534055948,-11.46850289,12.16814518,-8.721238375,-10.46630667,5.684268475,-5.911982059,-11.18762271,17.04083681,-6.226819754,-13.27465774,15.20178914,-3.399962187,-12.72113175,11.72687411,-2.974426746,-12.3651594,0,0,0,5.750921369,-10.228163,-10.01650132,8.543685079,-19.08355951,-17.38827713,11.60756052,-28.30466628,-22.99536355,16.67269766,-34.11296606,-28.51326354,-6.705123186,-20.26450634,-18.03809591,-16.43797159,-26.04543567,-25.20355769,-23.75319302,-29.95485663,-29.55513187,-30.44049144,-33.27393532,-32.32397623,-13.02031279,-15.23273587,-15.35288878,-23.66175503,-22.29556441,-21.46136053,-30.9099108,-28.08384299,-24.23981316,-37.31108606,-32.7714026,-26.10099502,-16.88459218,-11.00130081,-12.84327395,-25.96078813,-17.85434484,-17.90759154,-32.19159096,-23.31828475,-20.0520996,-37.64297664,-28.10665369,-21.16503455,-18.69976819,-8.023750782,-10.97388379,-25.48900396,-13.20418715,-14.62408938,-30.28116077,-17.10780263,-15.98055847,-34.38402414,-20.89654803,-16.64153673,HELP
0,0,0,1.604774594,-9.289503098,-2.399099014,4.793477058,-20.91650665,-4.874389759,7.124242187,-29.96008098,-7.072631038,6.800892949,-38.51823509,-8.757594741,1.550844312,-25.14425516,-7.543676115,15.53424895,-24.62924123,-11.90453968,14.07329738,-19.75532472,-13.0075363,10.06435752,-19.857198,-13.38423914,1.990690827,-18.76510978,-8.407740063,16.65998697,-17.64265597,-12.05305359,14.19492066,-13.66419494,-11.36262543,10.55431664,-13.98634017,-10.9665928,3.033772111,-11.482355,-9.498038656,16.99359119,-10.86187065,-12.78057224,14.58064616,-6.974619627,-11.26465178,11.30914688,-6.999343634,-10.22113166,4.897853732,-4.582345486,-10.739099,16.49229228,-4.374802113,-12.89302535,14.9243623,-2.077388763,-12.3571252,11.69441938,-1.853781939,-11.94975725,0,0,0,5.893313885,-10.77288389,-10.43516724,8.705037832,-20.28164268,-17.99865021,11.82714701,-28.77141237,-23.76933201,17.26238728,-33.93589258,-29.49419869,-6.435263157,-20.16690373,-18.5296054,-16.01797938,-26.19535923,-25.75871302,-23.42750281,-30.31690121,-30.19578411,-30.11861295,-33.93427134,-33.0842848,-12.72576749,-14.86122012,-15.71678324,-23.48928899,-22.12269902,-22.28014423,-30.90982288,-28.18441987,-25.48076762,-37.58332729,-33.1746012,-27.58280887,-16.54084325,-10.91133356,-13.05555655,-26.03512257,-17.99839139,-18.48584516,-32.35417306,-23.77920151,-20.91446622,-37.84901202,-28.82342339,-22.14412941,-18.37403476,-8.349448442,-11.07229619,-25.47124177,-14.06322718,-14.98128427,-30.43394983,-18.34000349,-16.6135828,-34.64589417,-22.61260748,-17.47372551,HELP
0,0,0,0.977796316,-9.322410822,-2.252412452,3.688701987,-20.3882128,-4.609955898,5.910331011,-28.98570299,-6.683483771,5.834123492,-37.17380613,-8.201477728,0.850942731,-25.19665956,-7.7706561,14.52742219,-25.504601,-11.81546678,13.4519875,-20.34112215,-12.52125581,9.516397119,-19.88397837,-12.67481079,1.016721129,-18.79855692,-8.699006638,15.80699086,-17.89441109,-12.23984068,13.60836029,-13.75201344,-11.49148499,9.889400005,-14.00680542,-11.08809715,1.935768127,-11.32909358,-9.764657221,16.00879133,-10.79422534,-12.95902213,13.83475959,-6.967252493,-11.36229267,10.50718129,-7.098144293,-10.30605813,3.625643253,-4.058557749,-10.96556415,15.31293392,-3.744035959,-13.15775146,14.32087421,-1.625525951,-12.59072801,11.50439978,-1.477217674,-12.13974064,0,0,0,6.015825272,-10.58665514,-9.225247863,9.152388573,-20.29063702,-16.14099971,12.27699518,-29.01182175,-21.54968313,17.52924919,-34.06610489,-26.98884836,-5.708488822,-19.83427405,-17.19980321,-14.84260261,-25.74778199,-24.15112338,-22.13179767,-30.04853725,-28.40720049,-28.64718884,-33.89112949,-31.19185201,-12.01735139,-14.78844285,-15.05544564,-22.53888249,-22.43388891,-21.24765894,-29.90690172,-28.89760733,-24.22214231,-36.52242124,-34.31552052,-26.24103955,-16.04997516,-10.76506972,-13.03692243,-25.17362684,-17.92960763,-18.18123988,-31.22594953,-23.80053997,-20.47715268,-36.60215437,-28.9116621,-21.68706885,-18.10006499,-7.807588577,-11.62664524,-25.03796369,-12.98217177,-15.41321507,-29.77827787,-16.6664958,-16.96154407,-33.83606374,-20.38430572,-17.78745732,HELP
0,0,0,1.096281409,-9.44237113,-2.056623349,3.413018584,-20.1998651,-4.271916585,5.344980955,-28.71152461,-6.19568816,5.111226439,-37.20512837,-7.508633198,-0.034281611,-25.47903061,-7.53997332,14.12427723,-24.88933206,-11.48758745,12.57144511,-20.40130496,-12.05517492,8.067682385,-20.56460679,-12.1479719,0.145041943,-19.35962141,-8.585635485,15.40314555,-17.60078371,-12.28208235,12.31429875,-13.74997795,-11.36799073,8.048731089,-13.92223835,-10.76797313,1.267379522,-11.87569201,-9.741392644,15.48122466,-10.56342423,-12.89951569,12.43458092,-7.315683365,-11.09313956,8.616343141,-7.694542408,-9.907635959,3.228589892,-4.32651639,-11.05554989,14.3779546,-3.408497572,-13.34060943,11.94042861,-1.593482494,-12.81310684,8.052265644,-1.768767834,-12.36139453,0,0,0,5.941408873,-9.788388014,-10.14337921,9.171521664,-19.46519613,-17.62465173,12.01665998,-28.9585948,-23.36538815,17.33112931,-34.18006897,-28.99393523,-4.711997509,-19.24378276,-18.88242894,-13.79938722,-26.35865211,-26.39475548,-21.3026613,-30.89493513,-30.79421305,-28.17097455,-34.77814794,-33.62257266,-11.78596914,-14.41056728,-16.33637482,-22.08701074,-22.88272977,-23.10352707,-29.50380445,-29.44787145,-26.08924591,-36.31421626,-34.80522633,-28.02747571,-16.34415984,-10.78249216,-13.93272513,-25.29574037,-18.62531304,-19.60784727,-31.38800114,-24.95462298,-21.98262596,-36.92424595,-30.31616211,-23.17747855,-18.71467829,-8.520156145,-12.18493366,-25.417988,-14.64204788,-16.21975982,-30.19744009,-18.99688244,-17.89174461,-34.4940275,-23.20761681,-18.80412632,HELP
0,0,0,1.202043891,-9.501123428,-1.888920721,3.178414702,-19.97499764,-4.648338985,4.877153039,-28.62768173,-7.182091829,4.521349072,-37.98782825,-9.176259097,-1.067098975,-25.40839911,-8.50496402,12.78962791,-26.1328876,-12.11137882,11.647439,-21.8829602,-11.83473429,7.550004125,-21.46069705,-11.25544047,-0.81499815,-19.31689382,-9.6796613,14.46110308,-18.79366934,-12.79563343,11.82367802,-14.65808749,-10.90554779,7.674735785,-14.65821862,-9.662382659,0.302615762,-11.81782484,-10.9066922,14.64322507,-11.63520515,-13.62230515,12.21243441,-7.90156424,-11.47429233,8.6137712,-7.888928056,-10.25638392,2.115014195,-4.34371829,-12.26899212,13.95019889,-2.900379896,-14.62224459,12.61869371,-0.291258097,-14.28226268,9.392517805,0.384551287,-14.01724404,0,0,0,6.132674217,-10.14968753,-10.02273091,9.000843763,-20.00568509,-17.51449906,11.98747158,-29.48278785,-23.18470829,17.3340559,-34.98901725,-28.84140515,-4.554894567,-18.42348576,-19.66268324,-14.1296804,-25.33020973,-27.07545066,-21.76189721,-30.00527024,-31.21037387,-28.56330574,-33.73625875,-33.82268154,-11.37622297,-12.78035045,-17.13038885,-22.54019082,-21.96702361,-23.89608228,-30.12172431,-28.97984982,-26.7482301,-36.57369018,-34.48104858,-28.5691818,-15.78415036,-8.745086193,-14.65020531,-25.22585392,-17.57332087,-20.37522548,-31.67684674,-24.31588769,-22.77768904,-37.15162873,-29.88719642,-23.96456653,-18.19342971,-6.273984909,-12.74226361,-25.18866509,-12.68466115,-16.90230423,-30.09525239,-17.18227863,-18.59572434,-34.35052931,-21.5020895,-19.50707042,HELP
0,0,0,1.406469941,-8.978661895,-2.700437962,3.388753533,-19.25697625,-5.20820821,5.271881819,-28.10457945,-7.248588822,4.7606498,-37.2459814,-8.666059545,-0.372451544,-23.57386947,-7.649570129,13.90108168,-24.38397408,-11.43877747,12.50860691,-21.5339154,-11.67848723,8.072945476,-21.65278792,-11.38305309,-0.441280007,-18.10209155,-8.043130658,14.63705301,-17.62807965,-11.79458218,11.72306836,-15.08727372,-10.7443692,7.955384254,-15.88768959,-9.939086608,0.510582328,-11.68302894,-8.585051618,14.05355632,-11.53621078,-11.77038642,11.11548245,-9.774786234,-9.786693922,7.714864612,-11.04437411,-8.356156371,2.411615849,-5.55742979,-9.32809653,11.64085567,-5.903178453,-11.67395728,9.376460314,-5.361503363,-11.17067131,6.096789241,-6.043273211,-10.6295796,0,0,0,6.065058708,-9.906327724,-9.632221264,9.382659197,-18.97463202,-16.90144206,12.08614111,-27.37313509,-22.51300628,17.1764493,-33.50191116,-28.08344479,-5.348563194,-18.09306741,-18.27823187,-14.99333978,-25.14157891,-25.33578987,-22.27572501,-29.88864183,-29.42661757,-28.72062176,-33.80711675,-32.01646323,-11.9363904,-13.15916777,-15.88340665,-22.90865034,-22.01234698,-22.01079692,-30.1097855,-28.80358398,-24.7122031,-36.35090292,-34.23509002,-26.50384719,-16.09268785,-9.510022402,-13.58717943,-25.662072,-17.77329445,-18.58205314,-31.6057235,-24.18555021,-20.66029872,-36.66843176,-29.47177291,-21.73839475,-18.272838,-7.097429037,-11.91617961,-25.49106181,-13.03313375,-15.51121737,-30.22072464,-17.25936532,-16.90231527,-34.20757651,-21.28523588,-17.62909408,HELP
0,0,0,1.209914684,-9.056943655,-2.716952351,3.037214279,-19.14268732,-5.314859351,4.860618711,-27.43385434,-7.51211529,4.53196764,-36.04062945,-9.082810929,-0.596964359,-23.66385162,-7.971975555,13.1945461,-24.13727343,-11.85166275,12.45505214,-20.41423917,-12.12587615,8.562681079,-19.92842555,-11.84247767,-0.670552254,-17.49306619,-8.513144752,14.61266875,-16.54392183,-12.18825315,12.33625412,-13.29954565,-11.01465707,8.57373476,-13.55175078,-10.12627815,0.420856476,-10.3936255,-9.210843196,14.57869709,-9.792688489,-12.38079553,12.38649189,-7.159852982,-10.35374587,9.142020345,-7.701012492,-8.911922177,2.285447717,-3.548932076,-10.12874206,13.4054333,-2.874052525,-12.39036878,11.866045,-1.368755102,-11.75561284,8.679869771,-1.316529512,-11.13815566,0,0,0,5.881339312,-10.77190638,-8.920165548,8.647096157,-20.46714425,-15.88644202,11.77712679,-28.76080275,-21.35867442,17.29066372,-33.71782899,-26.91691334,-4.659318924,-19.7781682,-17.71381463,-15.39466083,-26.34695768,-24.57799281,-22.72363603,-30.70882857,-28.49464531,-29.03255969,-34.50664282,-30.95138485,-10.91054082,-14.11756277,-15.77658171,-23.13924879,-22.56022692,-21.94710488,-30.77540994,-29.2606771,-24.82777948,-36.98049486,-34.84945893,-26.64809043,-14.99564052,-9.817248583,-13.85777111,-25.69500953,-17.97722578,-18.86523331,-32.07492828,-24.40561652,-21.15958596,-37.09221482,-29.85850573,-22.31433804,-17.12911129,-7.193350792,-12.48721669,-24.84495789,-13.12003732,-16.07954765,-29.68760133,-17.59171486,-17.5209027,-33.48267674,-21.98414207,-18.25142021,HELP
0,0,0,0.621646643,-8.956086636,-2.214729549,2.444174886,-18.86635125,-4.601816224,4.768630862,-27.35874653,-6.67423843,4.503026605,-36.24092191,-8.186441796,-0.433474779,-23.20845127,-7.378203558,12.59025633,-25.42580962,-10.76438068,11.42692268,-23.81399274,-10.69267853,7.533681393,-23.49991202,-10.19313871,-0.394546986,-17.60040522,-8.059287952,14.35397565,-17.97576249,-11.52538745,11.11737192,-16.26048088,-10.20474373,7.222983241,-16.88883603,-9.168651091,0.796845555,-10.92758179,-8.821223067,14.09899592,-11.72672212,-11.71414866,10.80462337,-10.86185873,-9.392434495,7.359299064,-11.98534071,-7.725981759,2.832069993,-4.438510537,-9.777302431,12.00892329,-5.126130581,-11.95195927,9.559637308,-5.110564828,-11.18408604,6.238040328,-5.745995045,-10.42196019,0,0,0,6.188899279,-10.0712359,-9.361935269,9.223610163,-19.05508041,-16.55588136,12.19186783,-28.11074257,-22.16729955,17.43535995,-33.84260535,-27.80891494,-4.073017836,-18.14123988,-18.56604205,-14.04355764,-24.99539852,-25.88676945,-21.61561549,-29.87625599,-30.06192283,-28.33165377,-34.01287198,-32.69511,-10.56070924,-12.78653741,-16.48552851,-21.78203315,-21.79356813,-23.04656045,-29.65424955,-28.83349061,-25.93116001,-36.53530478,-34.50556993,-27.83787386,-14.86457586,-8.746802807,-14.47504298,-24.51179773,-17.21692681,-20.01116858,-31.03751391,-23.73734117,-22.29010002,-36.6404146,-29.19397056,-23.44396399,-17.33870804,-6.207549572,-13.03014443,-24.59871918,-12.21545339,-17.05615507,-29.62566763,-16.41036868,-18.57443885,-33.87604356,-20.3399241,-19.38116984,HELP
0,0,0,1.187211275,-8.431535959,-2.424228262,3.085285425,-17.75767803,-5.026253197,5.157712102,-26.00713968,-7.187197614,4.89974916,-34.96611714,-8.821843821,-0.338286161,-21.02594078,-8.226413537,12.97824383,-23.18323255,-12.08543356,12.11114526,-21.8641907,-12.3125742,8.040767908,-21.83659077,-11.92641284,-0.932070613,-16.05908275,-8.700358379,13.66181672,-16.02556407,-12.4887916,11.02228463,-15.04763067,-11.34357776,7.111683488,-15.9273982,-10.4780915,-0.440454483,-10.19928753,-9.235872585,12.61949241,-10.76720655,-12.47417431,9.965136647,-10.53842306,-10.23977425,6.512799859,-12.26210594,-8.617536235,1.037526131,-4.560670257,-9.921153147,9.63884294,-5.643385649,-12.40020196,7.5206846,-6.156185269,-11.66709389,4.18856144,-7.335051894,-10.92115592,0,0,0,5.936393142,-10.17374992,-9.969139967,9.102651477,-19.4180429,-17.41520775,11.66295111,-28.07431817,-23.18362904,16.32570922,-33.95446241,-28.96120412,-5.422562361,-18.21148396,-19.02129513,-15.65086246,-25.55283308,-26.4286117,-23.06549996,-30.74380755,-30.71975869,-29.53831255,-35.01773477,-33.41565591,-11.73607409,-13.10318708,-16.59653944,-22.82637805,-22.22692966,-23.28470362,-30.4418698,-29.4699192,-26.32352275,-37.00926304,-35.12306213,-28.29068166,-15.71994424,-9.363895655,-14.27702916,-25.52436739,-17.82099605,-19.79683054,-32.01467395,-24.47526455,-22.23940802,-37.55432367,-29.98110056,-23.52584911,-17.77004898,-7.00494051,-12.584068,-24.87487346,-12.6758635,-16.54449714,-29.81220484,-16.76197052,-18.19018585,-33.9709729,-20.44248581,-19.10456133,HELP
0,0,0,2.196189761,-8.813881874,-2.185630801,3.94051671,-18.35890412,-5.12090903,5.072772503,-25.88307858,-7.729317064,4.270011187,-34.61833447,-9.814328516,-0.745621324,-23.37605655,-9.273009563,12.38718033,-23.85297418,-12.82691192,11.8257463,-20.56159973,-12.36940455,8.249294758,-19.68511939,-11.7689563,-1.574915648,-17.34519005,-10.50972548,14.18425739,-16.38709307,-14.19304889,11.66581213,-12.89982498,-12.31822875,7.787454128,-12.85997033,-11.03838962,-1.204052567,-9.836581349,-11.82217803,12.7425909,-9.495872259,-15.29786717,10.14183164,-7.522758842,-12.85512727,6.662383676,-8.143228292,-11.24356594,0.113588572,-2.237462997,-13.31001502,6.547385454,-2.62440145,-16.57917779,3.482881188,-3.593713045,-16.57417845,0.137463212,-4.86009419,-16.3835017,0,0,0,5.789974332,-10.58059931,-9.11117313,8.987095952,-20.32243013,-16.01923449,11.85619533,-28.72662246,-21.44020242,16.88911617,-34.00960565,-26.88024832,-5.33131063,-19.45047379,-17.32070935,-14.97556865,-26.55384541,-24.29950578,-22.2440809,-31.10846877,-28.46939755,-28.65044326,-34.91244018,-31.12457288,-11.64907217,-14.60360885,-15.27482165,-22.47440368,-23.52970839,-21.39656586,-29.98911291,-30.24270535,-24.31566609,-36.55130863,-35.63915491,-26.24995304,-15.61223567,-10.55719852,-13.31943912,-24.95037615,-18.8906908,-18.25752003,-31.13731444,-25.04332662,-20.50556434,-36.52505875,-30.03747165,-21.72209365,-17.56196916,-7.559359074,-11.96878967,-24.30087775,-13.14932108,-15.55728359,-29.13020998,-16.67008996,-16.96685297,-33.26182067,-19.70745325,-17.70342482,HELP
0,0,0,2.174130082,-9.065788984,-2.565956826,3.848540783,-18.15247536,-5.593623186,4.87228334,-25.71012378,-8.21916085,3.915271163,-34.51441824,-10.24548706,-1.117134094,-23.43983948,-9.275900538,12.39511669,-23.90508652,-12.43602406,11.63735688,-20.50592899,-11.55429852,7.837089896,-19.52708662,-10.66974994,-1.801767945,-17.0309782,-10.20441126,13.83424103,-16.35345221,-13.33880123,11.16249263,-12.76892424,-11.05254662,7.327327132,-12.67089546,-9.560186381,-1.197326183,-9.327477217,-11.22950163,12.60238886,-8.82538259,-14.17405155,9.782487154,-6.88585639,-11.42181378,6.199333072,-7.452967763,-9.706552292,0.199729204,-1.584362984,-12.48826605,7.60653019,-0.862425566,-15.24888274,4.355549812,-0.872457027,-14.90958479,0.51715076,-1.603251696,-14.56156519,0,0,0,5.834949017,-10.5429709,-9.77122569,8.752167225,-19.86213923,-17.00100982,11.22723222,-28.67062092,-22.5731858,15.690732,-34.2033565,-28.14334118,-5.778390169,-18.78476739,-18.34081942,-15.92090428,-26.33946538,-25.59407735,-23.28829914,-31.60292506,-29.92434287,-29.7030434,-35.82979441,-32.6026597,-12.10767627,-13.97053003,-15.85159534,-22.8364557,-23.40485454,-22.12862456,-30.41442335,-30.38265705,-24.91303766,-36.94452047,-35.74821651,-26.69905507,-16.14753306,-10.38222909,-13.49781388,-25.61818659,-19.02588606,-18.59706575,-32.0462659,-25.23908615,-20.80778116,-37.53806055,-30.25329709,-21.94596761,-18.33394766,-8.050704002,-11.77730718,-25.20634085,-13.68884444,-15.41881049,-30.12786508,-17.44678617,-16.82607764,-34.30322409,-20.69234252,-17.53969425,HELP
0,0,0,1.262202859,-9.404623508,-2.331783805,2.655914426,-18.03386807,-5.769292261,3.715586662,-24.99234676,-8.893776308,2.898326516,-33.49391669,-11.57210283,-1.87086165,-22.76256084,-10.29914952,11.44979596,-23.18863571,-13.83492089,11.23226881,-20.14318705,-13.30276168,7.869660854,-18.90487671,-12.67740167,-2.209421992,-15.83423018,-11.61857657,13.80652785,-14.9672389,-14.67326916,11.41061187,-11.54136658,-12.28677742,7.332408428,-11.31794453,-10.8345028,-1.423433423,-7.615911961,-13.00853677,12.86625564,-7.105869055,-15.91893918,10.00204384,-5.309766531,-13.36056478,6.059396267,-5.639654398,-11.94204352,0.008940697,0.579249859,-14.62098546,8.010557294,2.383351326,-17.65583045,4.898431897,2.747642994,-17.64229126,1.070329547,2.762103081,-17.58339144,0,0,0,5.752402544,-10.14706492,-10.06094806,8.5329175,-19.15967464,-17.54306771,11.04132533,-27.88153887,-23.36305298,15.49415588,-34.18117762,-29.21652712,-5.980139971,-19.13451552,-18.67493309,-15.90102613,-26.13227963,-26.04027904,-23.01033139,-30.57974279,-30.37887133,-29.37680036,-34.20956731,-33.13718058,-11.97828054,-13.9387846,-16.37441732,-23.2535243,-22.92174101,-23.00536103,-30.80177307,-29.65254188,-26.18068672,-37.38239706,-35.02229452,-28.26169051,-15.77515602,-9.579199553,-14.24011208,-25.59755743,-17.99741387,-19.71544094,-31.90413117,-24.29848909,-22.16069318,-37.26643324,-29.5417726,-23.4846092,-17.72603691,-6.357771158,-12.75215961,-24.92182255,-12.09615469,-16.83819212,-29.85386103,-16.05954766,-18.53092976,-33.93309414,-19.67464685,-19.4602824,HELP
0,0,0,3.196516633,-10.57499647,-2.170677786,4.543694854,-19.95252073,-6.414132868,4.616197944,-27.30055451,-10.14187441,2.683800459,-37.24659532,-13.28127936,-2.006316185,-24.47087169,-13.67888853,13.32572103,-24.24460948,-17.39923314,12.64573932,-18.93020272,-15.5171375,8.311414719,-17.23276675,-13.86206702,-2.91903615,-17.94170439,-15.18917636,12.80358732,-17.62171388,-18.62619773,10.60870886,-12.51066327,-14.68670026,6.554245949,-12.23548651,-12.11212233,-2.85987556,-10.14532745,-16.63735018,10.25486588,-11.22964621,-19.9265267,8.470657468,-8.152714372,-15.8538352,5.208668113,-8.082193136,-13.42536167,-1.787111163,-3.050297499,-18.22342381,0.814217329,-4.663217068,-22.6210709,-3.544908762,-8.011201024,-23.15022901,-7.70123601,-11.14149392,-23.28868166,0,0,0,5.370143056,-10.93680859,-8.549119147,7.944980264,-20.762676,-15.08202589,10.55994928,-29.12531793,-20.26591337,15.34397304,-34.64534283,-25.53409523,-6.589457393,-20.75006366,-16.3453821,-16.9836849,-27.77045369,-22.89850599,-24.27165955,-32.07945824,-26.74245125,-30.6615904,-35.58903933,-29.22291345,-12.29165792,-15.42099118,-14.69508148,-23.73989969,-24.6114552,-20.51657474,-31.44514263,-30.94844222,-23.34950155,-37.9999876,-35.93835533,-25.24124569,-15.92285931,-10.82961559,-13.16124237,-25.84245205,-19.35169101,-17.89057142,-32.16066658,-25.20248294,-20.12832052,-37.39165068,-29.96333241,-21.37188947,-17.76446104,-7.217174768,-12.19285092,-25.09468496,-12.71079779,-15.74933118,-30.00597656,-16.44354463,-17.22908652,-33.95639956,-19.85946298,-18.03068406,HELP
0,0,0,2.501127124,-9.607166052,-3.368795465,3.030559421,-17.95929074,-8.712575759,2.436470985,-23.74142706,-13.27952015,0.130024552,-33.6947307,-17.37880128,-4.634237289,-22.54351377,-16.81982743,8.973172307,-23.98384213,-21.07524442,9.432643652,-19.29684281,-19.21915429,6.77446723,-16.80580676,-17.49086099,-5.085578561,-16.0784781,-18.05755066,10.21542549,-16.6472435,-21.13665509,8.614474535,-12.24959791,-15.76519924,4.500290751,-10.79161763,-12.0492244,-4.538580775,-7.728976011,-19.40226721,8.372658491,-9.171444178,-22.70099836,6.388437748,-6.198850274,-17.68340635,2.852571011,-5.778649449,-14.57275766,-3.301596642,-0.108498335,-21.03826868,-0.22342205,0.308060646,-26.35763007,-5.179351568,-0.772792101,-27.03340071,-9.775060415,-1.853457093,-27.06137913,0,0,0,5.500710011,-10.29947996,-9.877454343,8.461928368,-19.42338347,-17.42264763,11.08648777,-28.01510096,-23.32770214,15.54746032,-34.27169919,-29.29350421,-5.701342225,-19.12923455,-19.21263621,-15.91839194,-26.32603943,-26.80619344,-23.4061867,-31.12376034,-31.18618414,-30.07512987,-34.99598801,-33.94018099,-11.83327138,-13.35368156,-17.02746585,-23.07158262,-22.7083683,-23.94301281,-30.9578836,-29.83059287,-27.10658893,-37.80244291,-35.33478379,-29.15578768,-15.62157273,-8.829659224,-14.95463535,-25.28547794,-17.39025712,-20.6374152,-31.93689883,-24.02725816,-23.05694655,-37.5636667,-29.55236435,-24.31339458,-17.58651137,-5.575984716,-13.50291655,-24.83100444,-11.63762808,-17.73836896,-29.90888059,-16.09240174,-19.46486816,-34.11487937,-20.22590637,-20.38895026,HELP
0,0,0,1.537048817,-9.250378609,-2.698354459,1.885771751,-17.57738888,-6.413123979,1.141273975,-24.05366153,-9.671892448,-1.218608022,-31.73152655,-12.51142271,-6.398361921,-21.60775065,-10.59213377,3.516462445,-23.32984209,-15.30305691,6.494832039,-21.78259492,-16.30499162,6.601944566,-20.56687772,-16.58836998,-7.19357729,-15.71418047,-11.56281553,7.926076651,-16.23876989,-15.23760952,8.008024096,-13.01744878,-13.56573053,5.080470443,-12.35570312,-12.62202509,-6.211990118,-8.445733786,-12.70627923,8.43642652,-7.91156888,-15.78125007,7.233259082,-5.902990699,-13.04017253,4.047015309,-5.614432693,-11.52490027,-4.380699992,-0.919422507,-14.20919098,4.354801774,0.763475895,-17.37570859,2.002888918,1.643812656,-17.30599053,-1.686561108,2.004718781,-17.15276785,0,0,0,5.657199025,-10.35318375,-8.118137659,8.596560359,-20.11441588,-14.41557923,11.43012941,-28.83893847,-19.4849051,16.13634527,-34.44354534,-24.64207479,-5.719479918,-19.52057481,-15.64161101,-16.31065905,-26.99314058,-21.8439869,-23.14564437,-31.72033429,-25.34875789,-28.950122,-35.73842645,-27.57808188,-11.44935489,-14.16916251,-14.15277788,-22.90590852,-23.60480726,-19.82964495,-30.31331301,-30.4386586,-22.60876516,-36.52738333,-36.07460856,-24.47598645,-15.15518129,-9.695929289,-12.75945225,-25.06037503,-18.04651618,-17.29726264,-31.0793221,-24.0927726,-19.34977093,-35.85244417,-29.1813463,-20.4781107,-17.26804376,-6.349933147,-11.92997465,-24.93769079,-12.22171783,-15.29692927,-29.62097079,-16.21685028,-16.68228427,-33.27530622,-19.93851662,-17.44309434,HELP
0,0,0,0.531420112,-9.913408756,-2.424578975,-0.788259506,-20.34938335,-4.918997409,-2.498695254,-28.09895575,-6.945426437,-5.116298795,-36.02362126,-8.38104752,-9.417048097,-25.62069148,-7.349381271,3.995329142,-27.12831497,-11.10568908,2.959874272,-22.83598781,-12.34617424,-1.558753848,-20.21337748,-13.22981832,-10.33861935,-19.37693954,-8.115398559,5.048874021,-20.68425417,-11.4655402,3.143957257,-15.46388865,-10.47467035,-1.522415876,-14.61117864,-10.07906837,-9.383049607,-11.83171272,-9.143779102,3.627869487,-13.55797052,-12.15982256,1.670667529,-10.69659591,-9.821052524,-1.47947669,-9.159508348,-8.410467627,-7.793653011,-3.807902336,-10.54884833,-6.273305416,-5.630800128,-14.67332211,-13.65855634,-7.688260078,-15.74560073,-20.60344964,-9.637761116,-16.20102045,0,0,0,5.692094564,-11.00671291,-8.307687644,8.328133821,-21.07838988,-14.9015826,10.910815,-30.24250269,-20.13872534,15.75772762,-35.49057543,-25.49723655,-5.881771445,-20.21573186,-16.89774216,-16.0399735,-27.95708179,-23.46811563,-22.98059762,-32.81181157,-27.25885481,-28.98613364,-36.87900007,-29.69883353,-12.03817427,-14.9487555,-15.21638155,-23.29987884,-24.79270995,-21.12576932,-30.67144603,-31.87454939,-23.85221541,-37.00661957,-37.60749996,-25.69856614,-16.07506573,-10.72486639,-13.56312454,-25.84989965,-19.83932853,-18.27149511,-31.89338595,-26.33857727,-20.37377924,-36.88442111,-31.54975772,-21.55171007,-18.23475063,-7.725632191,-12.43562669,-25.69118589,-13.97782564,-15.76411844,-30.37865311,-17.99408197,-17.0895201,-34.14241076,-21.56530023,-17.85295278,HELP
0,0,0,0.789907575,-10.42357981,-1.926962966,-0.822502375,-21.6023922,-3.552283282,-2.513921261,-29.31327522,-4.98088331,-4.609581828,-37.20429242,-5.811162601,-8.567392826,-27.88079381,-4.660633514,4.39196527,-28.6685124,-8.464470068,3.004720807,-23.53397608,-10.60079516,-1.350572705,-21.74468338,-12.292974,-9.592792392,-21.79049551,-5.817460576,5.417650938,-21.73471451,-9.732125262,2.952221036,-16.10909104,-10.33878879,-1.291540265,-15.24660885,-11.03386984,-8.755096793,-14.13013935,-7.260492007,4.268428683,-14.66589868,-10.64078839,1.643165946,-10.39368808,-9.250389347,-1.925209165,-9.074318409,-8.393673906,-7.107901573,-5.787843466,-9.094532142,-4.574066401,-7.662799954,-12.97212125,-11.66325212,-8.443936706,-14.01248605,-18.58657449,-9.955096245,-14.42750276,0,0,0,5.806851387,-10.7638061,-8.106962704,8.717441559,-20.51979899,-14.53140911,11.45665646,-29.42264974,-19.65361025,16.54874086,-34.84553099,-24.88052037,-4.883655906,-19.34397817,-16.49142441,-15.80049992,-27.71006227,-22.79857334,-22.80099988,-32.74607956,-26.27289083,-28.76710147,-36.79707646,-28.44700899,-10.94893813,-13.83191347,-14.93893948,-22.61845767,-24.36374426,-20.48552867,-30.18241227,-31.57469034,-22.984741,-36.43705547,-37.11966872,-24.69909873,-14.91079032,-9.364873171,-13.42202064,-24.8729527,-18.96343231,-17.84479704,-31.00078553,-25.57441294,-19.81368002,-35.8730346,-30.68760037,-20.93727078,-17.19764471,-6.151658297,-12.43108597,-24.67786223,-12.87217736,-15.67644414,-29.30054367,-17.06966162,-16.89892795,-32.96737969,-20.57178617,-17.5821596,HELP
0,0,0,0.906053185,-10.53668857,-1.723750524,-0.576794147,-22.76080549,-3.606209374,-2.107936144,-31.90736771,-5.398898787,-4.277810454,-40.32758474,-6.504565693,-8.700495958,-29.54507768,-4.073076911,4.51490581,-30.26761413,-7.389877207,3.015866876,-24.78165329,-8.634346194,-1.446038485,-23.14938605,-9.495477594,-9.985861182,-23.38652611,-5.194593809,4.754444957,-23.44073951,-8.667709894,2.410069108,-17.65379906,-8.433819778,-1.464679837,-17.21743643,-8.367265976,-9.637382627,-15.91266394,-6.638094998,2.789267898,-16.91079438,-9.796592809,0.569227338,-12.71754503,-8.114569105,-2.269807458,-11.43983006,-6.950409926,-8.400544524,-8.163297176,-8.414076484,-7.900542021,-11.26907468,-11.74976102,-15.672566,-13.41854036,-12.58602611,-22.76705503,-15.89598954,-12.88252643,0,0,0,5.504828691,-10.76818109,-8.319767749,8.230477571,-20.10620832,-15.01639578,10.97350717,-28.8982898,-20.3909466,15.62985182,-34.50223207,-25.93244854,-5.466148257,-19.67990994,-16.9621611,-16.23234451,-27.5991112,-23.57106898,-23.19750041,-32.62367845,-27.30482463,-29.14111167,-36.8272841,-29.6613181,-11.16890907,-14.22647834,-15.47423098,-23.04658443,-24.21278954,-21.33728657,-30.71137518,-31.33826256,-24.10817537,-37.06248403,-36.98684573,-26.02445725,-14.79556561,-9.498989582,-14.04130552,-25.10433048,-18.61428618,-18.83798633,-31.52941167,-25.31889677,-21.1369181,-36.59641743,-30.82043231,-22.47497234,-16.73388481,-5.837255716,-13.11619077,-24.44961816,-12.09020615,-16.74192939,-29.21219319,-16.41597748,-18.25461928,-32.93402344,-20.30335665,-19.1398913,HELP
0,0,0,5.864799023,3.230673075,-13.5634262,10.34403741,-0.871956348,-23.32650161,13.67933452,-10.23914814,-29.93187046,15.37894905,-20.40243745,-35.46469843,-8.47620368,-5.485674739,-26.77229381,-4.417875409,-6.161251664,-35.90038753,-10.13054252,-7.039320469,-39.31574261,-16.28828347,-9.799253941,-41.09316504,-10.56906283,-12.37704754,-21.68591207,5.699127913,-15.53640962,-28.19187677,4.19280529,-11.01127267,-25.83616114,-0.656017661,-10.26289761,-24.06824863,-9.811934829,-17.57329404,-17.14836246,6.739410758,-20.54747045,-22.46226108,4.112204909,-15.91116786,-19.7636891,-1.301845908,-16.12240374,-17.79970711,-7.903796434,-21.33196294,-13.61369973,3.142008185,-24.50098395,-17.34979188,0.44451654,-22.304371,-17.44911557,-4.004243016,-22.63295352,-17.27207786,0,0,0,5.585464835,-10.93372703,-8.010699105,8.338937163,-20.88028789,-14.33036874,10.83549559,-29.81577516,-19.35846011,15.77504575,-35.48225462,-24.51405774,-5.789577961,-21.17367983,-15.97047399,-16.0389781,-28.57859433,-22.40305493,-23.04301262,-33.42486322,-26.19245748,-29.04124707,-37.52980232,-28.59409849,-11.69859469,-15.84226489,-14.4225056,-23.07506949,-25.55476129,-19.97153709,-30.65609634,-32.48896599,-22.57517527,-37.01827228,-38.04780841,-24.35030888,-15.44353664,-11.24785542,-12.93937663,-25.2225399,-20.19419074,-17.51044045,-31.55171573,-26.40091777,-19.59272872,-36.67835593,-31.42296672,-20.71315299,-17.39096045,-7.562428713,-11.9567814,-24.7671932,-13.60561848,-15.30353377,-29.48669046,-17.57763624,-16.54497186,-33.25963914,-21.17917538,-17.18216638,HELP
0,0,0,5.868750811,4.053157568,-12.48322871,9.305867553,1.027917862,-21.61971998,12.21235693,-7.281321287,-28.2492615,15.12795389,-15.82126319,-33.98487938,-7.621589303,-4.515975714,-23.24085456,-11.58499718,-8.547174931,-33.09827817,-19.19172853,-12.33122051,-38.29301071,-25.59892535,-15.42340219,-41.37792063,-11.85694635,-13.57418299,-18.70387864,2.192431688,-19.17858124,-26.23181117,2.652978897,-13.87529373,-24.89521724,-1.811465621,-10.83332896,-23.30616188,-11.80289388,-19.57812905,-14.85092116,2.733388543,-23.5746026,-21.23980296,1.299887896,-19.18341815,-18.00497395,-3.682512045,-17.73295403,-14.97428638,-10.60295403,-23.60396981,-12.02632633,-0.205934048,-28.09341997,-16.39425081,-1.374638081,-24.81848001,-15.30460042,-4.558837414,-23.42376709,-13.62574172,0,0,0,5.764943361,-10.26399732,-8.76083645,8.546251059,-19.32753921,-15.53067538,11.145401,-28.51606905,-20.87817463,16.0340786,-34.76593494,-26.3529596,-5.486014485,-19.46603656,-17.05314937,-15.88028967,-27.66644657,-23.60759201,-22.85102755,-32.84210265,-27.32837173,-28.82634103,-37.06964552,-29.69595167,-11.44428849,-14.22528028,-15.24209353,-22.9430452,-24.50110614,-21.21628198,-30.40363789,-31.65156841,-23.99119708,-36.57781184,-37.31460571,-25.86481842,-15.29446244,-9.824210405,-13.51359907,-25.31847805,-19.12013888,-18.38878664,-31.52405769,-25.51515698,-20.56993517,-36.36703789,-30.729568,-21.79219547,-17.37986505,-6.61444664,-12.33673814,-24.84386414,-12.82188296,-15.9741697,-29.33937758,-17.102772,-17.41906675,-32.83283114,-21.00222111,-18.23256436,HELP
0,0,0,7.240724564,-1.109951735,-13.68938885,10.830158,-7.305544615,-22.8577321,13.24308515,-15.67625403,-29.45535831,16.23470783,-22.40425944,-35.15179507,-5.870869756,-11.45626903,-23.48363749,-12.82145083,-15.89756012,-33.90019588,-20.65648288,-20.01695633,-39.62628595,-27.95527875,-23.42812419,-42.75919847,-12.33763397,-16.37518704,-18.42191718,-8.406794071,-21.10094428,-28.04144673,-15.17919898,-20.45102417,-29.51845578,-24.56563115,-19.27289367,-29.45781998,-14.96204734,-19.34844255,-13.92601482,-8.069837093,-24.277246,-21.74678347,-12.19722927,-23.42519462,-20.71271143,-18.71909499,-22.48286307,-18.42506729,-16.09365642,-20.88878453,-10.48577927,-11.45148873,-25.0574708,-15.49973241,-15.45983255,-23.55508506,-15.48974268,-21.03779912,-22.31521904,-14.22388605,0,0,0,5.391544104,-11.00877523,-8.16519753,8.043223619,-20.83806992,-14.58350242,10.61598063,-29.77186441,-19.7036323,15.59058428,-35.60908437,-24.91141231,-5.470880866,-20.39076686,-16.10338212,-16.04730487,-28.14195156,-22.46075393,-23.15924317,-33.1928432,-26.10892178,-29.10968363,-37.4255538,-28.42644275,-11.4221096,-15.11030793,-14.5575893,-22.7931276,-25.10186732,-20.30537994,-30.52382171,-32.4378103,-23.04090531,-36.88722849,-38.36431503,-24.8846379,-15.24623036,-10.59374213,-13.08559299,-24.97269809,-19.73867416,-17.76521624,-31.4055562,-26.32093132,-20.01787246,-36.46762073,-31.59165382,-21.25950278,-17.271927,-7.178717852,-12.12773816,-24.6246025,-13.48245144,-15.51082403,-29.37625349,-17.83144474,-16.9208032,-33.14602524,-21.62126899,-17.71288783,HELP
