74,90,-1,69,80,-1,61,69,-2,58,59,-4,57,50,-6,58,68,-7,49,65,-11,43,62,-14,38,61,-16,59,73,-9,46,82,-12,49,85,-12,54,84,-12,60,82,-10,48,90,-14,52,91,-12,56,90,-10,61,91,-12,51,96,-15,54,97,-14,58,95,-13,25,76,0,29,66,-1,37,62,-2,44,64,-4,49,67,-6,38,56,-5,46,51,-8,52,48,-10,57,46,-11,38,61,-7,49,63,-9,53,65,-10,56,66,-10,39,69,-8,48,72,-10,45,74,-8,42,73,-7,39,76,-10,46,78,-10,44,78,-7,41,78,-6,J
74,89,-1,69,80,-1,61,69,-3,58,59,-4,58,50,-6,58,67,-8,49,65,-12,43,62,-15,38,61,-17,59,73,-9,44,83,-13,48,86,-13,52,85,-13,60,82,-11,47,90,-14,51,92,-12,55,90,-10,61,91,-12,51,96,-16,53,97,-15,57,95,-14,25,76,0,29,66,-1,38,62,-3,45,63,-5,51,66,-6,38,55,-5,47,51,-8,53,48,-10,58,46,-11,38,61,-7,49,63,-9,52,66,-10,53,67,-10,38,69,-8,47,72,-10,45,73,-8,42,73,-7,38,77,-10,45,78,-10,43,78,-8,40,78,-6,J
74,90,-1,69,80,-1,61,69,-3,57,59,-5,57,50,-8,58,69,-8,49,66,-12,42,64,-14,37,62,-17,59,75,-9,44,84,-14,48,88,-14,52,87,-14,60,83,-11,47,92,-15,52,93,-13,56,91,-11,61,92,-12,51,97,-16,54,98,-15,58,96,-14,24,74,0,29,65,0,36,60,-1,43,60,-3,48,63,-4,37,54,-5,46,49,-7,52,46,-9,57,44,-10,37,60,-6,49,62,-8,53,65,-9,55,67,-9,38,67,-7,48,69,-9,51,70,-8,52,70,-7,38,74,-8,45,75,-9,46,76,-7,47,75,-6,J
75,91,-1,69,81,-2,61,70,-4,58,60,-6,58,51,-8,58,70,-9,49,67,-13,43,65,-16,37,63,-19,59,76,-10,44,85,-15,45,90,-15,47,92,-15,61,85,-11,47,93,-16,50,96,-14,54,95,-12,62,93,-13,51,99,-16,53,100,-15,57,99,-14,24,73,0,28,64,0,35,59,-2,42,59,-4,47,62,-5,37,52,-6,46,48,-9,52,45,-11,56,43,-12,37,57,-7,48,61,-9,53,64,-10,56,66,-10,37,64,-9,47,68,-10,52,69,-10,54,70,-10,37,72,-10,43,76,-10,43,76,-9,43,76,-9,J
75,91,-1,69,82,-2,62,71,-4,58,61,-6,58,51,-8,59,70,-9,49,67,-14,43,65,-17,38,63,-19,60,76,-10,44,85,-15,43,91,-15,45,92,-15,61,85,-12,47,93,-16,48,96,-14,51,96,-12,63,93,-13,52,99,-16,52,101,-16,54,101,-14,24,73,0,28,63,0,34,58,-1,40,57,-3,45,59,-5,36,52,-5,45,47,-8,51,44,-10,55,42,-11,36,57,-7,47,61,-9,49,65,-9,49,66,-9,36,64,-9,47,69,-10,48,71,-9,48,70,-8,36,71,-10,43,75,-10,42,76,-9,40,76,-8,J
75,92,-1,70,83,-2,62,71,-4,58,61,-6,58,52,-8,59,71,-9,50,67,-13,43,65,-16,38,63,-18,60,77,-10,45,85,-14,44,91,-14,45,93,-14,61,85,-11,48,93,-14,49,97,-13,52,97,-11,62,94,-12,52,100,-15,53,102,-15,55,102,-14,24,73,0,28,63,1,34,58,0,40,58,-2,45,61,-3,36,51,-5,45,46,-8,51,44,-10,55,42,-11,36,56,-7,46,61,-9,49,65,-10,50,66,-10,35,63,-9,46,67,-11,52,68,-11,55,69,-12,35,71,-10,42,74,-10,43,76,-9,42,76,-8,J
75,92,-1,70,82,-1,62,71,-3,58,61,-5,59,52,-7,59,70,-8,50,67,-13,43,66,-15,38,64,-17,60,77,-10,45,85,-13,46,90,-13,48,91,-14,61,85,-11,47,93,-14,50,96,-13,53,95,-11,62,94,-12,52,99,-15,53,101,-15,56,100,-14,23,74,0,27,64,1,33,58,-1,40,58,-2,44,61,-4,35,52,-6,44,47,-9,50,44,-11,54,42,-12,34,57,-8,46,60,-10,49,63,-11,51,66,-11,34,63,-9,45,67,-12,52,68,-12,56,69,-13,34,71,-11,42,74,-11,43,76,-10,44,77,-10,J
75,92,-1,70,82,-2,62,71,-3,58,61,-5,59,52,-7,59,70,-8,50,67,-12,43,66,-15,38,65,-17,60,76,-10,44,85,-14,45,90,-14,48,91,-14,61,85,-11,47,93,-15,50,96,-13,54,95,-12,62,94,-12,51,100,-16,53,101,-15,56,100,-14,23,75,0,27,65,0,33,59,-1,39,58,-3,44,61,-5,35,52,-6,44,47,-9,50,44,-11,55,42,-13,34,57,-8,46,60,-11,52,63,-12,56,65,-13,33,64,-10,45,67,-12,51,69,-13,56,70,-14,33,72,-12,41,75,-12,42,77,-12,43,78,-11,J
75,92,-1,70,82,-2,62,71,-4,58,61,-5,59,51,-7,59,70,-9,50,67,-13,43,66,-16,38,64,-18,60,76,-10,44,85,-14,46,91,-14,50,91,-14,61,85,-11,47,93,-16,51,95,-14,56,94,-12,62,94,-12,51,99,-16,54,100,-16,58,99,-14,23,75,0,26,65,1,33,59,-1,39,59,-3,44,62,-4,35,52,-5,44,47,-8,50,45,-10,54,43,-12,34,57,-8,46,61,-10,51,65,-11,55,67,-12,33,64,-9,45,68,-12,51,69,-12,55,70,-13,33,72,-11,41,76,-12,42,77,-11,42,78,-11,J
74,91,-1,69,82,-2,61,70,-4,58,60,-5,59,51,-7,58,69,-9,49,67,-13,42,65,-15,37,64,-17,60,75,-10,44,84,-14,44,90,-14,46,92,-14,61,84,-11,47,93,-15,50,95,-13,54,95,-11,62,93,-12,51,99,-16,53,100,-15,57,99,-14,21,75,0,25,66,0,32,60,-2,38,59,-4,42,60,-6,34,53,-5,43,48,-8,48,45,-10,53,42,-11,33,58,-7,45,62,-10,51,65,-10,54,67,-11,33,65,-9,44,70,-10,42,72,-9,40,72,-8,33,72,-11,41,76,-11,39,78,-9,37,77,-8,J
75,92,-1,69,82,-2,62,71,-4,58,61,-6,58,51,-8,59,69,-8,50,66,-13,43,65,-16,38,63,-18,60,76,-10,44,84,-14,44,90,-15,46,92,-15,61,84,-11,47,92,-15,50,95,-14,54,95,-12,62,93,-12,51,99,-16,53,100,-15,56,99,-14,22,75,0,26,65,0,32,59,-2,38,59,-3,43,62,-5,34,53,-6,42,48,-9,48,44,-11,52,42,-12,33,58,-8,44,61,-10,50,64,-11,54,66,-12,33,65,-10,44,68,-12,50,69,-12,55,69,-13,33,73,-11,40,75,-12,40,76,-11,38,76,-11,J
75,91,-1,70,81,-2,62,70,-4,58,60,-6,59,51,-8,59,69,-10,50,67,-14,43,66,-17,38,65,-19,60,76,-11,44,84,-15,43,90,-15,44,93,-15,62,84,-12,47,92,-16,48,96,-14,51,96,-13,63,93,-13,52,99,-16,51,100,-16,53,100,-15,22,76,0,25,65,0,32,59,-1,38,59,-3,42,60,-5,33,53,-6,42,48,-9,48,45,-11,52,42,-12,33,58,-8,45,62,-11,51,65,-11,54,67,-12,32,65,-10,44,68,-12,50,70,-12,55,70,-13,33,73,-12,40,75,-12,40,77,-11,39,77,-11,J
75,91,-1,70,81,-1,62,70,-3,58,60,-5,59,51,-7,59,69,-8,49,67,-12,43,65,-15,37,64,-17,60,75,-10,45,85,-14,48,89,-14,52,88,-13,61,84,-11,48,92,-15,52,94,-13,56,93,-11,63,93,-12,52,98,-16,54,99,-15,58,98,-14,22,76,0,25,66,0,31,60,-2,37,59,-3,42,61,-5,33,53,-6,42,48,-9,48,44,-11,52,42,-12,33,58,-8,45,62,-10,51,65,-11,55,67,-12,32,65,-10,44,69,-11,50,70,-11,53,71,-12,32,73,-11,40,76,-12,40,77,-11,39,77,-10,J
75,91,-1,70,81,-2,62,70,-4,58,60,-5,58,51,-8,59,69,-9,50,66,-14,43,65,-17,38,64,-19,60,76,-10,44,84,-14,44,90,-15,46,92,-15,61,84,-11,47,93,-15,50,95,-13,55,94,-12,63,93,-13,52,99,-16,54,100,-15,57,99,-14,21,76,0,25,66,0,31,60,-2,37,59,-4,42,61,-6,33,53,-6,42,48,-9,47,45,-11,52,43,-12,32,58,-8,44,61,-10,50,64,-11,55,66,-12,32,65,-10,43,69,-11,49,71,-11,52,71,-12,32,73,-11,40,76,-12,40,77,-11,39,77,-10,J
75,91,-1,70,82,-1,62,70,-3,58,61,-5,58,52,-7,59,70,-8,50,67,-12,43,65,-14,38,64,-16,60,76,-9,45,85,-13,45,90,-13,47,91,-14,61,84,-11,48,93,-14,51,95,-13,55,94,-11,63,93,-12,52,99,-15,54,100,-14,58,98,-13,21,76,0,25,66,0,32,61,-2,37,60,-4,42,61,-7,33,53,-6,42,48,-10,47,45,-11,52,42,-13,32,58,-8,44,62,-11,50,66,-12,55,68,-13,31,65,-10,43,69,-12,49,71,-12,53,72,-13,32,73,-12,40,76,-12,39,77,-11,38,77,-11,J
75,91,-1,70,81,-2,62,70,-3,58,60,-5,59,51,-7,59,69,-9,50,67,-13,43,65,-16,38,64,-18,60,76,-10,45,84,-14,44,91,-14,45,93,-14,62,85,-11,48,93,-15,50,96,-14,54,95,-12,63,94,-13,52,99,-16,54,100,-15,57,100,-14,21,76,0,25,67,0,31,61,-3,37,60,-5,41,61,-8,33,53,-7,42,48,-10,47,45,-12,51,43,-14,31,59,-9,43,63,-12,50,66,-13,55,68,-14,31,66,-10,41,71,-12,38,73,-11,35,73,-10,31,73,-12,39,77,-13,37,78,-11,34,78,-10,J
76,91,-1,71,82,-1,62,70,-3,59,60,-5,59,51,-7,60,70,-8,50,67,-12,43,65,-14,38,64,-16,60,76,-9,45,85,-13,45,90,-13,47,91,-13,62,84,-11,48,93,-14,51,95,-12,55,94,-11,63,93,-12,52,99,-15,54,100,-14,58,99,-13,20,77,0,24,68,0,31,61,-2,37,60,-4,41,61,-7,32,54,-6,41,49,-9,46,46,-11,51,43,-12,31,59,-8,43,63,-11,50,66,-12,55,68,-13,31,66,-10,40,71,-12,37,73,-10,34,73,-9,31,74,-12,39,77,-12,36,78,-10,34,78,-9,J
75,91,-1,70,81,-1,62,70,-3,59,60,-5,59,51,-7,59,69,-8,50,67,-12,44,65,-15,38,64,-17,60,76,-10,45,85,-13,46,89,-13,49,89,-14,62,84,-11,48,93,-15,51,95,-13,55,94,-11,63,93,-12,52,99,-16,54,100,-15,58,99,-14,20,76,0,24,68,-1,31,62,-3,37,61,-5,42,63,-8,33,54,-6,41,49,-10,47,46,-12,51,44,-14,31,59,-8,43,63,-12,50,66,-13,56,68,-14,30,66,-10,40,72,-13,37,74,-11,33,73,-10,30,73,-12,38,77,-13,36,78,-11,33,78,-10,J
76,91,-1,70,81,-1,62,70,-3,58,61,-5,59,51,-7,60,69,-9,50,66,-13,44,65,-16,39,63,-18,61,76,-10,45,85,-14,44,90,-14,45,90,-14,62,85,-11,48,93,-15,51,95,-13,55,94,-11,63,93,-13,52,99,-16,54,100,-15,57,99,-14,20,77,0,24,69,0,31,63,-2,36,61,-5,41,62,-7,32,54,-6,41,50,-10,46,47,-12,51,44,-13,31,59,-8,43,63,-12,49,66,-13,55,67,-14,30,66,-10,40,72,-13,37,74,-11,33,74,-10,30,74,-12,38,78,-14,35,79,-12,32,78,-10,J
76,92,-1,71,82,-1,62,71,-3,59,61,-5,59,52,-7,59,70,-7,50,67,-11,44,65,-13,39,64,-15,60,76,-9,46,85,-12,47,89,-12,49,89,-12,62,85,-10,48,93,-14,51,95,-12,56,93,-10,63,93,-12,52,99,-15,55,100,-14,58,99,-13,19,78,0,24,69,0,31,63,-2,36,62,-5,41,62,-7,32,55,-6,41,50,-9,46,47,-12,51,45,-14,31,59,-8,43,63,-12,50,66,-13,55,67,-14,29,66,-10,39,72,-13,36,74,-11,32,74,-10,29,74,-13,37,78,-14,34,79,-12,31,78,-11,J
76,92,-1,71,82,-1,62,70,-3,59,61,-4,59,51,-6,59,70,-7,50,67,-11,44,65,-14,39,64,-15,60,76,-9,45,85,-12,45,90,-13,47,90,-13,62,85,-10,48,93,-14,51,95,-12,55,94,-11,63,93,-12,52,99,-15,55,100,-14,58,99,-13,19,78,0,24,69,0,31,63,-2,37,62,-5,41,62,-7,32,55,-6,41,50,-10,46,47,-12,50,45,-14,31,60,-9,43,64,-12,50,66,-14,55,68,-15,29,66,-11,39,73,-13,36,75,-12,32,74,-10,29,74,-13,37,78,-14,34,79,-12,32,79,-11,J
76,92,-1,70,82,-1,63,70,-3,59,60,-4,59,51,-7,59,70,-8,50,67,-12,44,66,-14,39,65,-16,61,76,-10,45,84,-13,42,91,-13,41,94,-13,62,85,-11,48,93,-14,46,97,-12,48,97,-11,63,94,-12,52,99,-15,52,101,-14,53,101,-13,19,80,0,25,73,0,32,66,-2,37,64,-5,41,63,-8,32,56,-5,40,51,-9,45,48,-12,50,45,-14,30,59,-8,43,64,-12,50,67,-14,56,69,-15,28,66,-11,39,73,-14,35,75,-12,31,75,-11,27,73,-13,36,78,-15,33,80,-13,30,79,-12,J
75,92,-1,70,82,-1,63,71,-3,59,61,-4,59,52,-7,59,69,-7,50,66,-11,43,66,-14,38,66,-16,60,76,-9,45,85,-13,44,91,-13,46,92,-13,62,84,-11,48,93,-14,49,96,-13,52,96,-11,63,93,-12,52,100,-15,54,102,-14,57,101,-13,19,81,0,25,74,0,32,67,-2,36,65,-5,41,64,-8,32,57,-4,40,52,-8,45,48,-11,49,45,-12,30,60,-7,42,64,-11,48,67,-12,52,68,-13,28,66,-10,38,73,-12,34,75,-11,31,75,-10,26,73,-12,34,78,-14,32,80,-12,29,79,-11,J
76,93,-1,71,82,-1,63,71,-3,59,61,-5,59,52,-7,60,70,-8,50,66,-12,44,65,-14,39,65,-16,61,76,-9,45,84,-12,43,90,-13,43,92,-13,62,85,-10,48,93,-13,47,96,-12,48,97,-11,63,94,-12,52,100,-14,51,102,-14,52,102,-13,19,83,0,27,76,0,33,70,-2,37,66,-5,40,64,-8,33,58,-4,39,52,-8,44,49,-11,49,46,-13,30,60,-7,41,65,-11,47,68,-12,52,69,-13,27,65,-9,37,75,-12,33,77,-11,30,76,-10,25,72,-12,33,79,-14,30,80,-13,28,79,-12,J
75,93,-1,70,82,-1,62,71,-3,59,61,-4,59,51,-6,60,69,-8,50,66,-12,44,65,-15,38,64,-17,61,76,-10,44,85,-14,44,91,-14,46,92,-14,62,85,-11,48,93,-15,50,96,-13,54,95,-11,64,94,-12,52,100,-16,54,101,-15,57,100,-14,19,84,0,28,78,-1,34,71,-3,37,67,-5,39,65,-8,33,58,-4,39,53,-7,44,50,-10,48,46,-12,29,59,-6,38,69,-10,35,73,-11,32,72,-11,25,64,-8,34,75,-12,31,77,-10,29,74,-10,22,71,-11,30,79,-13,28,80,-12,25,78,-11,J
76,92,-1,71,82,-1,63,71,-3,59,61,-4,59,52,-6,60,70,-7,51,66,-11,44,64,-14,39,63,-16,61,76,-9,47,85,-12,50,89,-12,53,88,-12,62,84,-10,49,93,-14,53,95,-11,57,93,-10,63,93,-11,52,99,-15,55,100,-14,59,99,-12,19,85,-1,28,79,-1,35,72,-2,38,69,-4,40,66,-7,33,59,-3,39,54,-6,43,50,-8,47,46,-10,28,59,-5,37,70,-9,35,74,-10,31,73,-11,24,64,-7,33,76,-10,30,78,-10,28,75,-9,21,71,-9,28,80,-11,27,81,-11,24,78,-10,J
75,92,-1,70,82,-2,62,71,-3,59,61,-5,59,51,-7,60,70,-8,50,67,-12,44,65,-15,38,63,-17,60,76,-10,45,85,-13,46,90,-13,49,90,-14,62,85,-11,48,93,-15,51,95,-13,56,94,-11,63,94,-12,52,99,-16,54,101,-15,58,100,-14,19,86,0,29,81,-1,35,75,-3,38,71,-6,40,68,-8,33,59,-3,39,54,-7,43,50,-10,47,47,-12,28,59,-5,36,71,-9,34,76,-11,31,74,-11,24,64,-7,32,77,-11,29,79,-10,27,76,-10,20,70,-9,27,80,-12,25,81,-11,23,79,-10,J
75,91,-1,70,82,-2,62,71,-4,58,61,-5,59,51,-7,59,69,-8,49,66,-13,43,65,-16,38,63,-18,60,76,-10,45,85,-13,44,90,-13,46,91,-14,61,84,-11,48,93,-14,50,95,-13,54,95,-11,62,93,-12,52,99,-15,54,100,-14,57,99,-13,20,88,0,30,85,-2,37,79,-4,40,76,-7,43,73,-10,34,62,-4,39,56,-8,43,52,-11,47,47,-14,29,60,-6,35,73,-11,34,79,-12,31,79,-12,23,64,-7,30,79,-12,28,82,-11,26,79,-10,19,70,-10,24,81,-12,23,84,-12,22,81,-11,J
74,91,-1,69,81,-2,62,70,-4,58,60,-6,58,51,-8,58,69,-9,49,66,-14,43,65,-17,38,64,-19,59,75,-10,44,84,-14,44,89,-14,45,90,-14,61,84,-11,48,92,-15,51,95,-13,55,94,-12,62,92,-12,52,98,-16,54,100,-15,57,98,-14,20,89,0,30,85,-2,36,79,-5,40,76,-8,43,74,-10,35,62,-4,40,57,-9,44,52,-12,47,48,-14,29,61,-6,35,73,-11,33,80,-13,31,80,-13,23,64,-7,29,79,-12,28,83,-12,26,80,-11,18,70,-9,23,82,-13,22,84,-12,21,81,-12,J
74,90,-1,69,81,-1,62,70,-3,58,60,-5,58,51,-7,58,69,-8,48,66,-12,42,64,-15,37,63,-17,59,75,-9,45,84,-13,44,89,-13,46,91,-13,60,83,-11,47,91,-14,50,94,-12,53,94,-11,62,92,-12,51,97,-15,53,99,-14,56,98,-13,20,90,0,29,88,-3,35,85,-6,38,82,-10,41,80,-13,35,66,-5,40,61,-10,44,56,-13,48,52,-15,29,63,-6,33,74,-12,32,82,-13,31,83,-14,23,66,-8,27,81,-12,26,85,-12,25,83,-11,18,70,-10,21,82,-13,21,86,-12,20,84,-11,J
74,90,-1,69,80,-1,61,69,-3,58,60,-4,57,51,-6,58,69,-8,48,66,-12,41,64,-14,36,63,-16,59,75,-9,45,83,-13,45,88,-13,47,88,-13,60,83,-11,48,91,-14,50,94,-12,54,93,-11,62,92,-12,52,97,-15,53,98,-14,56,97,-13,21,91,0,29,89,-3,35,85,-6,38,82,-10,39,80,-13,35,66,-5,39,62,-10,43,57,-13,46,54,-15,29,64,-6,33,76,-11,32,84,-13,31,84,-13,23,66,-8,27,82,-12,26,86,-11,26,83,-10,18,71,-10,20,83,-12,21,87,-12,21,85,-11,J
74,90,-1,69,81,-1,61,70,-3,58,60,-5,58,51,-7,58,69,-7,48,66,-11,42,64,-14,36,62,-16,59,75,-9,46,83,-13,50,86,-13,54,84,-12,60,83,-10,49,91,-14,53,92,-12,57,90,-10,62,92,-12,52,97,-15,55,97,-14,59,95,-13,21,91,0,29,89,-3,35,85,-6,39,83,-9,40,80,-12,35,67,-4,39,62,-9,43,58,-12,47,55,-14,30,64,-6,33,77,-10,32,84,-11,31,83,-11,24,66,-7,27,82,-11,27,86,-10,26,83,-9,18,71,-9,20,83,-12,21,87,-11,20,85,-10,J
74,90,-1,69,80,-1,62,70,-3,58,60,-5,58,51,-7,58,68,-8,48,66,-12,42,64,-14,36,63,-16,59,74,-9,46,83,-13,49,86,-13,53,85,-13,60,82,-11,48,91,-15,52,92,-13,56,90,-11,62,91,-12,52,97,-16,55,97,-15,58,95,-13,22,91,0,30,89,-3,36,86,-6,39,84,-9,40,81,-12,36,68,-5,39,64,-10,42,61,-13,46,58,-15,30,64,-6,33,78,-11,32,85,-12,31,85,-12,24,66,-8,27,83,-12,27,87,-11,26,84,-10,18,71,-10,20,84,-13,21,88,-12,20,86,-11,J
74,90,-1,69,81,-1,62,70,-3,58,60,-4,58,51,-7,58,68,-8,48,66,-12,42,64,-14,36,63,-16,59,74,-9,46,83,-13,49,86,-13,53,85,-13,61,82,-11,48,91,-15,52,92,-12,56,90,-10,62,91,-12,52,97,-16,55,97,-14,58,95,-13,22,91,0,30,89,-3,36,87,-5,40,84,-9,40,82,-12,36,68,-4,39,65,-9,42,62,-12,45,60,-14,31,65,-6,34,79,-11,32,85,-12,31,84,-12,25,67,-8,28,83,-12,27,87,-11,26,83,-10,19,71,-10,21,84,-12,21,87,-12,21,85,-11,J
74,90,-1,69,80,-1,61,70,-3,58,60,-5,58,51,-7,59,69,-8,48,66,-12,42,64,-14,36,63,-16,59,75,-9,46,84,-13,49,86,-13,53,85,-13,61,83,-11,49,91,-14,52,92,-12,56,90,-11,62,92,-12,52,97,-15,55,97,-14,59,95,-13,22,90,0,30,88,-3,36,86,-6,40,83,-10,41,83,-14,36,67,-5,39,64,-10,44,61,-13,48,59,-15,31,65,-6,35,79,-11,33,86,-12,31,85,-12,25,67,-8,28,84,-12,27,88,-11,27,84,-10,19,72,-10,22,85,-13,22,88,-12,21,86,-11,J
74,90,-1,69,81,-1,62,70,-3,58,60,-5,57,52,-7,59,69,-8,48,66,-12,42,65,-14,36,64,-16,60,74,-10,46,84,-14,49,87,-14,52,86,-14,61,83,-11,48,91,-15,52,93,-13,56,91,-11,62,92,-13,51,97,-16,54,98,-15,58,96,-14,23,90,0,30,88,-3,36,85,-6,40,83,-9,42,84,-12,36,67,-4,40,64,-9,44,61,-13,49,60,-15,31,65,-6,35,80,-11,33,86,-12,31,85,-12,25,67,-7,29,84,-12,28,87,-11,27,83,-9,20,72,-10,22,85,-12,22,88,-11,21,86,-10,J
74,90,-1,70,81,-1,62,70,-3,58,60,-5,58,51,-8,59,69,-8,48,67,-12,42,66,-14,36,65,-16,59,75,-9,45,84,-13,44,89,-14,44,91,-14,61,84,-11,48,92,-14,48,95,-13,50,95,-12,62,93,-12,52,98,-15,53,100,-14,55,99,-13,23,89,0,32,86,-2,38,83,-5,42,83,-8,42,86,-11,37,67,-4,40,65,-9,44,65,-13,48,65,-15,32,66,-6,37,82,-10,35,85,-12,33,82,-12,26,69,-8,32,86,-11,29,87,-11,28,82,-10,21,75,-10,25,88,-13,24,88,-12,22,84,-11,J
74,92,-1,70,82,-1,62,70,-3,58,60,-5,58,52,-7,59,70,-8,49,67,-12,42,66,-14,36,65,-16,60,76,-9,45,85,-13,46,88,-13,48,88,-13,61,85,-11,48,93,-14,50,94,-12,54,93,-10,62,93,-12,51,99,-15,53,100,-14,56,98,-13,24,89,0,32,86,-2,39,82,-5,42,81,-7,44,80,-10,37,67,-5,42,66,-10,47,64,-13,52,64,-16,32,66,-6,39,82,-11,37,85,-12,34,82,-13,27,70,-8,33,86,-12,31,86,-11,29,82,-11,22,76,-10,27,88,-13,26,88,-12,24,85,-12,J
74,92,-1,69,82,-1,62,71,-3,58,61,-5,58,52,-7,59,70,-8,48,67,-12,41,66,-14,35,65,-16,59,76,-9,44,86,-13,46,89,-13,48,89,-13,60,85,-11,47,93,-15,50,95,-12,54,94,-11,61,93,-12,51,99,-15,53,101,-14,56,99,-13,24,88,0,32,85,-1,38,81,-3,42,78,-5,45,75,-7,37,67,-4,41,65,-9,46,66,-12,51,66,-15,33,67,-6,40,81,-10,39,84,-12,39,83,-13,28,71,-7,35,87,-11,33,87,-11,31,84,-10,24,77,-9,29,89,-12,28,90,-12,26,86,-11,J
74,94,-1,69,84,-2,61,73,-4,58,62,-6,57,53,-9,58,72,-9,48,69,-13,40,68,-16,34,67,-18,59,78,-10,45,89,-14,47,93,-14,49,93,-14,60,87,-11,47,96,-14,49,99,-13,53,99,-11,61,97,-11,51,102,-15,53,105,-14,56,105,-13,23,87,0,32,82,-1,40,77,-2,46,74,-4,51,73,-6,38,68,-4,45,68,-7,50,71,-10,53,73,-11,35,70,-5,44,80,-9,45,85,-10,43,86,-10,31,75,-7,40,86,-10,40,89,-10,38,88,-9,28,82,-9,35,90,-11,36,92,-10,35,91,-9,J
74,95,-1,69,85,-2,61,73,-4,58,62,-7,57,52,-9,58,72,-9,47,69,-13,40,68,-16,34,68,-18,59,79,-10,45,89,-14,47,93,-14,51,93,-14,60,88,-11,47,97,-15,50,99,-13,55,99,-11,61,97,-12,51,103,-16,54,105,-14,58,105,-13,24,85,0,33,80,0,41,77,-2,47,75,-4,52,75,-6,41,70,-5,49,70,-8,55,69,-10,59,69,-12,38,71,-7,47,83,-10,45,87,-10,43,87,-10,34,75,-8,42,88,-11,41,90,-10,39,88,-9,31,82,-10,38,91,-11,37,92,-10,35,90,-9,J
74,95,-1,70,85,-2,62,74,-4,58,62,-6,58,53,-9,58,71,-9,47,69,-14,40,68,-17,33,68,-20,59,78,-10,45,88,-14,49,92,-14,54,91,-14,60,87,-11,46,96,-15,50,99,-13,55,98,-11,60,97,-11,50,102,-15,54,105,-14,58,105,-12,25,83,0,32,76,0,42,73,-2,49,74,-5,54,76,-7,42,68,-6,51,70,-10,57,70,-13,61,70,-14,39,71,-9,50,78,-12,54,80,-12,57,80,-13,36,76,-11,46,86,-13,48,89,-12,49,89,-11,33,83,-13,41,92,-14,42,93,-13,42,92,-12,J
74,95,-1,70,85,-2,62,73,-5,58,62,-7,58,52,-9,58,71,-9,47,69,-14,39,68,-17,33,67,-20,59,78,-10,44,87,-15,48,90,-15,54,89,-14,60,87,-11,46,95,-16,50,98,-13,56,97,-11,60,97,-12,50,102,-16,54,104,-15,58,104,-13,24,83,0,29,76,-1,37,72,-3,44,74,-6,48,77,-8,39,68,-8,48,68,-12,54,68,-14,59,68,-16,37,72,-9,48,75,-13,54,76,-14,58,75,-14,35,77,-11,46,87,-14,46,88,-12,45,86,-11,34,85,-13,42,93,-14,41,93,-13,39,90,-12,J
74,95,-1,70,85,-2,62,73,-4,59,62,-6,58,52,-9,59,71,-9,47,69,-13,39,68,-16,33,68,-18,59,78,-10,45,87,-14,49,90,-14,54,89,-14,59,87,-11,46,95,-15,50,98,-13,55,96,-10,60,97,-12,49,102,-15,53,104,-14,57,104,-12,26,82,0,31,74,-1,39,72,-3,46,74,-5,50,77,-7,41,67,-6,50,66,-10,56,65,-13,62,66,-14,40,71,-8,50,75,-12,54,77,-12,57,78,-13,38,76,-10,47,85,-13,47,88,-12,46,88,-11,36,84,-12,43,92,-13,43,93,-12,42,93,-11,J
75,95,-1,70,85,-2,62,73,-4,59,62,-7,58,53,-10,58,71,-8,47,70,-13,39,69,-15,33,68,-17,59,78,-10,44,88,-14,47,92,-14,52,90,-14,60,87,-11,46,97,-16,50,99,-13,55,98,-11,60,97,-12,50,103,-16,53,106,-15,57,105,-13,25,82,0,30,74,0,38,70,-3,44,72,-5,49,77,-8,40,66,-6,49,64,-11,56,64,-13,61,65,-15,39,69,-9,50,72,-13,54,74,-13,56,75,-14,38,75,-10,47,85,-14,45,87,-12,43,86,-11,36,83,-12,43,92,-14,43,94,-13,42,93,-11,J
76,96,-1,70,85,-1,63,72,-3,59,62,-5,58,54,-7,59,72,-7,48,69,-11,41,68,-13,35,67,-15,60,79,-9,45,87,-13,46,90,-13,49,89,-13,60,88,-10,47,95,-13,50,97,-12,54,97,-10,61,97,-11,51,102,-14,53,103,-13,56,103,-12,26,79,0,31,71,-1,40,67,-3,48,67,-5,55,69,-7,39,62,-7,48,59,-10,54,59,-12,59,59,-13,38,67,-8,50,69,-11,55,71,-12,58,72,-12,37,75,-10,48,80,-12,47,81,-10,45,79,-9,36,83,-11,44,87,-12,44,87,-10,42,85,-9,J
76,96,-1,71,85,-1,63,73,-3,60,63,-5,58,54,-7,60,72,-7,49,69,-10,42,68,-12,36,67,-14,60,79,-8,46,88,-12,47,91,-13,51,91,-13,61,88,-10,48,96,-14,51,98,-12,55,98,-10,62,97,-11,52,103,-14,54,104,-13,57,104,-12,25,79,0,30,70,-1,39,66,-3,46,67,-5,52,69,-7,39,61,-6,48,58,-10,54,57,-12,59,55,-13,38,67,-8,50,69,-11,54,72,-11,56,73,-11,37,74,-9,48,78,-11,48,80,-9,47,79,-8,36,82,-11,45,84,-11,45,85,-9,44,84,-8,J
77,96,-1,71,86,-1,63,75,-3,59,65,-4,58,57,-6,59,74,-7,49,71,-11,42,69,-13,36,68,-15,60,80,-8,45,88,-12,44,92,-12,46,93,-12,62,89,-9,48,96,-13,48,100,-11,51,100,-10,63,98,-11,52,103,-14,52,105,-13,53,106,-13,25,77,0,30,68,-2,39,64,-4,47,66,-6,53,69,-8,38,59,-8,48,56,-11,55,55,-13,60,54,-15,37,65,-9,50,70,-12,55,71,-12,58,72,-12,36,73,-10,48,78,-12,51,78,-10,52,77,-9,36,80,-11,45,83,-12,46,83,-10,46,81,-9,J
77,96,-1,71,86,-1,63,75,-3,59,65,-4,59,57,-6,60,74,-8,49,71,-11,42,69,-14,36,67,-16,60,80,-9,46,88,-12,43,92,-12,43,94,-13,62,89,-10,48,95,-12,46,99,-11,48,100,-11,63,98,-11,52,102,-14,51,105,-13,51,106,-13,25,77,0,30,68,-2,38,64,-4,46,66,-6,51,70,-8,38,59,-8,48,56,-12,55,55,-14,59,55,-16,37,66,-9,51,70,-13,55,71,-13,57,71,-14,36,73,-11,49,78,-12,51,77,-11,50,76,-10,36,81,-12,46,83,-12,46,82,-11,45,80,-9,J
76,96,-1,70,86,-2,62,75,-3,58,64,-5,58,55,-7,59,74,-9,49,71,-13,43,69,-16,37,67,-18,60,79,-10,45,88,-13,43,95,-14,44,97,-14,61,88,-11,47,96,-14,47,101,-13,50,102,-12,63,96,-11,51,102,-15,51,106,-14,54,107,-14,24,75,0,29,66,0,36,61,-2,43,62,-4,48,65,-6,38,55,-7,48,54,-10,54,52,-12,58,51,-14,37,60,-9,48,66,-11,51,70,-12,53,72,-12,35,67,-10,47,72,-13,53,73,-12,57,74,-12,34,75,-12,42,79,-13,45,80,-12,47,80,-11,J
76,97,-1,71,86,-2,62,73,-4,59,62,-5,59,53,-8,59,74,-9,49,72,-13,42,70,-16,37,67,-18,60,80,-10,45,89,-13,42,93,-13,42,94,-14,61,88,-10,46,96,-13,45,99,-12,45,100,-11,62,97,-11,50,101,-14,49,104,-13,50,104,-13,24,75,0,29,65,1,36,61,-1,42,61,-3,47,65,-5,38,55,-7,47,53,-10,53,52,-12,58,51,-14,36,60,-9,47,66,-12,51,69,-12,53,71,-13,35,67,-11,47,71,-13,53,73,-14,57,73,-14,34,75,-12,42,79,-13,45,80,-13,47,81,-12,J
76,96,-1,71,87,-2,62,74,-4,59,63,-5,59,53,-7,59,74,-9,49,71,-13,43,69,-16,37,67,-19,60,80,-9,46,90,-13,48,94,-13,51,93,-13,61,89,-10,48,96,-14,50,100,-12,54,99,-10,62,97,-11,51,102,-14,53,105,-14,56,105,-13,24,74,0,29,65,2,37,61,0,43,63,-2,47,68,-4,38,55,-7,47,53,-10,53,51,-12,57,50,-13,36,60,-9,46,67,-12,48,71,-12,48,73,-12,34,67,-11,47,72,-14,53,73,-15,58,73,-16,34,75,-13,41,78,-14,44,80,-13,46,80,-12,J
76,97,-1,71,87,-2,62,74,-4,59,63,-6,59,54,-8,60,74,-9,50,71,-14,43,69,-17,38,67,-19,61,81,-10,46,89,-14,45,95,-14,47,97,-15,62,90,-11,48,97,-14,48,102,-13,51,103,-12,63,98,-11,52,103,-15,52,107,-14,54,108,-14,24,74,0,29,65,1,36,61,-1,42,62,-3,47,66,-5,37,55,-7,47,52,-11,52,50,-13,57,49,-14,36,60,-9,47,66,-13,47,69,-13,46,70,-13,34,67,-11,47,71,-14,53,72,-15,56,72,-15,34,75,-12,42,78,-14,44,79,-13,45,79,-12,J
76,97,-1,71,86,-2,62,74,-4,59,64,-5,59,55,-7,60,74,-9,50,71,-13,43,70,-15,37,68,-17,60,81,-9,46,89,-13,45,95,-14,47,97,-14,61,89,-10,48,97,-14,49,101,-13,53,103,-12,62,98,-11,52,103,-14,52,106,-14,54,108,-14,24,74,0,29,64,1,36,60,-1,43,61,-2,47,65,-4,37,55,-7,46,52,-9,52,50,-11,57,48,-12,36,59,-9,47,65,-11,49,69,-12,49,70,-12,34,67,-11,47,71,-13,53,72,-13,58,73,-14,34,74,-12,41,78,-13,43,79,-12,45,79,-12,J
76,96,-1,71,86,-2,62,74,-4,58,63,-6,59,54,-8,59,74,-9,49,71,-13,43,69,-16,37,68,-18,61,80,-10,46,89,-14,46,95,-14,48,97,-14,62,89,-10,48,96,-14,50,101,-13,53,103,-12,63,98,-11,53,103,-15,53,106,-15,55,108,-14,23,74,0,28,65,0,35,60,-2,41,61,-4,46,64,-6,36,54,-7,46,51,-11,52,50,-13,56,47,-14,35,59,-9,47,66,-12,48,69,-13,47,69,-13,34,66,-11,46,72,-14,50,73,-13,51,73,-13,33,74,-13,41,78,-14,41,80,-13,41,79,-12,J
76,96,-1,71,86,-2,62,74,-4,59,63,-5,59,54,-7,60,74,-9,49,71,-13,42,69,-16,37,68,-18,61,80,-10,46,88,-13,46,94,-14,48,95,-14,62,89,-10,48,96,-14,50,100,-12,53,101,-11,63,98,-11,52,103,-15,53,106,-14,55,107,-13,23,75,0,27,65,1,35,61,-1,41,61,-3,45,65,-5,36,54,-6,46,51,-9,51,49,-12,56,47,-13,35,59,-9,46,65,-11,47,68,-12,47,69,-12,34,66,-10,46,71,-13,52,72,-13,55,72,-13,33,74,-12,41,78,-13,42,80,-12,43,80,-11,J
76,96,-1,71,86,-2,62,74,-4,59,63,-5,59,53,-8,59,73,-8,49,71,-13,42,69,-15,37,67,-18,60,80,-9,45,88,-14,45,95,-14,48,96,-14,62,88,-10,48,96,-15,50,101,-13,53,101,-12,63,98,-11,53,103,-16,53,106,-15,56,107,-14,23,75,0,28,65,1,36,61,-1,42,62,-3,46,65,-5,36,54,-6,46,51,-9,51,49,-10,56,48,-12,35,59,-8,46,65,-10,48,69,-11,49,70,-11,33,66,-10,46,71,-12,52,72,-12,55,71,-13,33,74,-11,40,78,-12,41,79,-11,40,79,-10,J
76,97,-1,70,86,-2,62,74,-4,58,63,-5,59,53,-8,59,73,-8,49,71,-12,43,69,-15,37,67,-17,60,79,-9,45,88,-13,46,94,-14,49,96,-14,61,88,-10,48,96,-14,50,100,-13,55,100,-12,63,97,-11,52,103,-15,54,105,-15,58,105,-14,23,75,0,28,66,1,35,62,-1,42,63,-2,46,66,-4,37,54,-6,45,52,-8,51,50,-10,55,48,-11,35,59,-8,47,65,-10,51,69,-10,54,70,-11,33,67,-10,46,71,-11,52,72,-11,56,72,-12,33,75,-11,41,78,-12,41,79,-11,40,78,-10,J
76,96,-1,70,86,-2,62,74,-4,59,63,-5,59,54,-7,59,73,-8,49,70,-12,43,69,-15,37,67,-17,60,80,-9,46,88,-13,44,94,-13,45,96,-14,62,88,-10,48,96,-13,48,100,-12,50,102,-11,63,97,-11,53,102,-14,52,106,-14,53,107,-13,23,75,0,28,66,0,35,61,-2,41,62,-4,46,65,-6,36,54,-6,45,52,-9,51,50,-12,56,48,-13,34,60,-8,47,65,-11,51,68,-11,54,69,-12,33,67,-10,46,71,-12,51,72,-12,54,72,-13,32,75,-12,41,78,-13,42,79,-11,41,78,-11,J
76,96,-1,70,85,-2,62,73,-3,59,63,-5,59,53,-7,59,73,-8,49,71,-12,43,69,-15,37,68,-18,60,80,-9,45,88,-13,44,94,-13,44,95,-14,62,88,-10,48,96,-13,48,100,-12,50,101,-11,63,97,-11,53,103,-14,52,105,-14,54,106,-13,23,75,0,28,67,0,35,62,-2,41,62,-4,46,65,-5,36,55,-6,45,52,-9,51,49,-11,56,48,-13,34,59,-8,46,64,-11,51,66,-12,55,68,-13,33,66,-10,45,70,-13,51,71,-14,55,72,-14,32,74,-12,40,78,-13,41,79,-13,41,79,-13,J
76,96,-1,70,85,-2,62,73,-4,59,63,-6,59,54,-8,59,73,-9,49,70,-13,43,69,-16,37,67,-19,60,79,-10,45,88,-14,44,94,-14,45,96,-15,62,88,-11,48,96,-14,49,100,-13,52,101,-12,64,97,-12,53,103,-15,53,106,-15,56,106,-15,23,75,0,28,67,0,36,63,-2,42,65,-4,47,68,-6,36,54,-6,45,52,-9,51,50,-12,55,48,-13,34,59,-8,45,65,-11,49,68,-12,51,70,-13,32,66,-10,44,70,-13,51,71,-14,55,71,-15,32,73,-12,40,77,-13,40,79,-13,39,78,-12,J
76,96,-1,71,86,-2,62,74,-4,59,63,-5,59,54,-7,59,73,-8,49,70,-12,42,69,-15,37,67,-17,60,80,-9,45,89,-13,47,94,-14,50,94,-14,62,88,-10,48,97,-14,50,100,-13,54,99,-11,63,97,-11,52,103,-15,54,105,-15,58,105,-14,23,76,0,28,68,-1,35,63,-3,41,62,-5,45,65,-7,36,54,-6,45,52,-10,50,50,-12,55,48,-14,33,59,-8,45,64,-12,50,68,-13,54,71,-14,31,66,-10,43,70,-13,49,72,-13,54,73,-14,31,74,-12,39,77,-13,41,79,-13,42,79,-13,J
76,96,-1,71,86,-2,63,74,-3,59,63,-5,59,54,-7,59,73,-8,49,70,-12,43,68,-14,37,67,-16,60,79,-9,45,89,-12,44,94,-13,45,95,-13,61,88,-10,47,96,-13,48,100,-12,50,101,-11,63,97,-11,52,103,-14,53,106,-14,55,106,-13,22,77,0,30,71,-1,37,66,-3,42,65,-6,46,66,-8,36,55,-6,44,52,-9,50,50,-12,54,48,-14,32,59,-8,44,64,-11,50,68,-12,55,70,-14,30,65,-9,41,70,-13,47,73,-13,51,74,-13,28,72,-11,37,77,-13,39,79,-12,40,79,-12,J
76,96,-1,71,85,-2,63,73,-4,59,63,-5,59,53,-7,59,73,-8,49,70,-13,42,69,-16,37,69,-18,60,80,-10,44,89,-13,43,95,-13,45,97,-14,62,89,-11,47,96,-14,47,101,-13,50,102,-12,64,98,-12,52,103,-15,52,106,-14,54,107,-14,22,81,0,32,76,-2,39,72,-4,43,70,-6,46,68,-8,36,57,-4,42,54,-8,46,51,-11,50,49,-13,31,57,-6,38,66,-10,37,69,-12,35,68,-13,27,62,-8,35,73,-11,33,74,-10,31,72,-10,23,68,-10,31,77,-12,30,78,-11,28,76,-11,J
76,96,-1,71,85,-2,63,73,-3,59,63,-5,59,54,-7,59,73,-8,49,70,-12,42,69,-15,37,69,-17,60,79,-9,45,88,-13,43,95,-13,43,97,-13,62,88,-10,48,96,-13,46,101,-12,47,103,-11,63,97,-11,53,103,-14,51,106,-14,51,108,-13,22,80,0,31,76,-1,39,71,-3,44,70,-6,48,70,-8,35,57,-3,42,54,-7,46,51,-9,50,49,-11,31,57,-5,38,66,-9,37,69,-10,35,68,-11,27,62,-7,35,72,-10,33,74,-9,31,72,-9,24,68,-9,31,77,-10,30,77,-10,28,75,-9,J
75,97,-1,71,86,-2,63,73,-3,59,63,-5,59,54,-7,60,73,-8,49,70,-12,42,70,-14,37,70,-16,60,80,-9,44,89,-13,44,95,-13,47,96,-13,62,89,-10,47,97,-14,48,101,-12,51,102,-11,63,98,-11,52,103,-15,52,107,-14,54,108,-13,22,81,0,31,78,-2,37,73,-4,41,71,-6,45,69,-8,35,58,-4,40,55,-7,44,51,-10,48,48,-12,30,57,-5,36,67,-9,36,70,-11,34,69,-12,25,61,-7,32,74,-9,31,75,-9,29,72,-9,21,68,-9,27,78,-11,26,78,-10,24,76,-10,J
76,97,-1,71,86,-2,63,74,-4,59,64,-5,59,54,-7,60,73,-8,49,70,-12,42,70,-14,37,70,-16,60,80,-9,44,89,-13,44,95,-13,46,98,-13,61,89,-10,47,97,-14,48,102,-13,50,104,-12,63,98,-11,52,104,-15,52,107,-14,54,108,-13,21,82,0,29,79,-2,35,74,-4,38,72,-6,40,69,-9,33,58,-4,38,55,-8,42,51,-11,45,47,-13,28,57,-5,35,69,-9,34,73,-11,32,72,-12,24,61,-7,30,75,-10,29,76,-10,27,73,-9,19,68,-9,25,78,-11,24,79,-11,22,76,-11,J
76,96,-1,71,86,-2,63,74,-4,59,63,-5,59,54,-7,59,73,-8,49,70,-12,42,69,-14,37,68,-16,60,80,-9,44,89,-13,45,95,-13,47,96,-13,61,89,-10,48,97,-14,49,101,-12,52,102,-11,63,98,-11,52,103,-14,53,107,-14,55,108,-13,20,83,0,28,80,-2,34,75,-4,37,71,-7,38,68,-9,31,59,-4,36,56,-8,40,52,-11,44,48,-14,26,58,-6,32,70,-10,32,73,-12,30,72,-13,21,62,-7,27,76,-11,26,77,-10,24,73,-10,17,68,-9,22,79,-12,21,80,-12,19,77,-12,J
76,96,-1,71,86,-2,63,74,-3,59,63,-5,59,54,-7,59,73,-7,49,70,-11,42,69,-14,36,68,-16,60,80,-9,45,89,-13,45,94,-13,47,96,-13,61,88,-10,48,97,-14,50,101,-13,53,101,-11,63,97,-11,53,103,-15,54,106,-14,57,106,-13,20,84,0,27,81,-2,34,76,-4,37,71,-6,37,69,-8,31,61,-4,36,57,-8,39,52,-11,42,48,-14,25,59,-6,31,72,-10,31,76,-11,28,75,-12,20,63,-7,26,77,-11,25,79,-10,23,75,-10,15,69,-9,20,80,-12,20,81,-11,18,79,-11,J
75,96,-1,70,86,-2,63,74,-4,59,63,-5,59,54,-7,59,73,-8,49,70,-12,42,69,-14,37,69,-16,60,79,-9,45,88,-13,44,95,-13,45,97,-14,61,88,-10,48,96,-14,48,101,-13,50,102,-12,63,97,-11,53,103,-14,53,106,-14,54,107,-13,20,84,0,28,81,-2,35,76,-4,38,71,-7,36,69,-9,31,61,-5,35,57,-9,38,53,-12,42,48,-15,25,59,-6,30,73,-11,30,77,-12,28,77,-13,19,63,-8,25,78,-11,24,80,-10,23,76,-10,14,69,-9,19,81,-12,19,82,-11,18,79,-11,J
75,95,-1,70,85,-2,62,73,-4,59,63,-6,59,54,-8,59,72,-8,49,70,-12,42,69,-15,36,68,-17,60,79,-9,44,87,-13,43,93,-13,45,95,-14,61,88,-10,47,95,-14,48,100,-13,50,100,-11,63,97,-11,52,102,-14,52,105,-14,54,105,-13,19,85,0,27,82,-3,33,78,-5,36,73,-8,37,70,-11,30,63,-6,34,58,-10,38,54,-14,41,49,-16,24,60,-7,30,73,-12,29,80,-13,28,80,-13,19,64,-8,24,79,-12,24,82,-11,22,80,-10,14,69,-10,18,81,-12,18,84,-12,17,81,-11,J
75,95,-1,70,85,-2,62,73,-4,59,63,-6,59,54,-8,58,72,-8,49,70,-12,42,69,-15,36,68,-17,59,78,-9,44,87,-13,42,93,-14,43,96,-14,61,87,-10,47,95,-14,46,99,-13,47,100,-12,63,96,-11,52,102,-14,51,104,-14,52,105,-13,20,85,0,27,82,-3,33,78,-5,36,75,-8,37,73,-11,31,63,-5,34,59,-10,38,54,-14,41,50,-16,25,61,-7,30,74,-12,29,80,-13,27,80,-14,19,64,-8,24,80,-12,23,83,-11,22,79,-10,14,69,-10,17,81,-12,18,84,-12,17,82,-11,J
75,94,-1,70,85,-2,62,73,-4,58,63,-5,59,53,-8,58,71,-8,48,70,-12,42,68,-15,36,67,-18,59,78,-9,44,88,-13,47,92,-14,50,91,-14,61,86,-10,47,96,-15,51,97,-13,56,96,-11,62,96,-12,51,101,-16,54,103,-15,58,101,-13,20,86,0,26,83,-3,32,80,-6,35,79,-9,34,78,-12,31,64,-6,35,60,-11,38,55,-15,41,51,-17,25,61,-7,30,74,-12,29,81,-14,27,81,-14,19,64,-9,24,80,-13,24,83,-12,22,80,-11,14,69,-10,17,81,-13,18,85,-12,17,83,-11,J
74,94,-1,69,85,-2,62,73,-4,58,63,-6,58,53,-8,58,72,-8,48,69,-13,42,68,-16,37,66,-18,59,78,-9,43,87,-13,44,92,-14,46,92,-14,60,86,-10,47,94,-14,49,97,-12,53,96,-11,62,95,-12,51,100,-15,53,102,-14,56,101,-13,20,86,0,27,84,-3,32,80,-6,35,79,-9,36,78,-13,31,63,-6,35,60,-11,39,56,-14,42,51,-17,25,61,-7,30,75,-12,29,82,-13,27,81,-14,20,64,-8,24,81,-12,24,83,-11,22,80,-10,14,70,-10,18,82,-13,18,85,-12,17,82,-11,J
75,93,-1,69,83,-2,62,72,-4,58,61,-6,58,53,-8,58,71,-9,48,69,-13,42,68,-16,36,67,-18,59,77,-10,44,85,-13,42,91,-14,42,93,-14,60,86,-11,46,93,-14,45,97,-13,47,98,-12,62,94,-12,51,100,-14,50,102,-14,51,102,-13,22,85,0,28,83,-3,33,79,-6,36,78,-10,37,79,-14,33,63,-6,36,60,-11,40,57,-15,43,53,-17,27,61,-7,30,76,-12,30,82,-14,28,82,-14,20,64,-8,25,81,-13,24,84,-12,23,81,-10,15,70,-10,18,82,-13,19,85,-12,18,83,-11,J
74,92,-1,69,83,-2,62,72,-4,58,61,-6,58,52,-8,57,70,-9,48,68,-13,41,67,-16,36,66,-17,58,76,-10,43,85,-13,41,91,-13,41,92,-14,60,84,-11,46,93,-14,45,97,-13,46,97,-12,62,93,-12,52,99,-15,51,102,-14,52,101,-14,21,86,0,28,83,-3,34,80,-5,37,78,-9,38,78,-12,33,64,-6,37,62,-11,41,59,-15,45,56,-18,27,62,-7,31,77,-12,30,83,-13,28,81,-13,21,65,-8,25,82,-12,25,84,-11,24,80,-10,16,70,-10,19,83,-13,19,85,-12,18,82,-11,J
74,92,-1,69,83,-2,61,71,-4,58,61,-6,58,52,-8,57,70,-8,47,68,-13,41,67,-15,35,66,-17,58,76,-9,43,85,-13,42,91,-14,43,92,-14,60,84,-11,46,93,-15,47,97,-13,50,96,-12,62,93,-12,51,100,-16,52,102,-15,55,101,-14,22,86,0,28,83,-3,34,80,-6,37,78,-9,38,79,-12,33,64,-5,36,62,-10,41,59,-14,45,56,-17,27,61,-6,32,77,-11,30,83,-13,28,82,-13,21,64,-8,26,82,-12,25,84,-11,24,80,-10,16,70,-10,19,83,-13,19,85,-12,18,82,-11,J
75,90,-1,70,81,-1,62,70,-3,58,60,-5,58,51,-7,58,69,-7,48,67,-11,42,64,-14,37,63,-15,59,75,-9,45,84,-13,48,88,-13,52,87,-13,61,83,-10,48,92,-14,52,93,-12,56,92,-11,62,92,-12,52,97,-16,54,98,-15,58,97,-14,22,86,0,28,84,-3,34,81,-6,38,80,-9,39,80,-13,34,64,-5,38,63,-10,42,60,-14,47,58,-16,28,62,-6,33,78,-11,31,84,-12,29,82,-12,22,65,-8,27,82,-12,26,84,-10,24,80,-9,17,70,-10,20,82,-13,20,85,-12,19,82,-10,J
75,90,-1,70,80,-1,62,69,-3,58,60,-4,58,51,-6,58,69,-8,48,66,-11,42,64,-14,37,63,-16,59,74,-9,45,84,-13,48,87,-13,52,86,-12,60,83,-11,48,91,-14,52,93,-12,56,91,-10,62,91,-12,52,97,-16,55,98,-15,59,96,-14,22,85,0,29,83,-3,34,81,-6,38,80,-9,39,81,-13,34,65,-5,38,63,-10,42,60,-13,47,58,-15,29,62,-6,33,77,-11,31,83,-12,29,81,-12,23,64,-8,27,81,-11,26,83,-10,24,79,-9,17,69,-10,20,82,-12,20,84,-11,19,81,-10,J
75,90,-1,70,80,-1,62,69,-3,58,59,-4,58,50,-6,58,68,-7,48,66,-11,42,64,-14,37,62,-16,59,74,-9,44,84,-13,46,88,-13,50,87,-13,60,82,-10,47,91,-15,51,93,-12,56,91,-11,62,91,-12,52,97,-16,55,98,-15,59,96,-14,22,86,0,29,84,-3,34,81,-6,37,80,-9,38,80,-13,34,64,-5,38,62,-11,42,60,-14,47,58,-17,28,61,-7,33,77,-12,31,84,-13,29,82,-13,23,64,-8,27,81,-13,26,84,-11,25,80,-10,17,69,-10,20,82,-13,20,85,-12,19,83,-11,J
75,90,-1,70,80,-1,62,69,-3,58,59,-4,58,51,-6,58,68,-7,48,66,-11,42,64,-14,37,62,-16,59,74,-9,44,84,-13,45,89,-13,48,89,-13,60,82,-11,47,91,-15,51,93,-13,55,92,-11,62,91,-12,52,97,-16,54,97,-15,58,95,-14,23,85,0,29,83,-3,35,80,-6,38,80,-9,38,80,-13,34,63,-5,38,62,-10,42,59,-14,46,58,-16,29,61,-6,33,77,-11,31,82,-12,29,81,-12,23,64,-8,27,81,-12,26,83,-11,25,79,-9,18,69,-10,20,82,-13,21,84,-12,20,81,-11,J
75,90,-1,70,80,-1,62,69,-2,58,60,-4,58,51,-6,58,68,-7,48,65,-11,42,63,-14,37,62,-16,59,74,-9,44,84,-13,47,88,-12,51,87,-12,60,82,-10,48,91,-14,52,93,-12,56,91,-10,62,91,-12,52,97,-16,55,98,-15,59,96,-13,22,86,0,29,84,-3,34,82,-6,38,81,-9,38,81,-13,34,64,-5,38,62,-10,42,60,-14,46,58,-16,29,61,-6,33,77,-11,31,83,-12,29,81,-12,23,64,-8,27,81,-12,26,83,-11,25,80,-9,18,69,-10,21,82,-13,21,84,-12,20,82,-11,J
75,90,-1,69,80,-1,62,69,-3,58,59,-5,58,50,-7,58,68,-8,49,66,-12,42,63,-15,37,62,-17,59,74,-9,44,83,-13,45,88,-13,48,88,-13,60,83,-11,47,91,-15,51,93,-13,55,92,-11,62,91,-12,52,97,-16,54,98,-15,57,97,-14,22,86,0,28,84,-3,34,82,-6,37,81,-9,38,80,-12,34,64,-5,37,63,-10,42,60,-14,46,58,-16,29,61,-6,33,76,-12,31,83,-13,30,83,-13,23,64,-8,27,81,-12,26,83,-11,25,80,-10,18,69,-10,21,82,-13,21,84,-12,20,82,-11,J
75,89,-1,69,80,-1,62,69,-3,58,59,-5,58,50,-7,58,68,-8,48,66,-12,42,64,-15,37,62,-17,59,74,-10,44,84,-14,45,89,-14,48,89,-14,60,82,-11,47,91,-15,51,94,-13,55,92,-11,62,91,-13,52,97,-16,54,99,-16,57,97,-15,23,85,0,29,83,-3,35,80,-6,39,79,-10,38,80,-13,35,63,-5,38,62,-11,42,60,-14,46,59,-16,29,61,-7,33,77,-12,31,83,-12,30,82,-12,23,63,-8,27,81,-13,26,84,-11,25,80,-10,18,69,-11,21,82,-14,21,85,-13,21,82,-11,J
75,90,-1,70,80,-1,62,69,-3,58,60,-4,58,50,-7,58,68,-8,48,66,-12,42,64,-15,37,62,-17,59,74,-9,45,84,-13,48,87,-13,52,86,-13,60,83,-11,48,91,-15,52,92,-13,57,90,-11,62,91,-12,52,97,-16,55,97,-15,59,95,-14,22,85,0,29,83,-3,34,81,-6,37,81,-10,38,81,-13,34,64,-5,38,62,-10,42,60,-14,46,58,-16,29,61,-6,33,77,-11,31,83,-12,29,82,-12,24,64,-8,27,81,-12,26,84,-11,25,80,-9,18,69,-10,21,82,-13,21,85,-12,20,82,-11,J
75,90,-1,70,81,-1,62,70,-3,58,60,-4,58,51,-6,58,68,-7,49,66,-11,42,64,-14,37,62,-16,59,74,-9,46,84,-13,50,86,-12,54,85,-12,60,83,-10,48,91,-14,52,92,-12,57,90,-10,62,92,-12,52,97,-15,55,98,-14,59,96,-13,24,84,0,30,83,-3,35,81,-6,38,81,-10,38,81,-13,35,64,-6,38,62,-11,42,60,-14,46,58,-17,29,61,-7,33,78,-12,32,84,-13,30,82,-13,24,64,-8,27,82,-12,27,84,-11,26,80,-10,18,70,-10,21,83,-13,21,85,-12,20,82,-11,J
75,90,-1,70,80,-1,62,69,-3,58,60,-5,58,51,-7,58,69,-7,48,66,-11,42,64,-13,37,63,-15,59,74,-9,46,84,-13,48,88,-12,52,87,-12,60,82,-10,48,91,-14,52,93,-12,56,91,-10,62,91,-12,52,97,-15,55,98,-14,58,96,-13,22,85,0,29,83,-2,34,81,-6,37,81,-9,39,81,-12,34,64,-5,38,63,-10,42,60,-14,47,59,-16,29,61,-6,34,77,-11,32,82,-12,30,81,-12,24,65,-8,28,82,-12,27,84,-10,25,80,-9,19,71,-10,22,83,-12,21,85,-12,20,83,-11,J
75,90,-1,69,80,-1,62,69,-3,58,60,-4,58,51,-6,58,68,-7,48,67,-11,42,65,-13,37,63,-15,59,74,-9,45,84,-12,48,87,-12,52,86,-12,60,82,-10,48,91,-14,52,93,-12,57,91,-10,62,91,-12,52,97,-15,55,98,-15,59,96,-13,23,84,0,29,82,-2,34,80,-5,37,81,-8,39,81,-11,34,63,-5,38,62,-10,43,60,-14,47,59,-16,29,62,-6,34,78,-10,32,81,-11,30,79,-12,24,65,-7,29,83,-11,27,82,-10,25,78,-9,19,71,-9,23,84,-12,22,84,-11,20,81,-10,J
74,90,-1,70,80,-1,62,69,-3,58,60,-5,58,51,-7,58,68,-7,48,66,-11,41,64,-13,36,63,-15,59,74,-9,46,84,-13,49,87,-13,53,86,-13,60,82,-10,48,92,-14,52,93,-12,56,91,-10,62,91,-12,52,98,-15,55,98,-14,58,97,-13,23,83,0,31,81,-3,37,78,-5,41,78,-8,42,79,-11,35,62,-5,39,62,-10,43,61,-14,48,60,-17,30,61,-6,35,78,-10,33,80,-11,31,77,-12,25,65,-7,30,83,-11,28,82,-10,27,77,-9,20,72,-9,24,84,-12,23,84,-11,21,80,-11,J
75,90,-1,70,80,-1,62,69,-3,58,59,-5,58,50,-7,58,68,-7,48,66,-11,41,64,-13,36,63,-15,59,74,-9,46,83,-13,50,86,-12,54,84,-12,60,83,-10,48,91,-14,52,92,-12,56,90,-10,61,92,-12,51,97,-15,55,98,-14,59,96,-13,23,83,0,30,80,-2,36,78,-5,40,78,-7,43,80,-10,35,63,-5,40,62,-10,44,61,-13,49,61,-16,30,62,-6,37,77,-11,35,80,-12,34,79,-13,25,66,-8,31,82,-11,29,82,-10,28,78,-10,21,72,-10,26,84,-12,24,84,-12,22,81,-11,J
74,90,-1,69,80,-1,62,69,-3,58,59,-5,58,50,-7,58,68,-8,48,66,-12,41,64,-14,35,63,-16,59,74,-9,46,84,-13,50,86,-13,54,84,-12,60,83,-10,48,91,-14,52,93,-12,56,91,-10,61,92,-12,51,97,-15,55,98,-14,58,96,-13,23,84,0,31,80,-2,37,77,-4,41,77,-6,44,79,-9,35,63,-4,40,62,-9,44,63,-12,48,64,-15,31,63,-6,38,76,-10,38,80,-12,39,80,-13,27,68,-8,33,82,-11,31,83,-11,30,80,-10,22,74,-10,27,85,-12,26,85,-12,24,82,-11,J
74,90,-1,69,80,-1,61,69,-3,58,59,-5,58,50,-7,58,68,-8,48,65,-12,41,64,-15,35,62,-17,59,74,-9,45,84,-13,49,86,-13,53,85,-13,60,83,-11,47,92,-15,51,93,-12,56,91,-10,61,92,-12,51,98,-16,54,98,-14,58,97,-13,25,85,0,32,81,-1,38,77,-3,42,76,-5,45,75,-8,36,63,-4,40,62,-9,45,61,-12,49,61,-15,32,63,-6,40,77,-10,40,81,-12,40,82,-13,28,68,-8,35,83,-11,33,83,-11,31,80,-10,24,74,-10,30,85,-12,28,86,-12,26,83,-11,J
75,91,-1,70,81,-1,62,69,-3,58,59,-5,58,50,-7,58,69,-8,48,66,-12,41,64,-15,35,62,-17,59,75,-9,46,84,-13,49,88,-13,53,86,-13,60,83,-11,48,92,-14,51,94,-12,56,92,-10,61,92,-12,51,98,-15,54,99,-14,58,98,-13,25,82,0,34,78,-2,42,73,-4,48,70,-6,53,67,-8,38,63,-6,43,62,-11,49,62,-15,54,62,-17,34,63,-7,41,76,-12,41,79,-14,40,79,-15,29,68,-9,37,83,-13,34,83,-12,32,80,-12,26,75,-11,32,85,-13,30,85,-13,28,82,-12,J
74,90,-1,69,80,-1,61,69,-3,58,59,-5,57,50,-7,58,68,-8,48,65,-13,41,64,-15,35,62,-18,59,74,-9,45,85,-13,48,88,-13,52,88,-13,60,83,-11,47,93,-15,51,94,-12,55,93,-10,61,92,-12,51,98,-15,54,99,-14,57,98,-13,25,81,0,34,76,-1,43,72,-3,49,69,-5,53,67,-7,40,62,-5,45,65,-9,50,67,-12,53,68,-14,35,64,-6,44,78,-11,42,80,-11,39,78,-12,31,69,-8,39,83,-12,37,83,-12,34,79,-11,27,76,-10,34,86,-13,33,86,-12,31,83,-11,J
75,91,-1,70,81,-1,62,70,-3,58,60,-5,57,50,-8,58,69,-8,48,66,-13,41,64,-16,35,63,-18,59,75,-10,44,85,-14,45,90,-14,47,91,-14,60,84,-11,47,93,-15,49,95,-13,53,94,-11,61,93,-12,51,99,-16,53,101,-14,57,99,-13,24,80,0,32,75,-1,39,71,-3,45,69,-5,48,67,-8,39,64,-6,46,64,-10,52,65,-13,56,65,-14,36,66,-7,45,78,-12,43,81,-12,40,79,-12,32,70,-9,41,84,-13,38,84,-12,36,81,-11,29,77,-11,36,87,-13,35,87,-12,33,84,-11,J
74,92,-1,70,82,-1,62,70,-3,58,60,-5,58,50,-8,58,69,-8,48,66,-13,41,64,-16,35,62,-18,59,75,-10,45,85,-14,48,88,-14,52,87,-13,60,84,-11,47,93,-15,51,94,-13,56,92,-11,61,93,-12,51,99,-16,54,100,-15,58,98,-13,25,79,0,32,73,-1,39,70,-3,45,68,-5,49,68,-8,39,63,-7,47,66,-11,52,67,-13,55,67,-15,36,66,-8,46,78,-13,44,80,-13,41,77,-13,33,72,-10,42,83,-14,39,84,-13,37,81,-11,30,78,-12,38,87,-14,37,87,-13,34,84,-12,J
74,91,-1,69,81,-1,62,69,-3,58,59,-5,58,50,-8,58,68,-8,48,65,-13,41,63,-16,35,62,-18,59,74,-10,45,84,-14,49,87,-14,53,86,-13,60,83,-11,48,92,-15,51,93,-13,56,92,-11,61,93,-12,51,98,-16,54,99,-15,58,98,-13,25,78,0,30,72,-1,38,69,-3,44,69,-5,48,70,-7,38,64,-6,47,65,-10,53,65,-12,57,65,-13,37,67,-8,47,77,-12,45,79,-12,43,78,-11,35,73,-9,43,83,-12,41,84,-11,39,81,-9,33,79,-11,40,87,-12,40,88,-11,39,87,-10,J
74,91,-1,69,82,-1,61,70,-3,58,61,-4,57,52,-7,57,71,-6,48,68,-9,42,65,-12,37,64,-14,58,76,-8,46,85,-11,49,88,-12,52,87,-12,60,84,-9,48,93,-13,51,94,-12,55,92,-10,61,92,-11,52,98,-14,54,99,-13,58,98,-12,26,74,0,31,66,-1,39,63,-3,46,65,-5,51,69,-8,38,57,-7,47,54,-11,53,52,-13,58,51,-15,37,62,-8,48,66,-12,52,69,-14,53,70,-14,37,70,-10,47,75,-12,44,76,-11,41,75,-9,36,78,-11,44,80,-12,42,81,-10,39,79,-8,J
74,93,-1,68,83,-1,61,71,-3,58,62,-5,57,54,-7,57,71,-8,47,69,-12,41,67,-15,36,65,-17,58,78,-9,43,87,-13,43,91,-13,45,92,-13,59,86,-10,46,94,-13,47,97,-12,49,96,-11,61,95,-11,50,100,-14,50,102,-13,52,101,-12,27,73,0,31,65,-1,39,61,-3,46,62,-5,50,66,-8,39,54,-6,47,51,-10,54,49,-12,58,48,-14,38,59,-8,49,64,-12,48,67,-13,45,68,-13,37,67,-10,47,71,-13,45,72,-11,42,71,-10,36,74,-11,45,77,-13,43,78,-11,40,77,-9,J
74,93,-1,69,83,-2,61,72,-4,57,62,-6,57,53,-8,57,72,-8,48,70,-13,41,68,-16,36,67,-18,58,79,-9,44,87,-13,43,94,-14,45,96,-14,60,87,-10,47,95,-14,46,100,-13,49,100,-12,61,96,-11,51,102,-14,51,104,-14,52,105,-13,26,72,0,30,63,0,38,58,-2,44,58,-4,49,61,-6,38,53,-6,47,49,-9,54,48,-11,59,47,-13,37,58,-8,49,62,-11,51,65,-12,50,66,-12,36,66,-10,48,69,-12,51,71,-12,53,72,-11,35,74,-11,43,76,-12,46,77,-11,47,77,-10,J
75,94,-1,69,84,-2,61,73,-5,56,62,-7,57,52,-10,57,73,-9,47,70,-14,41,69,-17,35,67,-19,59,80,-10,44,89,-15,45,95,-15,47,96,-15,60,88,-11,47,97,-15,48,101,-14,52,101,-12,62,97,-12,52,102,-15,52,105,-15,55,105,-14,26,71,0,31,62,0,38,57,-2,44,57,-4,48,59,-7,38,52,-7,48,48,-10,54,47,-12,58,46,-13,37,58,-9,49,63,-12,47,65,-12,44,65,-12,36,65,-10,47,70,-13,45,71,-11,42,70,-9,36,73,-11,45,75,-13,45,75,-11,44,75,-10,J
75,93,-1,69,84,-2,61,72,-4,57,62,-7,57,52,-9,57,73,-9,48,71,-14,41,69,-17,36,67,-19,59,79,-10,44,89,-14,46,94,-15,49,94,-15,60,88,-11,48,97,-15,50,100,-13,54,99,-12,62,96,-12,52,103,-16,54,105,-15,57,104,-14,26,71,0,30,63,-1,38,57,-3,43,57,-5,48,58,-7,38,52,-8,47,48,-11,53,47,-13,58,45,-14,37,57,-9,48,63,-14,46,66,-14,43,66,-14,35,64,-11,46,70,-14,44,71,-12,42,70,-11,35,71,-12,44,73,-14,48,73,-13,51,72,-12,J
75,94,-1,69,84,-2,61,72,-4,57,62,-6,58,51,-9,58,73,-9,48,70,-14,42,68,-18,36,66,-20,59,79,-10,44,89,-15,45,94,-15,49,94,-16,61,88,-11,47,97,-16,50,100,-14,54,99,-12,63,97,-12,52,103,-16,54,104,-16,57,104,-15,26,72,0,31,63,0,37,57,-2,43,57,-5,47,59,-7,38,52,-7,47,48,-11,53,46,-13,57,45,-14,36,56,-9,48,62,-13,47,66,-13,45,66,-13,35,63,-11,47,69,-14,47,71,-13,45,70,-11,34,71,-12,43,75,-14,44,76,-13,43,76,-12,J
75,94,-1,70,85,-2,61,73,-5,57,62,-7,58,51,-9,57,72,-9,47,70,-13,41,68,-17,36,67,-19,59,79,-10,44,89,-15,45,94,-15,48,95,-15,61,88,-11,47,97,-16,51,100,-14,55,99,-13,63,97,-12,52,103,-17,54,105,-16,58,104,-15,26,71,0,32,61,0,40,56,-2,47,56,-4,51,58,-6,39,51,-8,47,47,-12,53,46,-14,58,45,-15,36,56,-10,49,63,-14,48,66,-15,46,67,-14,35,64,-12,47,70,-16,50,72,-15,50,72,-14,34,72,-13,44,75,-15,48,76,-14,50,75,-13,J
76,94,-1,70,85,-2,62,72,-4,57,62,-6,58,52,-9,58,73,-9,48,70,-13,41,69,-16,36,68,-18,59,79,-10,44,88,-14,43,94,-14,45,96,-15,61,88,-11,47,96,-15,46,100,-13,48,101,-12,63,97,-12,52,102,-15,51,105,-15,53,106,-14,26,71,0,31,62,0,38,56,-2,44,56,-4,47,59,-7,38,51,-7,47,47,-10,53,46,-12,57,45,-13,36,56,-9,48,63,-13,47,67,-13,44,67,-13,35,64,-10,47,70,-13,46,72,-12,45,71,-11,34,72,-12,42,75,-13,42,76,-12,40,75,-11,J
75,95,-1,70,84,-2,62,72,-4,58,62,-6,58,52,-8,58,73,-8,48,70,-12,41,69,-14,36,68,-16,59,79,-9,44,89,-13,45,93,-13,48,94,-14,61,88,-10,47,96,-14,50,99,-13,54,98,-11,63,97,-12,52,103,-15,54,104,-15,57,103,-14,25,72,0,30,62,0,37,57,-2,43,57,-4,47,60,-6,37,51,-7,46,47,-10,52,46,-13,57,45,-14,35,56,-9,48,63,-13,48,67,-13,47,68,-13,34,64,-11,46,70,-14,50,72,-14,52,72,-13,33,72,-13,41,75,-14,43,77,-13,43,76,-12,J
75,95,-1,70,85,-2,62,73,-4,58,62,-6,58,52,-8,57,73,-7,48,70,-11,41,68,-14,36,66,-16,59,79,-9,45,89,-13,47,93,-13,51,93,-14,61,88,-10,48,96,-14,51,99,-13,56,98,-11,63,97,-11,52,103,-15,55,104,-14,58,103,-13,25,72,0,30,62,0,36,57,-2,42,56,-4,47,58,-6,37,52,-7,46,48,-11,52,46,-13,56,45,-14,35,57,-9,48,62,-13,49,66,-13,49,67,-13,34,64,-11,46,69,-14,49,71,-13,49,71,-13,33,72,-12,41,75,-14,42,77,-13,42,76,-12,J
76,95,-1,70,85,-2,62,73,-4,58,62,-6,58,52,-9,58,73,-8,48,70,-13,42,68,-15,37,67,-18,59,79,-9,44,88,-14,45,94,-15,48,96,-15,61,87,-10,48,96,-15,50,100,-14,54,100,-12,63,96,-11,52,102,-16,54,105,-15,57,105,-14,25,72,0,29,63,0,36,57,-2,42,56,-4,47,59,-6,37,51,-7,45,48,-10,51,46,-12,56,45,-13,35,57,-9,47,61,-12,48,65,-13,48,66,-13,33,64,-10,46,68,-13,50,70,-14,52,71,-14,32,72,-12,40,75,-14,42,77,-13,43,77,-13,J
75,94,-1,70,84,-2,61,72,-4,58,62,-6,58,51,-9,57,72,-8,48,70,-13,41,68,-16,36,67,-18,59,78,-10,43,88,-14,45,93,-15,48,94,-15,61,87,-11,47,96,-16,51,98,-14,55,97,-12,63,95,-12,52,101,-16,54,103,-16,58,101,-14,25,73,0,29,64,0,36,58,-2,41,57,-4,45,60,-7,36,52,-7,45,48,-10,51,46,-13,56,45,-14,35,57,-9,47,62,-13,46,65,-14,43,65,-15,33,64,-11,46,69,-15,46,70,-14,45,70,-14,32,72,-13,40,75,-15,40,77,-14,40,77,-14,J
75,95,-1,70,85,-2,62,72,-4,58,62,-6,58,52,-8,58,72,-8,48,70,-12,42,68,-15,36,67,-17,59,79,-9,44,88,-13,43,93,-14,45,95,-14,61,87,-10,46,95,-14,47,99,-13,50,100,-12,62,96,-11,52,103,-15,52,105,-15,54,105,-14,25,73,0,29,63,0,35,58,-2,41,57,-4,45,59,-6,36,52,-7,45,48,-10,51,46,-13,56,45,-14,34,56,-9,47,62,-13,47,65,-14,45,66,-14,33,64,-11,46,68,-15,48,70,-14,48,70,-14,32,72,-13,40,75,-15,41,76,-14,41,76,-13,J
75,93,-1,70,84,-2,61,72,-4,58,61,-5,58,51,-8,57,72,-8,47,69,-12,41,68,-15,35,66,-17,58,78,-9,43,88,-13,45,92,-14,49,92,-14,60,86,-10,47,95,-14,51,97,-13,55,96,-11,62,95,-11,52,101,-15,54,102,-15,58,101,-14,25,73,0,29,63,0,36,57,-2,42,56,-4,46,59,-6,37,52,-7,45,48,-10,51,46,-12,56,45,-13,35,57,-9,47,62,-12,47,65,-13,45,66,-13,34,64,-11,46,68,-14,48,70,-13,48,70,-13,33,72,-12,41,75,-14,42,77,-13,41,78,-12,J
74,93,-1,69,84,-2,61,72,-4,57,61,-6,58,51,-8,57,72,-8,48,69,-12,41,67,-15,36,66,-17,58,78,-9,43,87,-13,45,92,-14,48,92,-14,60,86,-10,47,95,-14,50,97,-13,54,96,-11,62,95,-11,51,101,-15,53,101,-15,57,100,-13,25,73,0,29,64,0,36,58,-2,42,57,-4,46,60,-6,37,52,-7,45,48,-11,51,46,-13,56,45,-14,35,56,-9,47,62,-13,50,65,-14,50,67,-14,33,64,-11,45,68,-14,49,70,-14,51,71,-14,32,72,-13,40,75,-15,42,76,-14,42,77,-14,J
74,93,-1,69,83,-2,61,71,-4,57,61,-6,58,51,-9,58,72,-8,48,69,-13,41,67,-16,36,66,-19,59,78,-10,44,88,-14,44,93,-14,47,93,-14,60,86,-11,46,95,-14,48,98,-13,52,97,-11,62,95,-12,51,101,-15,52,102,-15,55,101,-13,25,73,0,30,63,0,37,57,-2,43,57,-5,48,59,-7,37,52,-7,45,48,-11,51,46,-13,56,45,-14,34,56,-9,47,62,-13,49,65,-14,48,67,-15,33,64,-11,45,68,-15,49,70,-15,52,70,-15,32,72,-13,39,75,-15,42,76,-14,43,77,-14,J
75,94,0,69,84,-2,62,72,-5,58,61,-7,58,51,-9,58,72,-9,48,70,-13,42,68,-16,36,66,-18,59,79,-10,44,87,-14,43,93,-14,44,95,-15,61,87,-11,47,95,-15,46,99,-13,49,99,-12,63,96,-12,52,102,-16,52,104,-15,53,104,-14,25,73,0,30,63,0,36,58,-2,42,57,-5,47,60,-7,37,52,-8,45,48,-11,51,47,-14,56,45,-15,35,57,-10,47,62,-14,49,66,-14,49,67,-15,33,64,-12,46,69,-15,49,71,-15,50,71,-14,32,72,-13,41,75,-15,42,77,-14,42,77,-13,J
74,94,-1,69,84,-2,61,72,-4,58,61,-6,58,51,-9,58,72,-9,48,69,-14,42,68,-17,36,66,-19,59,79,-10,43,87,-15,44,92,-15,46,93,-15,60,87,-11,47,95,-15,49,98,-14,53,97,-12,62,96,-12,51,102,-16,53,103,-15,56,102,-14,25,73,0,30,64,0,36,58,-2,42,57,-5,47,59,-7,37,52,-7,45,48,-11,51,46,-14,56,45,-15,35,57,-9,46,62,-13,48,66,-14,47,67,-15,33,64,-11,44,68,-15,47,70,-15,48,71,-15,32,72,-13,40,76,-15,41,78,-14,41,78,-14,J
75,93,-1,69,84,-2,61,72,-4,57,61,-6,58,51,-9,57,72,-8,48,70,-12,41,68,-15,36,66,-18,58,78,-9,43,88,-14,45,93,-15,48,93,-15,60,87,-11,47,96,-15,50,98,-13,54,96,-12,62,95,-12,51,101,-16,53,103,-15,57,101,-14,25,73,0,30,64,0,36,59,-3,43,58,-5,48,60,-7,37,52,-7,45,48,-11,51,46,-13,55,45,-15,34,56,-9,47,61,-13,49,65,-14,48,67,-14,33,64,-11,45,68,-14,48,70,-14,49,71,-14,32,72,-13,40,75,-14,41,77,-14,42,77,-13,J
75,93,-1,70,84,-2,61,72,-4,58,61,-6,58,51,-9,58,71,-8,48,69,-13,41,68,-16,36,66,-18,59,78,-10,44,88,-14,45,93,-15,47,94,-15,61,86,-11,47,95,-15,50,98,-14,54,97,-12,62,95,-12,52,101,-16,54,102,-16,58,101,-15,25,74,0,32,66,-1,39,60,-3,45,59,-6,50,61,-8,37,52,-7,45,49,-12,51,47,-15,56,46,-17,34,56,-10,44,61,-14,49,65,-16,52,67,-17,31,63,-12,41,68,-16,47,70,-17,51,70,-17,30,71,-14,37,74,-16,40,76,-16,42,76,-16,J
76,93,-1,70,84,-1,62,72,-3,58,62,-5,58,52,-8,58,72,-7,48,69,-11,42,68,-13,36,67,-15,59,77,-9,46,88,-12,49,91,-12,53,89,-12,61,86,-10,48,95,-14,52,96,-11,56,94,-10,62,94,-11,52,101,-15,55,101,-14,59,100,-13,25,76,0,32,72,-1,40,67,-3,44,65,-6,49,66,-8,37,53,-6,44,49,-9,50,47,-11,55,46,-13,33,55,-7,43,62,-11,48,68,-13,51,71,-14,30,61,-9,40,67,-12,47,71,-13,51,72,-13,28,68,-11,37,73,-12,39,76,-12,40,77,-12,J
76,93,-1,70,84,-2,62,72,-3,58,62,-5,58,52,-7,58,71,-7,49,68,-12,42,67,-14,37,66,-16,59,77,-9,44,87,-13,45,92,-13,47,93,-13,61,85,-10,47,95,-14,50,97,-12,53,97,-11,63,94,-12,52,101,-15,54,103,-15,57,101,-14,24,77,0,31,73,-1,38,67,-3,42,66,-5,46,65,-8,36,54,-5,43,50,-8,48,48,-11,53,46,-13,32,55,-7,42,62,-11,47,67,-12,51,71,-14,29,60,-9,37,69,-11,37,72,-10,35,73,-9,27,66,-11,34,74,-12,33,76,-11,31,75,-11,J
75,93,-1,70,83,-1,62,72,-3,59,62,-5,58,52,-7,59,70,-8,49,68,-12,42,66,-15,37,65,-17,60,76,-9,45,86,-13,46,91,-14,49,91,-14,61,85,-11,48,94,-14,51,96,-13,55,95,-11,63,94,-12,52,100,-15,54,102,-15,58,101,-14,23,78,0,32,74,-1,39,69,-3,43,66,-6,48,65,-8,36,55,-5,42,51,-8,47,48,-11,51,46,-13,32,55,-6,41,64,-10,46,68,-12,50,70,-13,27,59,-8,35,70,-11,34,72,-10,31,72,-9,24,65,-11,30,73,-12,29,75,-11,27,74,-11,J
76,92,-1,71,83,-1,63,72,-3,59,62,-5,59,52,-7,59,70,-7,49,68,-11,43,66,-13,38,65,-14,60,76,-8,46,87,-12,48,90,-12,52,90,-12,61,85,-10,48,94,-14,51,96,-12,56,95,-10,63,94,-11,52,100,-15,54,101,-14,58,100,-13,24,79,0,33,75,-2,39,70,-3,44,68,-6,48,66,-8,35,55,-4,41,51,-7,45,47,-10,48,45,-12,30,54,-5,38,65,-9,40,70,-10,41,72,-11,26,58,-7,33,70,-10,31,73,-9,29,72,-8,21,63,-9,27,73,-11,26,74,-10,25,73,-10,J
76,92,-1,71,83,-1,63,72,-3,59,62,-5,59,52,-7,59,70,-7,49,67,-11,42,65,-14,37,63,-16,60,75,-9,47,86,-13,52,89,-12,56,87,-12,61,84,-10,49,93,-14,54,95,-11,58,93,-9,62,93,-11,53,99,-15,56,100,-14,60,99,-13,23,80,0,31,77,-3,36,72,-5,37,67,-7,38,64,-10,34,56,-5,39,52,-8,43,48,-11,46,44,-13,29,54,-6,34,66,-10,34,72,-12,32,72,-13,24,58,-7,30,72,-11,29,75,-10,27,73,-10,19,63,-8,24,74,-11,24,76,-11,23,75,-10,J
76,91,-1,71,82,-1,63,70,-3,59,61,-4,59,51,-6,59,69,-7,49,66,-11,43,64,-14,37,63,-16,60,75,-9,47,85,-12,52,88,-12,56,86,-11,61,84,-10,49,92,-13,54,93,-11,58,91,-9,62,93,-11,53,98,-15,56,99,-14,60,97,-12,22,81,0,29,78,-3,35,74,-5,37,70,-8,38,66,-10,34,57,-5,38,52,-9,42,48,-13,45,43,-15,28,55,-6,33,67,-11,32,74,-13,30,74,-13,23,58,-7,27,73,-12,27,77,-11,26,75,-10,18,63,-9,21,74,-12,22,78,-12,21,77,-11,J
75,91,-1,70,81,-1,62,70,-2,59,60,-4,59,51,-5,59,69,-7,48,66,-11,42,63,-14,36,61,-17,60,75,-8,47,85,-12,52,87,-12,56,85,-11,61,83,-10,49,92,-13,54,93,-11,58,91,-9,62,92,-11,53,98,-14,56,98,-13,60,97,-12,21,81,0,29,78,-2,35,74,-5,38,70,-7,36,67,-10,33,58,-4,37,52,-9,40,48,-12,44,44,-14,27,55,-6,32,67,-10,31,74,-12,29,73,-13,21,58,-7,26,73,-11,25,76,-11,24,73,-10,16,64,-9,19,75,-12,20,78,-11,19,75,-11,J
75,90,-1,70,80,-1,62,69,-2,59,60,-4,59,51,-5,58,68,-7,49,65,-11,42,63,-14,37,61,-16,59,74,-8,47,84,-12,51,86,-12,55,84,-12,61,82,-10,49,91,-14,53,92,-11,58,90,-9,62,91,-11,52,97,-15,56,97,-14,60,95,-12,20,82,0,27,79,-3,34,75,-5,37,73,-8,36,72,-11,32,58,-5,36,54,-9,40,49,-13,43,45,-15,26,56,-6,31,69,-11,30,75,-13,28,75,-13,20,59,-7,25,74,-11,24,77,-11,23,74,-10,15,64,-9,18,76,-12,19,79,-11,18,77,-10,J
75,90,-1,70,80,-1,62,69,-2,59,60,-4,59,51,-5,58,68,-7,49,65,-11,42,63,-14,37,61,-16,59,74,-9,47,84,-13,51,86,-12,55,85,-12,61,82,-10,49,91,-14,53,92,-11,57,90,-10,62,91,-11,52,97,-15,56,97,-14,59,95,-13,20,82,0,27,80,-3,33,77,-6,36,75,-10,35,74,-13,32,59,-6,36,56,-11,39,52,-15,43,48,-18,26,57,-7,30,69,-13,30,78,-15,29,79,-15,20,59,-9,24,75,-14,24,80,-13,23,78,-12,15,65,-11,17,77,-14,18,81,-13,18,79,-12,J
74,90,-1,69,80,-1,62,69,-2,58,59,-4,59,50,-5,58,68,-7,48,65,-12,42,62,-15,37,61,-17,59,73,-9,46,83,-13,51,86,-12,55,84,-12,60,82,-10,49,91,-14,53,92,-11,57,89,-10,62,91,-12,52,97,-15,56,97,-14,59,94,-13,21,82,0,28,79,-3,34,75,-6,37,74,-9,38,73,-12,32,59,-6,35,57,-11,39,54,-14,43,51,-17,26,57,-6,31,72,-12,30,78,-14,28,78,-14,20,60,-8,25,77,-13,24,80,-12,23,76,-11,15,66,-10,18,79,-13,19,81,-12,18,79,-11,J
74,89,-1,69,80,-1,62,69,-3,58,59,-4,58,50,-6,58,67,-8,48,65,-13,42,62,-16,36,61,-18,59,73,-9,46,83,-14,50,86,-13,54,84,-13,60,81,-11,48,90,-15,53,92,-12,57,89,-11,62,91,-12,52,96,-16,56,96,-15,59,94,-14,22,81,0,29,78,-3,35,75,-6,38,74,-10,38,77,-14,33,59,-6,36,59,-12,40,56,-15,45,54,-18,26,58,-7,31,73,-13,31,80,-14,29,80,-15,20,61,-9,25,78,-13,25,81,-13,23,78,-11,15,67,-11,18,80,-14,19,82,-13,18,80,-12,J
74,89,-1,70,80,-1,62,69,-3,58,59,-4,58,50,-6,58,67,-8,48,64,-12,42,62,-15,36,60,-17,59,72,-9,46,83,-13,50,86,-13,54,84,-13,60,81,-11,48,90,-14,53,92,-12,57,89,-10,61,90,-12,52,96,-16,56,96,-15,59,94,-14,21,82,0,27,79,-3,33,77,-6,36,78,-10,37,78,-14,33,60,-6,37,59,-11,41,57,-15,46,55,-18,27,58,-7,32,73,-12,31,80,-13,29,80,-14,21,62,-8,26,79,-13,25,81,-12,24,77,-10,16,67,-10,19,80,-13,19,82,-12,18,79,-11,J
74,89,-1,69,79,-1,62,68,-3,58,59,-4,58,50,-6,58,67,-8,48,64,-12,41,63,-15,36,61,-17,59,72,-9,45,83,-13,49,86,-13,53,85,-12,60,81,-11,48,90,-14,52,92,-12,57,89,-10,61,90,-12,52,96,-16,55,96,-15,59,94,-14,22,82,0,28,79,-3,33,77,-6,36,76,-10,38,76,-14,33,60,-6,36,58,-12,41,56,-16,45,54,-19,27,58,-8,32,74,-13,31,80,-14,29,80,-15,21,61,-9,26,79,-14,25,81,-12,24,77,-11,16,67,-11,20,80,-14,20,82,-13,19,80,-12,J
74,89,-1,69,79,-1,62,69,-3,58,59,-4,59,50,-6,58,67,-7,48,64,-11,42,62,-14,36,60,-16,59,72,-9,46,83,-13,50,85,-13,54,83,-12,60,81,-11,49,90,-14,53,91,-12,57,88,-10,62,90,-12,52,96,-16,56,96,-15,59,94,-14,22,82,0,28,80,-3,34,77,-6,37,77,-9,36,77,-13,33,59,-6,36,59,-11,40,57,-15,45,55,-18,27,57,-7,32,74,-12,31,80,-14,29,80,-14,21,61,-9,26,79,-13,25,82,-12,24,78,-11,16,67,-11,19,80,-13,20,83,-13,19,80,-12,J
74,89,-1,69,79,-1,62,68,-2,58,59,-4,58,50,-6,58,67,-7,47,64,-11,41,63,-13,36,61,-15,59,72,-9,46,83,-13,50,85,-12,54,83,-12,60,81,-11,49,90,-14,53,91,-12,58,88,-10,62,89,-12,53,96,-16,56,96,-15,60,93,-14,22,82,0,28,79,-3,33,76,-6,36,76,-9,37,78,-13,33,60,-5,36,59,-11,40,57,-15,45,55,-17,27,58,-7,32,74,-12,31,80,-13,29,80,-14,22,61,-9,26,79,-13,25,82,-12,24,78,-11,16,67,-11,20,80,-13,20,83,-13,19,81,-11,J
74,88,-1,70,79,-1,62,68,-2,58,59,-4,58,50,-5,57,67,-7,47,65,-11,41,63,-13,35,62,-14,59,72,-9,46,83,-13,50,85,-12,54,83,-12,60,80,-10,49,90,-14,53,91,-12,57,88,-10,62,89,-12,53,96,-15,56,96,-15,59,94,-14,23,81,0,29,79,-3,35,76,-6,38,75,-10,38,75,-13,33,59,-6,36,59,-12,41,57,-16,45,55,-18,27,57,-7,32,75,-13,31,80,-14,29,79,-14,21,61,-9,26,80,-13,25,81,-12,24,77,-10,16,67,-11,20,80,-14,20,82,-13,19,79,-12,J
74,89,-1,69,79,-1,62,68,-2,58,59,-4,58,50,-6,58,67,-7,48,64,-11,41,62,-14,36,61,-15,59,72,-9,46,83,-13,50,86,-12,54,84,-12,60,81,-11,49,90,-15,53,91,-12,57,89,-10,62,90,-12,53,96,-16,56,96,-15,60,94,-14,21,83,0,28,80,-3,33,78,-6,37,77,-10,37,77,-14,33,60,-6,37,59,-11,41,57,-15,45,55,-18,27,58,-7,32,74,-12,31,80,-13,29,79,-14,22,62,-8,26,79,-13,25,82,-12,24,78,-11,16,68,-10,19,80,-13,20,83,-13,19,81,-11,J
74,89,-1,69,79,-1,62,68,-2,58,59,-4,58,50,-6,58,67,-7,47,64,-11,41,63,-13,36,61,-15,59,72,-9,46,82,-13,50,85,-12,54,83,-12,60,81,-11,49,90,-14,53,91,-12,57,88,-10,62,89,-12,53,96,-16,56,96,-15,60,94,-14,23,82,0,29,80,-3,34,77,-7,37,77,-11,37,78,-15,34,60,-6,37,59,-12,41,57,-16,45,55,-19,28,58,-8,32,74,-13,31,81,-15,29,80,-15,22,61,-9,26,79,-14,26,82,-13,24,78,-12,16,68,-11,20,81,-15,20,84,-14,20,81,-13,J
74,89,-1,69,79,-1,62,68,-2,58,59,-4,58,50,-5,58,67,-8,48,64,-12,42,62,-15,36,61,-17,59,72,-9,46,83,-13,50,86,-13,54,83,-12,61,81,-11,49,90,-14,53,91,-12,57,88,-10,62,90,-12,52,96,-16,56,96,-15,60,94,-14,22,82,0,29,79,-3,35,76,-6,38,76,-9,40,75,-12,33,60,-6,37,60,-11,41,57,-15,45,55,-18,27,58,-7,32,75,-12,31,80,-13,29,79,-14,22,62,-8,26,80,-12,25,81,-12,24,77,-10,16,68,-10,20,82,-13,20,83,-13,19,80,-12,J
74,89,-1,69,79,-1,62,68,-3,58,59,-4,58,50,-6,58,67,-8,48,64,-12,42,62,-15,36,61,-17,59,73,-9,45,83,-13,50,86,-13,54,84,-13,60,81,-11,48,90,-15,53,91,-12,57,89,-10,61,90,-12,52,96,-16,56,96,-15,59,94,-14,22,82,0,30,79,-3,35,76,-6,38,76,-10,38,77,-13,34,60,-6,37,59,-11,41,57,-15,45,56,-18,28,58,-7,33,75,-12,31,81,-13,29,79,-14,22,62,-8,27,80,-13,26,82,-12,25,77,-10,17,68,-10,21,81,-13,21,83,-13,19,80,-12,J
75,89,-1,70,80,-1,62,69,-3,59,59,-4,58,50,-6,58,67,-7,48,65,-11,42,63,-14,36,61,-16,59,73,-9,46,83,-13,50,85,-13,55,83,-13,60,81,-10,49,90,-14,53,91,-12,58,89,-10,62,90,-12,52,96,-15,56,96,-14,60,94,-13,22,83,0,29,80,-3,34,77,-6,37,77,-9,39,77,-13,33,60,-5,37,60,-11,41,57,-15,46,56,-17,28,59,-6,33,74,-11,31,80,-13,29,78,-13,22,62,-8,27,79,-12,26,81,-11,24,77,-10,17,68,-10,21,81,-13,21,83,-12,19,80,-11,J
75,89,-1,70,79,-1,62,68,-2,58,59,-4,58,50,-6,58,67,-7,48,65,-11,41,63,-13,36,62,-15,59,73,-9,46,83,-13,50,86,-12,54,84,-12,60,81,-10,49,90,-14,53,91,-12,57,89,-10,62,90,-12,52,96,-15,56,96,-14,59,94,-13,22,82,0,29,80,-3,34,78,-6,37,78,-10,38,78,-13,33,60,-6,37,61,-12,42,58,-16,46,56,-19,28,59,-7,33,76,-11,31,78,-12,29,75,-13,22,63,-8,28,80,-12,26,80,-11,24,75,-10,17,69,-10,22,82,-13,21,82,-12,19,79,-11,J
75,89,-1,70,80,-1,62,69,-2,58,59,-4,58,50,-6,58,68,-7,48,65,-11,42,64,-13,37,62,-15,59,73,-9,45,83,-13,48,87,-12,52,85,-12,61,82,-10,48,91,-14,52,92,-12,57,90,-11,62,90,-12,52,96,-16,55,97,-15,59,95,-13,23,82,0,29,80,-2,35,78,-5,38,78,-9,38,79,-12,34,60,-5,38,60,-11,43,58,-15,48,57,-17,29,59,-6,34,76,-11,32,79,-11,30,76,-12,23,63,-8,29,81,-11,27,80,-10,25,76,-9,18,69,-10,23,82,-12,22,82,-12,20,79,-10,J
75,89,-1,70,80,-1,62,68,-3,58,59,-4,58,50,-7,58,68,-7,48,65,-11,42,63,-13,37,61,-15,59,74,-9,46,83,-13,50,86,-12,54,84,-12,61,82,-10,49,91,-14,53,92,-12,57,90,-10,62,91,-12,52,97,-15,55,97,-14,59,95,-13,23,83,0,30,78,-2,36,73,-3,40,70,-5,43,67,-7,34,60,-4,39,60,-8,44,59,-12,49,58,-15,29,60,-5,36,75,-9,34,77,-10,32,75,-11,24,64,-7,31,80,-10,28,79,-9,26,75,-9,20,71,-8,25,82,-11,24,82,-11,21,79,-10,J
75,89,-1,69,79,-1,62,68,-3,58,59,-5,58,50,-7,58,68,-8,48,65,-12,42,63,-15,36,61,-17,59,74,-10,45,84,-14,48,87,-13,52,85,-13,61,82,-11,48,92,-15,52,92,-13,57,90,-11,62,91,-12,52,97,-16,55,97,-15,59,95,-14,24,83,0,31,79,-2,38,76,-4,42,76,-7,45,77,-9,36,61,-4,40,61,-9,45,60,-13,50,59,-15,31,60,-5,37,76,-9,35,78,-11,33,76,-12,26,65,-7,32,81,-10,29,80,-10,27,76,-9,21,71,-9,26,83,-11,25,83,-11,23,80,-11,J
75,89,-1,70,80,-1,62,69,-3,58,59,-5,58,50,-7,58,68,-8,48,65,-12,42,63,-15,36,61,-17,59,74,-9,46,84,-14,50,87,-13,54,85,-13,61,82,-11,48,92,-15,52,93,-12,57,90,-11,62,91,-12,52,97,-16,55,97,-15,59,95,-13,25,82,0,33,80,-3,39,77,-5,43,77,-9,44,79,-12,37,61,-5,41,60,-11,46,60,-15,52,61,-17,32,61,-7,39,77,-12,36,80,-13,34,79,-14,27,65,-8,33,81,-12,31,81,-12,29,77,-11,22,71,-11,28,83,-13,26,83,-12,25,80,-11,J
74,89,-1,69,80,-1,62,69,-3,58,59,-5,58,50,-7,59,68,-8,48,65,-12,41,63,-15,36,62,-17,60,74,-10,47,83,-13,50,86,-13,55,84,-13,61,82,-11,49,91,-15,53,92,-12,57,90,-10,62,91,-12,52,97,-16,55,98,-14,59,96,-13,25,83,0,33,80,-3,39,77,-6,43,77,-9,43,80,-12,37,61,-6,42,61,-11,47,61,-16,53,62,-18,32,61,-7,39,77,-13,37,81,-14,35,80,-15,27,65,-9,34,82,-14,32,82,-13,30,78,-12,23,71,-11,28,84,-14,27,84,-13,25,81,-12,J
75,90,-1,70,80,-1,62,69,-3,59,59,-4,58,50,-6,59,68,-8,49,65,-12,42,63,-14,36,62,-17,60,74,-9,48,84,-13,51,86,-13,55,84,-12,61,83,-10,50,91,-14,54,92,-12,58,90,-10,62,92,-12,53,97,-15,56,98,-14,60,96,-13,27,82,0,36,78,-3,42,75,-6,46,75,-9,45,78,-13,40,61,-6,44,61,-12,49,61,-16,54,62,-19,34,61,-8,41,77,-13,40,81,-15,40,81,-16,29,65,-9,35,82,-13,33,82,-13,32,78,-12,24,71,-11,30,83,-14,29,83,-13,27,80,-13,J
75,90,-1,70,80,-1,62,69,-3,58,59,-5,58,50,-7,59,69,-8,49,65,-13,42,63,-15,36,61,-17,60,74,-10,46,84,-14,49,87,-13,53,85,-13,61,83,-11,48,92,-15,52,93,-12,56,91,-11,62,92,-12,52,97,-16,55,98,-15,59,96,-14,27,82,0,35,79,-3,41,76,-6,45,75,-9,48,76,-12,40,61,-6,45,63,-12,50,63,-17,56,63,-20,35,61,-7,41,77,-13,39,80,-14,37,77,-15,30,65,-9,36,82,-13,34,82,-13,32,78,-12,25,71,-11,30,83,-14,29,84,-13,27,80,-12,J
75,90,-1,70,80,-1,62,69,-3,59,59,-5,58,49,-7,59,68,-8,49,65,-13,42,63,-15,37,61,-17,60,74,-10,47,83,-14,51,86,-13,55,84,-12,61,83,-11,49,91,-15,53,92,-12,57,90,-10,62,91,-12,52,97,-15,56,97,-14,59,95,-13,27,81,0,35,78,-2,41,76,-5,44,76,-9,45,80,-12,41,62,-6,46,61,-12,51,61,-16,56,60,-18,36,61,-8,43,77,-13,41,82,-14,39,81,-15,31,66,-9,37,82,-14,35,83,-13,33,79,-12,26,71,-12,31,83,-14,30,84,-13,29,81,-12,J
75,90,-1,70,80,-1,62,69,-3,59,59,-5,59,49,-7,59,68,-8,49,65,-13,43,63,-16,37,61,-18,60,74,-10,47,84,-14,50,87,-14,54,85,-13,61,83,-11,49,92,-15,53,93,-13,57,91,-11,62,92,-12,52,97,-16,55,98,-15,59,96,-14,29,82,0,37,78,-2,44,75,-5,48,74,-8,50,73,-11,42,62,-6,47,62,-12,52,62,-16,56,61,-18,37,62,-8,44,77,-13,42,81,-14,39,79,-14,32,66,-9,38,81,-14,36,82,-13,34,78,-12,27,72,-11,32,83,-15,31,84,-14,29,80,-13,J
75,90,-1,70,80,-1,62,69,-3,59,59,-5,59,49,-7,59,68,-9,50,65,-14,43,63,-17,37,61,-19,60,74,-10,46,84,-14,49,87,-14,54,85,-14,61,83,-12,48,92,-16,53,93,-13,57,91,-11,62,92,-13,52,98,-17,56,98,-15,59,96,-14,29,82,0,37,79,-2,43,77,-5,46,77,-9,47,78,-13,43,63,-7,48,63,-13,53,62,-17,57,61,-20,38,62,-8,44,78,-13,42,81,-14,40,78,-14,33,66,-10,39,83,-14,37,83,-13,35,78,-12,28,72,-12,33,84,-15,32,84,-14,30,80,-13,J
75,90,-1,70,80,-1,62,69,-3,59,59,-5,59,50,-7,59,68,-9,49,65,-14,43,63,-16,37,61,-19,60,74,-10,46,84,-14,49,87,-13,53,86,-13,61,83,-11,49,92,-15,52,93,-13,57,91,-11,62,92,-12,52,98,-16,55,98,-15,59,97,-14,30,82,0,39,78,-1,45,74,-4,49,73,-6,51,71,-9,44,63,-6,49,65,-11,53,65,-15,55,64,-17,39,62,-8,45,78,-12,43,81,-13,41,78,-13,33,66,-9,39,82,-14,38,83,-13,36,79,-12,28,72,-12,34,84,-15,33,85,-14,32,81,-13,J
76,90,-1,70,80,-1,62,69,-3,59,59,-5,59,49,-7,60,68,-9,50,65,-13,43,63,-16,37,61,-18,60,74,-10,46,84,-14,50,87,-14,55,85,-13,61,83,-11,49,92,-16,53,93,-13,58,91,-11,63,92,-13,52,98,-16,56,98,-15,60,96,-14,30,81,0,39,78,-2,46,74,-4,51,70,-6,55,67,-9,44,64,-6,49,65,-11,53,64,-14,57,63,-16,39,63,-7,46,79,-12,43,82,-12,40,79,-12,34,66,-9,40,83,-14,38,83,-12,36,79,-11,29,72,-11,34,84,-14,33,84,-14,31,80,-13,J
75,90,-1,70,80,-1,62,69,-3,59,59,-5,59,49,-7,59,68,-9,50,65,-14,43,63,-17,37,61,-19,60,74,-10,46,84,-14,49,87,-14,54,85,-14,62,83,-11,48,92,-16,52,93,-13,57,91,-12,63,93,-13,52,98,-17,55,98,-15,59,97,-14,30,81,0,38,78,-2,45,74,-4,50,71,-6,53,69,-9,43,64,-6,47,64,-11,53,63,-14,57,63,-16,38,63,-7,45,78,-12,43,82,-13,41,80,-12,34,67,-9,40,83,-14,38,83,-13,36,79,-11,29,72,-11,34,84,-14,34,84,-13,32,81,-12,J
76,90,-1,71,81,-1,63,69,-3,59,59,-5,59,49,-7,60,68,-9,49,65,-13,43,63,-16,37,61,-18,61,75,-10,47,84,-14,50,87,-13,55,86,-13,62,83,-11,49,92,-15,53,94,-13,57,91,-11,63,92,-12,52,98,-16,55,99,-14,59,97,-13,30,82,0,38,78,-2,44,74,-4,48,72,-7,51,70,-9,43,64,-6,48,64,-12,54,63,-15,58,63,-18,38,63,-7,46,78,-12,44,82,-13,41,81,-13,34,67,-9,40,83,-14,38,83,-13,36,80,-12,30,73,-11,35,85,-14,34,85,-14,32,82,-13,J
75,90,-1,70,80,-1,62,69,-3,59,58,-5,59,49,-7,60,68,-9,50,65,-13,43,63,-16,37,61,-18,61,74,-10,46,84,-14,49,87,-13,54,86,-13,62,83,-11,48,92,-15,52,93,-13,57,92,-11,63,92,-13,52,98,-16,55,99,-15,59,97,-14,30,82,0,38,78,-2,45,74,-4,50,71,-6,53,69,-8,44,65,-6,49,65,-11,55,64,-15,59,63,-17,39,63,-7,46,78,-12,44,83,-13,41,82,-13,34,67,-9,40,83,-14,38,84,-13,36,80,-12,30,73,-11,35,84,-14,34,85,-13,32,82,-12,J
75,90,-1,70,81,-1,62,69,-3,59,59,-5,59,50,-7,59,68,-8,50,65,-13,43,63,-16,37,61,-18,61,74,-10,47,83,-14,51,86,-13,55,85,-13,62,83,-11,49,91,-15,53,93,-13,58,91,-11,63,92,-12,52,98,-16,56,99,-15,60,97,-14,30,82,0,38,79,-1,45,75,-4,49,73,-6,52,71,-9,43,65,-6,48,64,-12,54,63,-15,59,62,-18,38,64,-8,46,77,-13,44,83,-14,41,81,-14,34,67,-10,40,82,-15,39,85,-14,36,81,-13,30,73,-12,35,84,-15,35,86,-14,33,83,-13,J
75,90,-1,70,80,-1,62,68,-3,59,58,-5,59,49,-7,59,68,-9,50,65,-14,43,63,-16,38,61,-18,61,75,-10,46,84,-14,49,87,-14,53,86,-14,62,83,-12,49,92,-15,53,93,-13,57,91,-11,63,92,-13,52,98,-16,55,98,-15,59,97,-14,30,82,0,39,79,-1,45,75,-4,50,72,-6,54,71,-9,44,64,-6,49,64,-11,55,64,-15,59,63,-17,39,63,-8,46,77,-13,44,82,-14,42,81,-14,34,67,-10,41,82,-15,39,85,-14,37,82,-13,30,73,-12,35,84,-15,35,86,-14,33,84,-13,J
75,90,-1,70,80,-1,62,69,-3,59,58,-5,59,49,-7,60,68,-9,50,65,-14,43,62,-17,38,61,-19,61,74,-10,47,84,-15,51,87,-14,55,85,-13,62,83,-12,49,92,-16,54,93,-13,58,90,-11,64,92,-13,53,97,-16,56,98,-15,60,96,-14,29,82,0,38,78,-1,45,75,-4,50,72,-6,53,70,-9,44,65,-6,49,65,-12,55,64,-15,59,63,-18,39,64,-8,46,78,-13,44,82,-14,41,80,-14,34,68,-10,41,83,-15,39,84,-14,36,80,-13,30,73,-12,35,85,-15,34,86,-14,32,83,-13,J
75,90,-1,70,80,-1,63,69,-3,59,58,-5,59,49,-7,60,68,-9,50,65,-13,43,62,-16,38,61,-19,61,74,-10,47,84,-14,50,87,-13,55,86,-13,62,83,-11,49,92,-15,53,93,-13,58,91,-11,63,92,-12,53,97,-16,56,98,-15,60,96,-14,29,82,0,38,79,-1,44,76,-4,47,75,-7,50,75,-10,44,65,-6,49,64,-12,54,63,-15,59,63,-18,39,64,-8,46,77,-13,44,82,-14,42,81,-14,34,67,-10,40,82,-15,39,85,-14,37,82,-13,30,73,-13,35,84,-16,35,86,-15,34,84,-13,J
75,90,-1,71,80,-1,63,69,-3,59,58,-4,59,49,-6,60,68,-9,50,64,-13,43,62,-16,37,61,-18,61,74,-10,47,83,-14,51,86,-13,56,85,-13,62,83,-11,49,91,-15,54,92,-13,58,90,-11,63,92,-12,53,97,-16,56,98,-15,60,96,-13,29,82,0,37,78,-1,43,75,-3,47,73,-6,49,73,-9,43,64,-6,48,63,-11,54,62,-15,59,61,-17,39,63,-8,46,77,-13,44,81,-13,41,79,-13,34,67,-10,41,82,-15,39,84,-14,37,80,-12,30,73,-12,35,84,-15,34,85,-14,32,82,-13,J
75,89,-1,70,80,-1,62,68,-3,59,58,-5,59,49,-7,59,67,-9,50,64,-13,43,62,-16,37,61,-19,60,73,-10,47,84,-14,51,86,-13,55,85,-13,62,83,-11,49,91,-15,53,93,-13,58,90,-11,63,92,-13,52,97,-16,56,98,-15,60,96,-14,29,81,0,38,77,-1,44,74,-4,48,71,-7,51,70,-9,43,63,-6,49,63,-12,55,63,-15,59,62,-18,39,63,-8,46,77,-13,45,81,-14,42,80,-15,34,67,-10,41,82,-15,39,84,-14,37,81,-13,30,73,-12,35,84,-15,35,85,-14,33,82,-13,J
75,90,-1,70,80,-1,62,69,-3,59,59,-5,59,49,-7,59,67,-8,50,64,-13,43,62,-15,37,61,-18,61,73,-10,47,83,-14,51,86,-13,55,84,-13,62,82,-11,49,91,-15,53,92,-13,58,90,-11,63,91,-12,53,97,-16,56,98,-15,60,96,-13,30,82,0,39,78,-1,45,75,-4,49,73,-6,52,72,-9,44,64,-6,50,63,-12,55,62,-15,60,62,-17,40,63,-8,47,77,-14,45,83,-15,43,83,-15,35,67,-10,41,82,-15,40,85,-14,37,82,-13,30,72,-12,36,84,-15,35,86,-15,33,83,-13,J
75,90,-1,70,80,-1,62,69,-3,59,58,-5,59,49,-7,60,67,-9,50,64,-14,43,62,-16,37,61,-19,61,73,-10,47,83,-14,50,86,-14,55,84,-13,62,82,-11,49,91,-15,53,92,-13,58,90,-11,63,91,-13,53,97,-16,56,97,-15,60,95,-14,30,82,0,39,78,-1,46,73,-3,51,69,-6,55,67,-8,45,64,-6,50,63,-11,55,63,-14,59,63,-16,40,63,-8,47,77,-13,46,82,-14,43,82,-14,35,67,-10,41,81,-15,40,84,-14,38,81,-13,30,72,-12,36,84,-15,36,85,-14,34,82,-13,J
75,89,-1,70,80,-1,63,68,-3,59,58,-5,59,49,-7,60,67,-9,50,64,-13,43,62,-16,37,60,-18,61,73,-10,47,83,-14,51,86,-13,55,84,-13,62,82,-11,49,90,-15,53,92,-12,58,89,-11,63,91,-12,53,96,-16,56,97,-14,60,95,-13,29,80,0,38,76,-1,45,72,-3,50,69,-6,53,67,-8,43,63,-6,50,63,-11,55,63,-14,60,63,-16,39,63,-8,47,76,-13,45,81,-14,43,80,-14,35,67,-10,42,81,-15,40,83,-14,38,80,-13,31,73,-12,37,84,-15,36,85,-14,34,83,-13,J
75,89,-1,70,79,-1,62,68,-3,59,58,-5,59,49,-7,60,67,-9,50,64,-14,43,62,-16,37,60,-19,60,73,-10,46,83,-14,49,86,-13,53,85,-13,61,82,-12,48,90,-15,52,92,-13,57,90,-11,63,91,-13,52,96,-16,55,97,-15,59,96,-14,30,80,0,39,75,-1,46,71,-3,51,68,-5,56,66,-8,44,62,-6,50,62,-11,56,61,-14,61,61,-16,40,62,-8,47,76,-13,46,82,-14,44,82,-14,35,67,-10,42,81,-15,41,84,-14,39,81,-13,31,73,-12,37,83,-15,37,85,-14,36,83,-13,J
75,89,-1,70,79,-1,62,68,-3,59,59,-5,60,49,-8,60,67,-9,50,64,-14,43,61,-17,37,60,-19,60,73,-10,47,83,-14,50,85,-14,54,84,-13,61,82,-12,49,90,-16,53,91,-13,57,89,-11,63,91,-13,52,96,-16,56,97,-15,60,95,-13,29,79,0,38,75,-2,46,69,-4,52,65,-6,57,61,-8,43,61,-7,50,61,-12,56,61,-15,61,60,-17,39,62,-8,48,75,-14,45,79,-14,42,78,-15,34,66,-10,42,80,-15,40,82,-15,38,79,-14,31,73,-12,38,83,-15,37,84,-14,35,81,-14,J
75,89,-1,70,79,-1,63,68,-4,59,58,-5,59,49,-8,59,67,-9,50,64,-14,43,61,-17,38,59,-19,60,73,-10,45,83,-14,47,87,-14,51,86,-14,61,82,-12,48,91,-16,52,92,-13,56,89,-11,63,91,-13,52,96,-16,55,96,-15,59,94,-14,29,77,0,39,72,-1,48,66,-3,55,62,-6,59,58,-8,43,59,-6,50,60,-11,56,60,-14,60,60,-16,39,61,-8,48,74,-13,45,77,-13,42,75,-14,35,66,-10,43,80,-15,41,81,-14,38,77,-13,31,73,-12,39,83,-15,38,84,-14,35,81,-13,J
75,89,-1,70,79,-1,62,68,-4,59,58,-5,59,49,-8,60,66,-10,50,64,-15,43,61,-18,38,59,-20,61,73,-11,45,82,-15,46,86,-15,50,86,-15,62,82,-12,48,91,-16,52,92,-14,56,90,-12,63,91,-13,52,96,-17,55,97,-16,59,95,-15,30,78,0,39,73,-1,48,66,-3,55,61,-5,59,54,-8,43,58,-6,51,59,-10,56,59,-13,60,59,-15,39,60,-7,48,72,-12,46,76,-13,43,74,-13,35,65,-9,43,78,-14,41,80,-13,38,77,-12,31,72,-11,39,82,-14,38,83,-13,35,81,-12,J
75,89,-1,70,79,-1,63,68,-3,60,59,-5,59,50,-7,60,67,-8,50,64,-13,43,62,-16,38,59,-18,61,73,-10,46,82,-14,48,85,-14,51,84,-14,61,82,-12,48,90,-16,52,91,-14,57,89,-12,62,91,-13,52,96,-17,55,96,-15,59,95,-14,28,77,0,37,72,-1,47,66,-3,54,61,-6,59,54,-8,42,57,-6,50,57,-11,55,58,-14,59,58,-15,38,59,-8,48,69,-12,47,73,-13,45,72,-13,34,65,-10,44,76,-14,41,78,-13,39,76,-12,31,72,-12,39,81,-14,38,82,-13,35,80,-12,J
76,89,-1,70,79,-1,63,68,-3,60,58,-5,59,50,-7,60,67,-8,50,65,-13,43,62,-16,38,60,-18,60,73,-10,47,82,-14,51,85,-14,55,83,-14,61,82,-11,49,90,-15,54,91,-13,58,89,-11,63,91,-13,53,97,-16,57,97,-15,61,95,-14,26,76,0,33,70,-1,40,66,-3,47,67,-6,52,68,-9,39,56,-6,47,55,-10,53,54,-13,58,53,-15,36,59,-8,47,64,-12,52,66,-13,57,66,-15,34,65,-10,44,74,-13,42,76,-12,39,75,-11,32,72,-13,40,79,-15,38,81,-13,36,79,-12,J
65,99,-1,57,92,-1,53,85,-3,50,80,-5,48,75,-8,60,69,-3,59,58,-6,57,51,-8,56,45,-9,64,70,-4,52,72,-8,49,80,-9,49,84,-9,65,74,-6,53,77,-10,51,84,-9,50,89,-7,65,80,-8,56,83,-11,53,87,-10,52,90,-9,29,76,0,38,73,0,44,68,-1,49,66,-2,53,62,-4,42,52,1,47,48,-1,52,48,-3,55,48,-4,40,51,0,47,50,-3,50,55,-4,51,60,-5,37,52,-2,45,53,-5,47,60,-5,47,65,-4,35,55,-5,42,56,-6,44,61,-6,44,65,-5,K
65,98,-1,57,92,-1,52,85,-3,49,79,-5,48,74,-7,60,68,-2,59,58,-5,57,51,-7,56,45,-9,64,70,-4,52,71,-8,48,78,-9,48,83,-9,65,74,-6,53,77,-10,50,84,-9,49,88,-8,65,80,-8,55,82,-11,53,86,-10,53,90,-9,30,75,0,39,72,0,45,68,-1,50,65,-3,53,62,-5,43,52,1,48,49,-2,53,47,-4,55,47,-5,41,51,-1,48,50,-4,51,58,-5,50,63,-5,38,52,-3,46,53,-6,48,60,-5,46,65,-4,36,54,-5,43,55,-7,44,61,-6,43,64,-5,K
65,98,-1,57,91,-1,52,84,-3,49,79,-5,47,74,-7,60,68,-3,58,57,-6,57,50,-8,55,44,-9,63,69,-4,52,71,-9,48,79,-10,47,84,-10,65,74,-6,53,76,-10,49,83,-9,49,87,-8,65,79,-8,55,81,-11,52,85,-10,52,89,-9,30,73,0,39,71,0,45,67,-1,50,65,-3,54,62,-4,43,51,1,49,48,-2,53,48,-4,55,48,-5,41,50,-1,49,50,-4,51,57,-5,51,62,-6,39,51,-3,46,52,-6,48,60,-6,47,65,-5,37,54,-5,43,55,-7,45,60,-6,45,64,-5,K
65,97,-1,57,91,-1,52,84,-3,49,79,-5,47,74,-8,59,67,-3,58,57,-6,56,49,-8,55,43,-10,63,68,-4,51,70,-9,48,78,-9,48,83,-10,64,73,-6,52,75,-10,49,82,-9,50,86,-7,64,78,-8,54,80,-11,52,84,-11,51,88,-9,31,72,0,40,71,0,46,67,-1,50,64,-3,54,61,-5,45,52,1,50,48,-2,53,48,-4,54,50,-6,42,50,-1,50,49,-4,52,57,-5,51,62,-6,40,50,-3,47,52,-6,49,59,-5,47,64,-5,37,53,-5,44,54,-7,45,59,-6,45,63,-5,K
65,97,-1,56,90,-1,52,83,-3,49,78,-5,47,73,-7,59,66,-2,58,56,-5,56,49,-7,54,43,-9,63,68,-4,51,69,-8,48,77,-9,48,82,-9,64,72,-6,52,74,-10,49,81,-9,49,85,-7,64,78,-8,54,79,-11,52,84,-10,52,87,-9,31,71,-1,40,70,0,46,66,0,51,64,-2,54,61,-4,45,51,1,51,48,-2,53,52,-4,53,55,-5,43,49,-1,50,50,-4,52,58,-5,51,63,-5,40,50,-3,48,52,-6,49,60,-5,48,65,-5,38,52,-5,45,54,-7,46,59,-6,45,63,-5,K
65,96,-1,57,90,-1,52,83,-3,49,77,-5,47,72,-7,59,66,-2,57,56,-5,56,48,-7,54,42,-9,62,67,-4,51,68,-8,47,76,-9,48,80,-9,64,71,-6,51,74,-10,49,80,-8,50,84,-7,64,77,-8,54,79,-11,51,83,-10,52,86,-9,31,69,-1,40,68,0,46,65,-1,51,63,-3,54,60,-4,46,50,1,52,47,-2,54,53,-5,53,58,-6,44,48,-1,51,49,-4,53,57,-5,51,62,-6,41,49,-3,49,51,-6,50,59,-5,48,63,-5,39,51,-6,45,53,-7,47,59,-6,46,62,-5,K
66,95,-1,57,89,-1,52,82,-2,49,76,-5,46,71,-7,58,65,-2,57,55,-5,55,47,-7,54,41,-8,62,66,-4,50,68,-8,47,75,-9,47,79,-9,63,70,-6,51,73,-9,49,79,-8,49,83,-6,63,76,-8,53,78,-10,51,83,-9,52,85,-8,32,66,-1,41,66,0,47,63,-1,51,60,-2,54,57,-4,47,48,1,53,47,-2,56,51,-5,55,55,-6,45,47,-1,53,49,-4,53,57,-5,51,61,-5,43,47,-3,50,51,-6,50,58,-5,48,62,-4,40,49,-6,47,53,-7,47,58,-6,46,61,-5,K
65,95,-1,56,89,-1,52,81,-2,49,75,-4,46,70,-6,58,65,-2,57,54,-4,56,47,-6,54,41,-8,61,66,-3,50,68,-7,47,75,-8,48,79,-8,63,70,-5,51,73,-9,49,80,-8,50,83,-6,63,75,-7,53,78,-10,52,83,-9,53,85,-7,33,64,0,41,65,0,48,62,-1,52,60,-3,55,57,-4,48,47,0,54,46,-3,57,50,-5,57,55,-6,46,45,-1,53,49,-4,54,56,-5,52,60,-6,44,46,-3,51,51,-6,51,58,-5,49,61,-5,41,48,-5,47,52,-7,47,57,-6,46,60,-5,K
65,95,-1,56,88,-1,51,81,-3,49,75,-5,46,70,-7,59,64,-2,57,54,-5,56,47,-7,55,40,-8,62,65,-4,50,67,-8,47,74,-9,47,79,-9,63,69,-5,51,73,-9,49,79,-8,50,83,-6,63,75,-7,53,78,-10,52,82,-9,53,84,-8,33,63,-1,42,64,0,48,61,0,53,59,-1,56,56,-3,49,46,1,55,45,-2,57,50,-4,57,54,-5,47,45,-1,54,48,-4,54,55,-5,52,59,-5,44,45,-3,51,49,-6,51,56,-5,49,60,-4,42,47,-5,48,51,-7,48,56,-6,46,59,-5,K
65,95,-1,56,88,-1,51,80,-2,49,74,-4,46,69,-7,58,64,-2,58,54,-5,57,46,-7,56,40,-8,62,65,-4,50,67,-8,47,74,-9,47,78,-9,63,69,-5,51,72,-9,49,79,-8,50,82,-6,63,75,-8,53,77,-10,52,82,-9,53,84,-8,34,61,-1,43,63,0,49,61,-1,54,60,-2,57,57,-4,50,46,1,56,45,-2,58,49,-4,57,52,-5,48,44,-1,55,48,-4,54,56,-5,51,59,-6,45,44,-4,52,49,-6,51,56,-6,48,59,-5,43,45,-6,49,50,-8,48,55,-7,46,58,-5,K
65,94,-1,56,88,-1,51,79,-2,49,73,-4,46,68,-6,59,64,-2,58,54,-5,57,46,-7,56,40,-8,62,65,-3,51,66,-8,47,74,-9,47,79,-9,63,69,-5,51,72,-9,49,78,-8,50,82,-6,63,74,-7,53,77,-10,52,81,-9,53,84,-8,34,61,-1,43,62,0,50,61,-1,54,59,-2,56,56,-4,50,45,1,56,47,-2,57,53,-4,55,57,-5,48,43,-1,55,48,-4,54,55,-5,51,58,-5,45,43,-3,52,49,-6,50,55,-5,48,58,-4,43,45,-5,49,49,-7,48,54,-6,45,56,-5,K
65,94,-1,56,87,-1,51,79,-2,48,73,-5,46,68,-7,58,64,-2,58,54,-5,57,46,-7,56,40,-8,62,65,-4,50,67,-8,47,74,-9,47,78,-9,63,69,-5,51,72,-9,49,78,-8,50,82,-6,63,74,-8,53,77,-10,51,81,-9,53,84,-8,34,60,-1,43,62,0,49,60,0,53,59,-2,56,56,-3,49,45,1,55,46,-2,56,52,-3,55,56,-4,47,43,-1,54,47,-3,54,54,-4,51,57,-5,45,43,-3,52,48,-6,51,55,-5,48,57,-4,43,45,-5,49,49,-7,48,54,-6,46,56,-5,K
65,94,-1,56,87,-1,52,79,-2,49,73,-4,46,68,-7,59,63,-1,58,54,-4,58,46,-6,57,40,-8,62,65,-3,51,66,-8,47,73,-9,47,78,-9,63,69,-5,52,71,-9,49,78,-8,50,82,-7,63,74,-7,53,76,-10,52,81,-9,53,83,-8,35,60,-1,43,61,0,50,59,-1,54,57,-2,56,54,-3,51,44,0,56,47,-3,56,53,-4,55,57,-5,48,42,-1,55,47,-4,53,54,-5,51,57,-5,46,42,-3,52,49,-6,50,55,-5,47,57,-5,43,44,-5,49,49,-7,47,54,-6,45,56,-5,K
65,94,-1,56,87,-1,52,79,-2,49,73,-5,47,68,-7,60,63,-1,59,54,-4,58,46,-6,58,39,-8,63,65,-3,51,66,-7,48,73,-9,48,78,-9,64,68,-5,52,71,-9,50,78,-8,51,81,-6,64,73,-7,54,76,-10,52,81,-9,54,83,-8,35,58,-1,43,60,-1,50,60,-2,54,59,-4,56,56,-5,51,45,0,56,47,-3,57,52,-5,56,55,-6,49,43,-2,55,48,-5,53,55,-6,50,56,-6,46,42,-4,52,49,-7,49,55,-6,46,56,-5,43,44,-5,48,49,-7,47,54,-6,44,54,-5,K
66,94,-1,57,87,-1,52,80,-2,49,74,-5,47,68,-7,60,63,-2,59,53,-5,58,45,-7,58,39,-8,63,64,-3,52,65,-8,48,73,-9,48,77,-9,64,68,-6,52,71,-9,50,77,-8,51,80,-6,64,73,-8,54,76,-10,52,80,-9,54,83,-8,35,58,-1,43,60,-1,49,60,-2,54,59,-4,56,56,-6,51,44,0,56,46,-3,56,51,-5,55,53,-6,49,42,-2,55,49,-5,52,55,-5,49,55,-5,46,42,-4,52,50,-7,48,55,-6,46,55,-5,43,43,-6,48,49,-7,46,54,-6,44,54,-5,K
66,94,-1,57,87,0,52,79,-2,50,73,-4,47,68,-6,60,63,-1,60,53,-4,59,46,-6,58,39,-8,63,64,-3,52,66,-7,48,73,-9,47,78,-9,65,68,-5,52,70,-9,50,77,-8,50,81,-7,64,73,-7,54,75,-10,53,80,-9,54,83,-8,34,57,-1,42,60,-1,47,60,-2,52,60,-5,56,59,-7,50,43,-1,56,46,-4,57,50,-6,56,51,-7,48,41,-3,54,49,-5,52,55,-6,49,55,-6,45,41,-4,51,50,-7,48,55,-6,45,55,-5,42,43,-6,47,50,-8,45,54,-7,43,54,-6,K
67,94,-1,57,87,-1,52,79,-2,49,73,-5,48,68,-7,61,63,-2,60,53,-5,59,45,-7,59,39,-9,64,64,-3,52,66,-8,48,74,-9,48,78,-9,65,67,-5,52,70,-9,50,77,-8,51,81,-7,65,72,-8,54,75,-10,53,80,-9,54,83,-8,34,57,-1,41,59,-1,48,58,-2,52,56,-4,55,53,-6,51,45,-1,56,45,-4,59,44,-5,60,42,-6,48,42,-2,53,49,-5,50,55,-6,48,55,-5,45,42,-4,50,50,-7,47,55,-6,44,54,-5,42,43,-6,46,50,-8,44,54,-7,42,53,-6,K
67,94,-1,58,87,0,53,79,-2,50,73,-4,48,68,-7,61,63,-1,60,53,-4,60,45,-6,59,38,-8,64,64,-3,53,65,-7,49,73,-8,49,78,-8,65,67,-5,53,70,-9,51,77,-8,51,81,-6,65,73,-7,55,75,-10,53,79,-9,54,82,-8,34,56,-1,41,59,-1,47,60,-2,52,60,-5,55,59,-7,50,45,-1,56,45,-5,59,46,-7,59,47,-8,48,42,-3,53,51,-6,50,56,-7,47,56,-7,44,42,-5,49,51,-8,45,56,-7,43,55,-6,41,43,-7,45,51,-9,42,54,-8,40,53,-6,K
69,93,-1,60,86,-1,54,78,-2,51,72,-4,49,67,-6,62,62,-2,61,52,-4,60,44,-6,60,37,-8,65,63,-3,53,65,-8,50,73,-9,51,78,-9,66,67,-5,54,70,-9,52,77,-8,53,81,-6,66,72,-7,56,74,-10,54,79,-10,55,82,-8,32,56,-1,39,59,0,45,59,-2,50,61,-5,53,62,-7,49,45,-2,56,47,-6,57,52,-8,56,56,-9,46,42,-4,51,52,-7,47,57,-8,45,57,-7,43,41,-6,46,52,-9,43,57,-8,41,55,-7,39,42,-8,42,51,-9,40,54,-8,38,53,-7,K
68,93,-1,59,86,0,54,78,-1,52,72,-3,49,67,-6,61,62,-1,61,52,-4,60,44,-6,60,37,-7,65,63,-3,53,65,-7,51,73,-8,51,77,-8,66,66,-5,54,70,-9,52,77,-8,53,81,-6,66,71,-7,56,74,-10,55,79,-9,56,82,-8,31,55,-1,38,59,-1,44,60,-3,49,62,-6,52,64,-8,49,45,-2,56,47,-6,57,52,-9,56,56,-10,46,42,-4,50,52,-8,46,58,-8,44,57,-8,42,42,-6,46,53,-9,42,57,-9,40,55,-7,38,43,-8,41,51,-10,39,55,-9,37,54,-7,K
68,93,-1,59,86,-1,54,78,-2,52,72,-4,49,66,-6,61,62,-2,61,52,-5,60,44,-7,60,37,-9,65,63,-4,54,65,-8,50,72,-9,50,77,-9,66,67,-6,55,69,-9,52,76,-9,52,81,-7,67,72,-8,57,74,-10,55,79,-10,55,82,-9,30,55,-1,37,59,-1,43,60,-3,47,62,-6,50,65,-9,48,46,-2,56,47,-7,57,53,-9,55,57,-10,45,42,-4,49,52,-8,46,58,-9,43,58,-8,41,42,-7,45,53,-10,41,57,-9,39,56,-7,37,43,-9,40,52,-10,38,55,-9,36,54,-8,K
69,92,-1,59,85,0,54,76,-2,52,69,-4,50,63,-6,61,62,-1,61,51,-4,60,44,-6,60,37,-8,65,62,-3,54,64,-7,50,71,-8,51,76,-8,66,66,-5,54,69,-9,52,76,-8,53,79,-6,67,71,-7,57,74,-10,55,78,-9,56,81,-8,29,55,-1,36,59,-1,42,61,-3,46,63,-7,49,65,-10,48,46,-3,55,48,-7,56,53,-10,55,57,-11,45,42,-5,49,53,-8,45,59,-9,43,58,-9,41,42,-7,44,54,-10,40,58,-9,38,56,-8,37,43,-9,40,52,-11,37,56,-9,36,55,-8,K
70,92,-1,60,85,0,55,77,-2,52,70,-4,50,64,-6,61,62,-1,61,51,-4,60,44,-6,60,37,-8,65,62,-3,54,64,-7,51,72,-8,51,76,-8,66,66,-5,55,69,-9,52,76,-8,53,80,-6,67,71,-7,57,74,-10,55,78,-9,56,81,-8,30,55,-1,37,59,-1,42,61,-3,46,63,-6,49,65,-9,48,46,-2,55,48,-7,56,53,-9,55,57,-10,45,43,-4,49,53,-8,45,59,-9,43,58,-9,41,42,-7,44,54,-10,41,58,-9,39,56,-8,37,43,-9,39,52,-10,38,56,-9,36,54,-8,K
70,92,-1,60,85,0,55,77,-2,52,70,-4,50,64,-6,61,62,-1,61,51,-4,61,44,-6,60,37,-8,65,63,-3,54,64,-7,51,72,-8,51,76,-8,66,66,-5,54,69,-9,52,76,-8,53,79,-6,67,71,-7,57,74,-10,55,79,-9,56,81,-8,29,55,-1,36,59,0,42,61,-2,46,63,-5,48,66,-8,47,46,-2,54,49,-6,56,54,-9,55,58,-10,44,43,-4,49,54,-8,45,59,-9,42,59,-9,40,42,-7,43,55,-10,40,58,-9,37,56,-8,36,44,-9,39,53,-11,37,56,-9,35,55,-8,K
69,92,-1,59,85,0,54,76,-1,52,69,-3,51,64,-5,61,61,-1,61,51,-4,61,43,-6,60,37,-8,65,62,-3,53,63,-7,50,71,-8,51,76,-8,66,66,-5,54,69,-9,52,76,-8,53,80,-7,66,71,-7,56,73,-10,54,78,-10,55,81,-9,28,56,-1,35,60,-1,41,61,-3,45,62,-5,48,65,-8,47,47,-2,54,50,-6,55,54,-9,54,58,-10,44,43,-4,48,54,-8,44,59,-8,42,59,-8,40,43,-6,43,54,-10,39,58,-9,37,56,-7,36,44,-9,38,53,-10,36,56,-9,35,55,-8,K
69,92,-1,59,84,0,55,75,-1,52,67,-3,51,61,-5,61,61,-1,61,51,-4,60,43,-5,60,37,-7,65,62,-3,53,64,-7,50,71,-8,50,76,-8,66,66,-5,54,69,-9,52,76,-8,53,79,-6,67,71,-7,56,74,-10,55,78,-9,55,81,-8,27,56,-1,35,60,-1,41,61,-3,45,63,-6,48,65,-9,46,46,-2,53,50,-6,54,55,-9,53,59,-10,43,43,-4,48,54,-8,44,59,-8,41,58,-8,39,43,-7,43,55,-10,39,58,-9,37,57,-8,35,44,-9,38,53,-11,36,57,-9,34,56,-8,K
69,92,-1,60,85,0,55,78,-2,52,72,-4,49,67,-6,62,62,-1,61,52,-4,61,44,-5,60,38,-7,65,62,-3,54,65,-7,49,72,-8,49,76,-8,66,66,-5,54,69,-9,52,76,-8,52,80,-7,67,71,-7,57,74,-10,55,79,-9,55,81,-8,26,57,-1,33,60,-1,39,61,-3,43,63,-6,46,65,-9,44,47,-3,51,50,-7,52,56,-9,49,59,-10,41,43,-5,45,54,-8,41,60,-8,39,59,-8,37,43,-7,40,55,-10,36,59,-9,34,57,-8,33,43,-9,35,53,-10,34,56,-9,32,55,-8,K
70,92,-1,60,86,0,55,78,-1,52,72,-3,50,67,-6,62,62,-1,61,52,-3,61,44,-5,60,38,-7,65,63,-3,54,65,-7,50,72,-8,50,76,-8,66,66,-5,55,69,-8,52,76,-8,53,80,-6,67,71,-7,57,73,-10,55,78,-9,57,81,-8,25,57,-1,32,60,-1,38,62,-4,43,64,-7,46,65,-10,44,47,-4,51,50,-8,52,55,-10,49,59,-11,40,43,-5,45,54,-9,41,60,-9,38,59,-9,36,43,-7,39,55,-11,36,59,-9,34,57,-8,32,44,-10,34,54,-11,32,57,-10,31,56,-8,K
69,93,-1,60,86,0,55,78,-2,52,71,-3,49,66,-6,61,62,-1,61,52,-4,61,45,-6,60,38,-7,64,63,-3,53,65,-7,50,72,-8,50,76,-8,66,66,-5,54,70,-9,52,77,-8,53,80,-7,66,71,-7,56,75,-10,55,79,-9,57,82,-8,24,57,-1,32,60,-1,38,61,-4,42,63,-7,44,64,-10,43,47,-3,50,50,-8,51,55,-10,49,59,-11,40,43,-5,45,54,-9,40,60,-9,38,60,-9,35,43,-7,39,55,-11,36,60,-9,34,58,-8,31,44,-10,34,54,-11,33,58,-10,31,57,-8,K
70,92,-1,60,86,0,55,78,-1,52,71,-3,49,66,-4,62,62,-1,61,52,-3,60,45,-5,60,38,-6,65,63,-3,54,65,-6,50,72,-8,50,77,-8,66,66,-5,54,70,-8,52,77,-8,52,81,-7,67,71,-7,57,74,-9,55,79,-9,56,82,-8,24,57,-1,32,60,-1,37,61,-3,42,63,-6,44,64,-9,43,47,-3,50,50,-8,51,55,-10,49,59,-11,39,43,-5,44,54,-9,40,60,-9,38,60,-9,35,43,-7,39,55,-11,35,59,-9,34,57,-8,31,44,-10,34,54,-11,32,57,-10,31,56,-9,K
70,92,-1,60,86,0,55,78,-1,52,72,-3,50,67,-5,62,62,-1,61,52,-3,61,45,-5,60,38,-6,65,63,-3,54,66,-6,50,74,-7,50,78,-7,66,66,-5,55,70,-8,52,77,-7,53,81,-6,66,71,-7,56,74,-10,55,79,-9,56,82,-8,24,57,-1,31,60,-1,38,62,-3,42,63,-6,44,64,-9,43,47,-3,50,50,-8,51,55,-10,49,59,-11,39,43,-5,44,54,-9,40,60,-10,38,60,-9,35,43,-8,39,55,-11,35,59,-10,33,57,-8,31,44,-10,33,54,-12,32,57,-10,30,55,-9,K
70,92,-1,60,86,0,55,78,-1,52,72,-3,49,67,-5,62,62,-1,61,52,-3,60,45,-5,60,38,-6,65,63,-3,54,66,-6,50,74,-7,51,78,-8,66,66,-5,54,70,-8,52,77,-7,53,81,-6,66,71,-7,56,74,-10,54,79,-9,55,82,-8,24,57,-1,32,60,-1,38,61,-3,42,63,-6,44,64,-9,43,47,-3,50,50,-7,51,55,-10,49,59,-11,39,43,-5,44,54,-9,40,60,-9,38,60,-9,35,43,-7,38,55,-11,35,59,-9,33,57,-8,31,44,-10,33,54,-11,32,57,-10,30,55,-9,K
69,92,-1,60,85,0,55,77,-1,52,71,-3,49,67,-5,61,62,-1,61,52,-4,60,44,-5,60,38,-7,64,63,-3,53,65,-7,50,72,-8,49,77,-8,66,66,-5,54,70,-9,52,77,-8,52,80,-7,66,71,-7,56,74,-10,55,79,-9,56,81,-8,23,57,-1,31,60,-1,37,61,-3,41,63,-7,44,64,-10,42,47,-3,50,50,-8,51,55,-10,49,59,-11,39,43,-5,44,54,-9,40,60,-9,37,61,-9,35,43,-7,38,55,-11,35,59,-9,33,58,-8,30,44,-10,33,54,-11,31,58,-10,30,57,-8,K
70,92,-1,60,86,0,55,78,-1,52,72,-3,50,67,-5,62,62,-1,61,52,-4,61,44,-6,60,38,-7,65,63,-3,53,65,-7,50,72,-8,49,77,-8,66,66,-5,54,70,-8,52,76,-8,52,80,-7,66,71,-7,56,74,-10,54,79,-9,55,82,-8,23,57,-1,31,60,-1,37,62,-4,41,63,-7,43,64,-10,42,47,-4,50,49,-8,51,54,-11,49,59,-11,39,43,-5,43,54,-9,40,60,-10,37,60,-9,35,43,-8,37,56,-11,34,59,-10,33,58,-8,30,44,-10,32,54,-11,31,57,-10,30,56,-8,K
69,92,-1,60,86,0,55,78,-2,52,72,-4,49,67,-6,61,62,-1,61,52,-4,60,44,-6,60,38,-7,64,63,-3,53,66,-7,50,74,-8,51,78,-8,66,66,-5,54,70,-9,52,77,-8,53,81,-6,66,71,-7,56,74,-10,54,79,-9,56,82,-8,23,57,-1,31,60,-1,37,61,-4,41,63,-7,43,63,-10,42,47,-3,50,50,-8,51,55,-11,49,59,-12,39,43,-5,43,54,-10,39,60,-10,37,60,-10,34,43,-8,37,55,-11,34,59,-10,33,56,-8,30,44,-10,32,53,-12,31,56,-10,30,55,-9,K
69,92,-1,59,86,0,54,78,-2,51,72,-4,49,68,-6,61,62,-1,61,52,-4,60,44,-6,60,38,-7,64,62,-3,53,65,-7,50,73,-8,50,78,-8,65,66,-5,54,70,-9,52,77,-8,53,81,-7,66,71,-7,56,75,-10,54,79,-9,56,82,-8,23,57,-1,31,60,-1,36,61,-4,40,63,-8,43,64,-11,42,47,-4,50,50,-9,51,55,-11,48,59,-11,39,43,-6,43,54,-10,39,60,-10,37,60,-9,34,42,-8,38,55,-12,34,59,-10,33,57,-8,30,44,-10,32,53,-12,30,57,-10,29,55,-9,K
69,91,-1,60,85,0,54,78,-2,51,72,-4,49,68,-7,61,62,-2,61,52,-4,60,44,-6,60,38,-8,64,62,-3,53,65,-7,50,73,-8,50,77,-8,65,66,-6,54,70,-9,52,76,-8,52,80,-7,66,71,-8,56,74,-10,54,79,-10,55,82,-9,23,57,-1,31,60,-1,37,61,-4,41,63,-7,43,63,-10,42,47,-4,50,49,-9,51,54,-11,48,58,-12,39,43,-6,43,54,-10,39,60,-10,37,60,-9,34,42,-8,37,55,-11,34,59,-10,32,57,-8,30,44,-10,32,54,-12,30,57,-10,30,56,-9,K
69,92,-1,59,86,0,55,78,-2,51,72,-4,49,68,-6,61,62,-1,61,52,-4,60,44,-6,60,38,-7,64,63,-3,53,65,-7,50,73,-8,51,77,-8,66,66,-5,54,70,-8,52,76,-7,53,80,-6,66,71,-7,56,74,-10,54,79,-9,55,81,-8,23,56,-1,31,60,-1,37,61,-4,41,63,-7,42,63,-11,42,47,-4,49,49,-9,50,54,-11,48,58,-11,39,43,-6,43,54,-10,39,60,-10,37,60,-9,34,42,-8,37,55,-11,34,59,-10,33,57,-8,30,44,-10,32,54,-12,31,57,-10,30,55,-9,K
69,91,-1,60,85,0,55,78,-2,52,72,-4,50,68,-6,61,62,-1,61,52,-4,60,44,-6,60,38,-7,64,62,-3,53,66,-7,50,73,-8,51,77,-8,65,66,-5,54,70,-8,52,76,-7,53,80,-6,66,70,-7,56,74,-10,54,79,-9,55,81,-8,23,56,0,31,60,-1,37,61,-4,41,63,-8,42,63,-11,42,47,-4,49,49,-9,51,53,-11,49,58,-12,39,43,-6,43,54,-10,38,60,-10,36,59,-9,34,42,-8,37,55,-11,34,59,-10,32,56,-9,30,43,-10,32,53,-12,30,57,-10,29,55,-9,K
69,91,-1,60,85,0,55,77,-1,52,72,-3,49,67,-5,61,62,-1,61,52,-3,60,44,-5,60,37,-7,64,62,-3,53,65,-7,50,73,-7,51,77,-7,65,66,-5,54,69,-8,52,76,-7,53,79,-6,66,70,-7,56,73,-10,54,78,-9,55,81,-8,24,56,-1,31,60,-1,37,61,-4,41,63,-8,43,63,-11,43,47,-4,50,48,-9,51,53,-12,49,58,-12,39,43,-6,42,55,-10,38,60,-10,36,59,-10,35,42,-8,37,55,-12,33,59,-10,32,56,-9,30,43,-10,32,53,-12,30,56,-11,29,54,-9,K
70,91,-1,60,84,0,55,76,-1,52,70,-3,49,67,-5,62,61,-1,61,51,-4,60,44,-5,60,37,-7,64,62,-3,53,65,-7,50,72,-7,50,77,-8,66,65,-5,54,69,-8,52,76,-7,52,80,-6,66,70,-7,56,74,-9,54,78,-9,55,81,-8,24,56,-1,31,60,-2,37,61,-5,41,62,-8,42,62,-12,43,47,-4,50,48,-9,51,53,-12,49,58,-13,39,43,-6,42,55,-10,38,60,-11,36,59,-10,35,42,-8,37,55,-12,33,58,-11,32,56,-9,30,43,-10,32,54,-12,30,56,-11,29,54,-9,K
70,90,-1,60,84,0,55,77,-1,52,72,-3,49,68,-6,62,61,-1,61,51,-3,60,43,-5,60,37,-6,64,62,-3,53,65,-6,51,72,-7,51,77,-7,66,65,-5,54,69,-8,52,76,-7,53,79,-6,66,70,-7,56,73,-10,54,78,-9,55,80,-8,24,55,-1,31,59,-1,37,61,-4,41,62,-8,42,63,-11,43,47,-4,50,48,-9,51,53,-12,49,58,-13,39,43,-5,42,55,-10,38,60,-10,36,59,-10,35,42,-8,36,56,-11,33,58,-10,32,55,-9,30,43,-10,31,54,-12,30,56,-10,29,54,-9,K
70,90,-1,60,84,0,55,77,-1,52,72,-4,49,68,-6,62,61,-1,61,51,-4,60,43,-5,60,37,-7,65,62,-3,53,65,-7,51,72,-7,51,76,-7,66,65,-5,54,69,-8,52,76,-7,53,79,-6,66,70,-7,56,73,-10,54,78,-9,55,80,-8,23,55,-1,31,59,-1,37,61,-4,41,62,-7,42,63,-11,43,47,-4,50,48,-9,51,53,-11,49,57,-13,39,43,-5,42,55,-10,38,60,-10,36,59,-10,35,42,-8,36,56,-11,33,58,-10,32,55,-9,30,43,-10,31,54,-12,30,56,-10,29,54,-9,K
70,90,-1,61,84,0,56,77,-1,53,72,-3,49,68,-6,62,61,-2,61,51,-4,61,43,-6,60,37,-7,65,62,-3,54,65,-7,51,72,-8,51,77,-8,66,66,-5,54,69,-9,52,76,-7,53,79,-6,66,70,-7,56,73,-10,54,78,-9,56,81,-8,24,55,-1,31,59,-1,37,61,-4,41,63,-8,43,63,-11,43,47,-4,50,48,-9,51,53,-12,49,58,-13,40,43,-6,42,55,-10,38,60,-10,36,59,-10,35,42,-8,36,56,-12,33,58,-10,32,55,-9,30,43,-10,31,54,-12,30,56,-11,29,54,-9,K
71,90,-1,61,84,0,57,78,-2,53,72,-4,50,69,-6,62,61,-2,61,51,-5,61,43,-6,60,37,-8,65,62,-4,53,66,-7,51,73,-8,52,77,-8,66,66,-6,54,70,-9,53,76,-7,54,80,-6,66,71,-7,56,74,-10,54,79,-9,55,81,-8,25,54,-1,33,58,-1,38,60,-4,42,62,-8,43,63,-11,45,47,-4,51,48,-9,52,52,-12,50,57,-13,41,43,-5,41,56,-10,38,60,-10,37,57,-9,36,42,-7,36,55,-11,34,57,-10,33,54,-8,31,42,-10,31,53,-12,30,55,-10,30,53,-9,K
70,91,-1,61,85,0,57,77,-2,53,72,-4,49,68,-6,62,62,-2,61,51,-4,61,44,-6,60,37,-8,65,62,-4,54,65,-7,51,73,-8,52,77,-8,66,66,-6,54,70,-9,53,76,-7,54,80,-6,66,71,-8,56,74,-10,54,79,-10,55,81,-9,25,54,-1,32,58,-1,38,60,-4,42,61,-7,43,62,-11,45,47,-3,51,47,-8,52,52,-11,51,57,-13,41,43,-5,41,56,-9,38,59,-10,37,56,-9,37,41,-7,36,56,-10,34,57,-9,34,54,-8,32,42,-9,31,54,-11,30,55,-10,30,53,-9,K
71,90,-1,61,85,0,56,78,-2,53,72,-4,50,68,-6,62,62,-2,61,51,-4,60,44,-6,60,37,-8,65,62,-4,53,66,-7,51,73,-8,52,77,-8,66,66,-6,54,70,-9,52,76,-8,54,80,-6,66,71,-8,56,74,-10,54,79,-9,56,81,-8,26,54,-1,33,58,-2,39,60,-5,42,62,-8,43,62,-12,45,47,-4,52,48,-9,53,53,-13,51,58,-14,42,43,-5,42,56,-10,38,59,-10,37,56,-9,37,41,-7,36,56,-11,34,57,-10,34,53,-8,32,42,-10,32,54,-12,30,55,-10,30,52,-9,K
71,90,-1,62,84,0,57,77,-2,53,72,-4,50,68,-6,62,62,-2,61,51,-5,61,44,-7,60,37,-8,65,62,-4,54,66,-7,51,73,-8,52,77,-8,66,66,-5,54,70,-9,53,76,-8,54,80,-7,66,71,-7,56,74,-10,54,79,-9,55,81,-8,26,54,-1,34,58,-1,39,60,-4,43,62,-7,44,63,-10,46,47,-4,52,48,-9,53,53,-12,51,57,-13,42,43,-5,42,56,-10,38,60,-10,38,57,-9,38,41,-7,37,56,-11,34,57,-9,34,53,-8,33,42,-10,32,54,-12,31,55,-10,31,52,-9,K
71,91,-1,61,85,0,57,78,-1,53,73,-3,50,68,-6,62,62,-1,61,51,-4,60,43,-6,60,37,-7,65,62,-3,53,65,-7,51,72,-7,52,76,-7,66,66,-5,54,70,-8,53,76,-7,55,79,-5,65,71,-7,56,74,-10,55,79,-9,56,81,-8,27,53,-1,34,58,-1,40,61,-4,44,63,-7,44,63,-10,46,48,-4,53,48,-9,54,53,-12,51,58,-13,43,43,-5,43,56,-10,39,59,-10,38,57,-9,39,42,-7,37,56,-11,35,57,-9,35,53,-8,34,42,-10,33,54,-12,31,55,-10,31,52,-9,K
70,90,-1,61,84,0,56,76,-1,53,70,-3,50,65,-5,62,61,-2,61,51,-5,60,43,-6,60,37,-8,65,62,-4,54,65,-7,51,72,-8,51,76,-8,66,66,-5,54,70,-9,52,76,-8,53,79,-7,66,71,-7,56,74,-10,55,79,-9,56,81,-8,28,53,0,35,58,-2,41,61,-4,45,64,-8,47,66,-11,47,48,-4,53,48,-10,54,53,-13,52,57,-14,43,43,-6,42,57,-10,40,60,-10,39,58,-10,39,42,-7,37,56,-11,36,58,-9,36,54,-8,34,42,-9,33,53,-12,32,55,-10,32,52,-9,K
70,90,-1,61,84,0,56,77,-2,53,71,-4,50,66,-6,62,61,-2,61,51,-5,60,43,-7,60,37,-8,65,62,-4,54,65,-7,51,72,-8,51,76,-8,66,66,-6,54,70,-9,52,76,-8,53,79,-7,66,71,-7,56,74,-10,54,79,-9,55,81,-8,28,53,-1,35,58,-2,41,61,-4,45,64,-7,47,65,-10,46,48,-4,53,48,-10,53,53,-13,52,57,-14,43,43,-6,42,56,-10,39,60,-11,39,59,-10,39,42,-7,37,56,-11,35,58,-10,35,55,-9,34,42,-9,33,53,-12,32,55,-11,32,53,-9,K
70,90,-1,61,84,0,56,77,-2,53,72,-4,50,67,-6,62,61,-2,61,51,-5,60,43,-7,60,37,-8,65,62,-4,53,65,-8,51,73,-8,52,76,-8,66,66,-6,54,70,-9,53,76,-8,54,79,-6,66,71,-7,56,74,-10,55,79,-9,56,81,-8,28,53,-1,35,58,-2,41,61,-4,45,63,-8,46,65,-10,47,48,-4,53,48,-9,54,53,-12,52,58,-13,43,43,-5,43,56,-10,40,60,-10,39,57,-10,39,42,-7,37,56,-11,35,58,-10,36,54,-8,34,42,-9,33,53,-12,32,55,-10,32,53,-9,K
71,90,-1,62,84,0,57,76,-2,54,70,-3,51,65,-5,62,61,-2,61,51,-5,60,43,-7,60,36,-9,65,62,-4,54,65,-8,51,72,-8,51,77,-9,66,66,-5,54,70,-9,52,76,-8,53,79,-7,66,70,-7,56,74,-10,54,79,-9,55,81,-9,28,53,-1,35,58,-2,41,61,-4,45,63,-7,46,64,-10,47,48,-4,53,49,-9,54,54,-12,52,58,-13,44,44,-5,43,56,-10,40,60,-10,39,57,-9,39,42,-7,37,56,-11,35,57,-10,36,54,-8,34,42,-9,33,53,-11,32,55,-10,32,52,-9,K
71,90,-1,62,84,0,57,76,-1,54,71,-3,51,67,-5,62,61,-2,61,51,-5,61,43,-7,60,37,-8,65,62,-4,54,65,-7,51,72,-8,51,76,-8,66,66,-6,55,70,-9,53,75,-8,53,79,-7,66,71,-7,57,74,-10,55,78,-9,55,81,-8,28,53,-1,35,58,-1,41,61,-3,44,63,-6,45,64,-9,47,48,-3,53,49,-8,54,54,-11,52,58,-12,44,43,-5,43,57,-8,40,59,-9,39,56,-9,39,42,-7,37,56,-10,36,56,-8,36,53,-7,35,42,-9,33,54,-10,32,54,-9,32,51,-8,K
71,90,-1,62,84,0,57,77,-2,54,72,-4,50,67,-6,62,61,-2,62,51,-5,61,43,-7,60,37,-9,65,62,-4,54,65,-8,51,72,-8,52,76,-8,66,66,-6,55,70,-9,53,76,-8,54,79,-6,66,71,-8,57,74,-10,55,78,-10,55,81,-9,29,53,-1,35,58,-1,41,61,-4,45,63,-7,45,63,-10,47,48,-4,53,49,-9,54,53,-12,52,58,-13,44,43,-5,43,56,-10,40,59,-10,39,56,-9,40,42,-7,38,56,-11,36,56,-9,36,53,-8,35,42,-9,33,53,-11,32,54,-10,32,52,-9,K
71,90,-1,62,84,0,57,77,-2,54,71,-4,51,67,-6,63,62,-2,62,51,-5,61,43,-7,60,37,-8,65,62,-4,54,65,-8,52,72,-8,53,75,-8,66,66,-6,55,70,-9,53,76,-8,54,78,-6,66,71,-8,57,74,-10,55,78,-10,56,80,-8,29,53,-1,36,58,-1,42,61,-4,45,63,-7,45,63,-10,48,48,-3,54,49,-9,54,54,-12,53,58,-13,45,44,-5,43,56,-9,40,60,-10,39,57,-9,40,42,-7,38,56,-10,36,57,-9,36,54,-8,35,42,-9,34,53,-11,33,55,-10,33,52,-8,K
71,90,-1,62,83,0,57,76,-2,54,70,-4,51,66,-6,63,61,-2,62,51,-5,61,43,-7,60,37,-8,66,62,-4,54,65,-8,52,72,-9,53,76,-9,66,66,-6,55,70,-9,53,76,-8,55,79,-7,66,70,-7,56,74,-10,55,78,-10,56,81,-8,29,53,-1,36,58,-1,41,61,-4,45,63,-7,45,63,-10,47,48,-3,53,49,-8,54,54,-11,53,58,-12,44,43,-5,44,56,-9,41,59,-9,40,56,-9,40,42,-7,38,56,-10,36,57,-9,37,53,-8,35,42,-9,34,53,-11,33,55,-9,33,52,-8,K
71,90,-1,62,84,0,58,77,-1,54,72,-3,51,68,-5,63,61,-2,62,51,-4,61,43,-6,60,37,-8,66,62,-4,54,65,-7,52,72,-8,52,76,-8,66,66,-5,55,70,-8,53,76,-7,54,79,-6,66,70,-7,57,74,-9,55,79,-9,56,81,-8,29,52,0,36,57,-2,42,61,-5,45,63,-8,45,63,-12,48,48,-4,54,49,-10,55,54,-13,52,59,-14,45,43,-6,43,55,-10,40,59,-10,40,56,-9,40,41,-8,38,55,-11,36,57,-10,37,53,-8,35,41,-10,34,53,-12,33,55,-10,33,52,-9,K
72,90,-1,62,84,0,58,77,-1,54,72,-3,51,68,-5,63,61,-2,62,51,-5,61,43,-7,60,37,-8,66,62,-4,54,65,-7,52,73,-8,53,76,-8,67,66,-5,55,70,-8,54,76,-7,55,79,-6,66,70,-7,57,74,-10,55,79,-9,56,81,-8,29,53,-1,36,57,-2,42,60,-4,45,63,-8,46,63,-11,48,48,-4,54,49,-10,54,54,-12,52,58,-13,45,43,-6,44,56,-10,40,59,-10,40,56,-9,40,41,-8,38,55,-11,36,57,-10,37,53,-8,35,41,-10,34,53,-12,32,54,-11,32,52,-9,K
72,90,-1,62,84,0,58,77,-2,54,72,-4,51,68,-6,63,61,-2,62,51,-5,61,43,-7,61,37,-8,66,62,-4,55,66,-8,52,73,-8,53,77,-8,67,66,-6,55,70,-9,54,76,-8,55,80,-6,66,71,-8,57,74,-10,55,78,-10,55,81,-9,29,53,-1,36,57,-1,41,60,-4,45,62,-7,46,63,-10,48,48,-4,54,49,-9,54,54,-12,53,58,-13,44,43,-5,43,55,-10,40,59,-10,39,56,-10,40,41,-7,38,55,-11,36,57,-10,36,53,-8,35,41,-9,34,52,-11,32,54,-10,32,51,-9,K
72,90,-1,62,84,0,57,77,-2,53,72,-4,50,68,-6,63,61,-2,62,51,-5,61,43,-7,61,37,-9,65,62,-4,54,66,-8,52,73,-8,53,76,-8,66,66,-6,55,70,-9,54,76,-8,55,79,-7,66,71,-8,57,74,-11,55,78,-10,56,81,-9,29,52,-1,36,57,-1,41,60,-4,45,62,-7,46,63,-10,48,48,-4,54,49,-9,54,53,-12,53,58,-13,45,43,-5,43,56,-10,40,58,-10,40,55,-9,40,41,-7,38,55,-11,36,56,-9,37,52,-8,35,41,-9,34,52,-11,32,53,-10,32,50,-9,K
72,90,-1,62,84,0,57,77,-2,54,72,-4,51,67,-6,63,61,-2,62,51,-5,61,43,-7,60,36,-9,66,62,-4,54,65,-8,52,73,-8,53,76,-8,67,66,-6,55,70,-9,53,76,-8,55,79,-6,66,71,-8,57,74,-10,55,78,-10,56,81,-9,29,52,-1,36,57,-1,41,59,-4,45,62,-7,45,62,-10,48,48,-3,54,49,-9,54,54,-11,52,58,-12,45,43,-5,44,56,-9,40,58,-9,40,56,-9,40,41,-7,38,55,-10,36,56,-9,36,52,-8,35,41,-9,34,52,-11,32,53,-10,32,51,-9,K
71,90,-1,62,84,0,57,77,-2,54,72,-4,51,67,-6,63,61,-2,62,51,-5,61,43,-7,60,36,-9,66,62,-4,54,65,-8,52,72,-8,53,76,-8,67,66,-6,55,70,-9,53,76,-8,54,79,-6,67,71,-8,57,74,-10,55,78,-10,56,81,-9,29,52,-1,36,56,-1,41,59,-4,45,62,-7,45,63,-10,48,47,-4,54,49,-9,55,54,-11,53,58,-12,45,43,-5,43,56,-9,40,58,-9,39,55,-9,40,41,-7,38,55,-11,36,56,-10,36,52,-8,35,41,-10,34,53,-11,32,54,-10,32,51,-9,K
72,90,-1,63,84,0,57,77,-2,54,72,-4,51,68,-6,63,61,-2,62,51,-5,61,43,-7,60,36,-9,66,62,-4,54,66,-8,52,73,-8,52,77,-9,67,66,-6,55,70,-9,53,76,-8,54,80,-7,67,71,-8,57,74,-10,55,79,-10,56,82,-9,29,52,-1,36,56,-1,41,59,-4,45,61,-8,45,62,-11,48,47,-4,54,48,-10,55,53,-13,53,57,-14,45,42,-6,44,55,-10,40,58,-10,40,56,-10,40,41,-8,38,55,-12,36,56,-10,36,53,-9,35,41,-10,34,52,-12,32,54,-11,32,51,-9,K
72,90,-1,63,84,0,58,77,-1,54,72,-3,51,68,-6,63,61,-2,62,51,-5,61,43,-7,61,36,-8,66,62,-4,55,65,-7,52,72,-8,52,76,-8,67,66,-6,55,69,-9,53,76,-8,54,79,-6,67,71,-8,57,74,-10,55,79,-10,56,81,-9,29,52,-1,36,57,-1,42,59,-4,45,61,-7,45,61,-10,48,47,-4,54,48,-9,55,53,-12,52,58,-13,45,42,-5,43,55,-10,40,58,-10,40,56,-9,40,41,-7,38,55,-11,36,56,-9,37,52,-8,35,41,-9,34,52,-11,32,53,-10,33,50,-9,K
72,90,-1,63,84,0,58,77,-2,54,72,-4,51,68,-6,63,61,-2,62,51,-5,61,43,-7,61,37,-9,66,62,-4,55,65,-8,53,72,-8,54,76,-8,67,66,-6,55,69,-9,54,75,-8,56,78,-6,67,71,-8,57,74,-11,55,78,-10,56,81,-9,29,52,-1,36,57,-1,41,60,-4,45,62,-8,45,62,-11,48,47,-4,54,48,-9,55,53,-12,53,57,-13,45,42,-5,43,55,-10,40,58,-10,40,55,-9,40,41,-7,38,54,-11,36,56,-10,37,52,-8,35,40,-9,33,52,-12,32,53,-11,32,50,-9,K
72,90,-1,62,84,0,57,77,-2,54,72,-4,51,67,-6,63,61,-2,62,50,-5,61,43,-7,60,36,-8,66,62,-4,55,65,-7,52,72,-8,53,76,-8,67,65,-6,55,69,-9,54,76,-8,55,79,-6,67,70,-8,57,74,-10,55,78,-10,56,81,-9,29,52,-1,36,57,-2,41,60,-5,45,62,-8,45,61,-11,48,47,-4,54,48,-10,54,54,-12,52,58,-13,45,42,-6,44,55,-10,40,58,-10,40,56,-9,40,40,-7,38,55,-11,36,56,-10,37,52,-8,35,41,-10,33,52,-12,32,54,-11,32,51,-9,K
72,89,-1,62,84,0,57,77,-2,54,72,-4,51,67,-6,63,61,-2,62,50,-5,61,42,-7,60,36,-8,66,62,-4,55,65,-8,52,72,-8,53,76,-8,67,65,-6,55,69,-9,53,76,-8,55,79,-6,67,70,-8,57,74,-10,55,78,-10,56,81,-8,29,52,-1,36,57,-2,41,60,-4,45,62,-8,45,62,-10,48,47,-4,54,48,-10,54,54,-12,52,58,-13,45,42,-6,44,55,-10,40,59,-10,39,56,-10,40,40,-8,38,55,-11,36,56,-10,37,52,-9,35,41,-10,33,52,-12,32,54,-11,32,51,-9,K
72,89,-1,62,83,0,58,76,-2,54,70,-4,51,66,-6,63,60,-2,62,50,-5,61,43,-7,60,36,-8,66,61,-4,55,65,-8,52,72,-8,52,76,-8,67,65,-6,55,69,-9,53,75,-8,54,79,-7,67,70,-8,57,73,-10,56,78,-10,56,80,-9,29,52,-1,36,57,-1,41,60,-4,45,62,-7,46,62,-9,48,47,-4,54,48,-9,55,53,-12,53,57,-13,45,42,-5,43,55,-10,40,58,-10,39,57,-10,40,41,-7,38,55,-11,36,56,-10,36,53,-8,35,41,-9,33,52,-11,32,53,-10,32,51,-9,K
72,89,-1,63,84,0,58,77,-2,54,71,-4,51,67,-6,63,61,-2,62,50,-5,61,43,-7,60,36,-8,66,62,-4,55,64,-7,52,71,-8,53,75,-8,67,65,-6,55,69,-9,54,75,-7,55,78,-6,67,70,-8,57,73,-10,56,77,-9,57,80,-8,29,52,-1,36,57,-1,41,59,-4,44,61,-7,45,62,-10,47,47,-3,54,48,-9,54,53,-11,53,58,-13,44,42,-5,43,55,-9,40,58,-10,39,56,-9,40,41,-7,38,54,-10,36,56,-9,36,52,-8,35,41,-9,33,52,-11,32,53,-10,32,51,-9,K
72,89,-1,62,84,0,57,77,-2,53,72,-4,50,67,-6,63,61,-2,62,50,-5,61,42,-7,60,36,-8,66,61,-4,55,65,-7,52,72,-8,53,76,-8,67,65,-6,55,69,-9,54,75,-8,55,78,-6,67,70,-8,57,73,-10,56,78,-10,57,80,-8,29,52,-1,36,56,-1,41,59,-4,44,62,-7,44,62,-10,47,47,-4,53,48,-9,54,53,-12,52,57,-13,44,42,-5,43,55,-10,40,58,-10,39,56,-9,40,40,-7,37,55,-11,36,56,-10,36,52,-8,35,40,-10,33,52,-12,32,53,-10,32,50,-9,K
72,89,-1,62,83,0,57,76,-2,53,71,-4,50,67,-6,63,60,-2,62,50,-5,61,43,-7,60,36,-8,66,61,-4,55,64,-8,53,72,-8,54,75,-8,67,65,-6,55,69,-9,54,75,-8,56,78,-6,67,70,-8,57,73,-11,56,78,-10,57,80,-9,29,52,-1,35,57,-2,41,60,-4,44,62,-8,45,62,-10,47,47,-4,54,48,-9,54,53,-12,52,57,-13,44,42,-5,43,54,-10,40,58,-10,39,56,-10,40,40,-7,38,54,-11,36,56,-10,36,52,-9,35,40,-9,33,52,-12,32,53,-11,32,51,-9,K
72,89,-1,62,83,0,57,76,-1,54,71,-3,51,66,-5,63,61,-2,62,50,-4,61,43,-6,60,36,-8,66,61,-4,55,64,-7,52,72,-8,53,76,-8,67,65,-6,55,69,-9,54,75,-8,55,78,-7,67,70,-8,57,73,-10,55,78,-10,56,80,-9,29,52,-1,36,56,-2,42,59,-4,45,62,-7,45,62,-10,47,47,-4,54,48,-9,54,53,-12,52,57,-13,44,42,-5,43,55,-10,40,58,-10,39,56,-9,40,40,-7,38,54,-11,36,56,-10,36,52,-9,35,40,-10,33,51,-12,32,53,-11,32,51,-9,K
72,89,-1,63,84,0,57,77,-2,54,72,-4,51,68,-6,63,61,-2,62,50,-5,61,43,-6,60,36,-8,66,62,-4,55,65,-7,52,72,-8,53,76,-8,67,65,-6,55,69,-9,54,75,-8,55,79,-7,67,70,-8,57,73,-10,55,78,-10,56,81,-9,29,52,-1,36,57,-2,41,60,-4,44,62,-7,46,62,-10,47,47,-4,54,48,-9,54,53,-12,52,57,-13,44,42,-5,43,54,-10,40,58,-10,39,55,-9,40,40,-7,38,54,-11,36,56,-10,36,53,-8,35,40,-9,33,51,-11,32,54,-10,32,51,-9,K
71,89,-1,62,83,0,57,77,-2,53,71,-4,50,68,-6,63,61,-2,62,51,-5,61,43,-7,60,36,-8,66,62,-4,54,64,-7,52,72,-8,53,75,-8,67,65,-6,55,69,-9,54,75,-8,55,78,-6,67,70,-8,57,73,-10,55,78,-10,56,81,-9,29,52,-1,35,57,-2,41,59,-5,44,61,-8,44,61,-11,47,47,-4,53,48,-9,54,54,-12,52,58,-13,44,42,-5,43,55,-10,39,58,-10,39,55,-9,40,40,-7,37,54,-11,36,56,-10,36,52,-8,35,40,-9,33,52,-11,32,53,-10,32,51,-9,K
71,89,-1,62,83,0,57,76,-1,54,71,-4,50,67,-6,63,61,-2,62,51,-5,61,43,-7,60,36,-8,66,62,-4,55,65,-7,52,72,-8,53,75,-8,67,66,-6,55,69,-9,53,75,-8,55,78,-6,67,70,-8,57,73,-10,55,78,-10,55,80,-9,29,52,-1,36,56,-2,41,59,-5,44,61,-9,45,62,-12,47,47,-5,54,48,-11,54,53,-13,52,57,-14,44,42,-6,43,54,-11,40,58,-11,39,56,-10,39,40,-8,37,54,-12,35,56,-11,36,52,-9,35,40,-10,33,51,-13,32,53,-11,32,51,-10,K
72,90,-1,62,84,0,57,77,-1,54,72,-3,51,67,-5,63,61,-2,62,51,-4,61,43,-6,60,36,-8,65,62,-3,54,65,-7,52,72,-8,53,76,-8,66,65,-5,55,69,-8,53,75,-7,55,79,-6,66,70,-7,57,73,-10,55,78,-9,56,81,-8,29,52,-1,35,56,-1,41,59,-4,44,61,-7,45,62,-10,47,46,-4,53,48,-9,54,53,-12,52,58,-13,44,42,-5,43,55,-10,39,59,-10,38,57,-10,39,40,-7,38,55,-11,35,56,-10,35,53,-9,34,40,-9,33,52,-11,32,54,-10,32,51,-9,K
71,89,-1,62,83,0,57,77,-1,54,71,-3,51,67,-6,62,61,-2,62,51,-4,61,43,-6,60,36,-8,65,62,-3,54,65,-7,52,72,-8,53,76,-7,66,65,-5,55,70,-9,54,76,-7,55,79,-6,67,70,-7,57,73,-10,55,78,-9,56,80,-8,29,52,-1,35,56,-2,41,59,-5,44,61,-8,44,62,-11,47,47,-4,53,48,-9,54,53,-12,52,58,-13,44,42,-5,43,55,-10,39,58,-10,39,55,-9,39,40,-7,37,54,-11,36,55,-9,36,52,-8,34,40,-9,33,52,-11,32,53,-10,32,50,-9,K
71,89,-1,62,83,0,57,77,-2,54,72,-4,51,68,-6,63,61,-2,62,51,-5,61,43,-7,60,37,-8,65,62,-4,54,65,-7,52,72,-8,53,76,-8,66,65,-6,55,69,-9,53,75,-8,55,78,-7,66,70,-8,57,73,-10,55,78,-10,56,80,-9,29,52,-1,35,56,-1,41,59,-4,44,61,-7,45,63,-10,47,47,-4,53,48,-9,54,53,-12,52,58,-13,44,42,-5,43,55,-10,39,59,-10,38,57,-10,39,40,-7,37,54,-11,35,56,-10,35,52,-8,34,40,-10,33,51,-12,31,53,-10,31,51,-9,K
71,89,-1,62,84,0,57,77,-2,54,72,-4,51,67,-6,63,61,-2,62,51,-5,61,43,-6,60,36,-8,66,61,-4,54,64,-7,52,72,-8,53,76,-8,66,65,-5,55,69,-9,54,76,-7,55,79,-6,66,70,-7,57,73,-10,55,78,-9,56,81,-8,29,52,-1,35,57,-1,41,60,-4,44,62,-7,44,62,-10,47,47,-4,53,48,-9,54,53,-12,52,57,-12,44,42,-5,43,55,-10,39,58,-10,39,56,-9,39,40,-7,37,54,-11,35,56,-10,36,52,-8,34,40,-10,33,52,-12,31,53,-10,31,50,-9,K
71,89,-1,62,83,0,57,76,-1,53,71,-4,49,68,-6,63,61,-2,62,51,-4,61,43,-6,60,37,-7,66,62,-4,54,65,-7,52,72,-8,53,76,-8,67,65,-6,55,69,-9,54,75,-8,55,79,-6,67,70,-8,57,73,-10,55,78,-10,56,80,-9,28,52,-1,35,57,-2,41,59,-4,44,62,-7,44,62,-10,47,47,-4,53,48,-9,54,53,-12,52,57,-13,44,42,-5,43,55,-10,39,58,-10,38,56,-10,39,40,-7,37,55,-11,35,56,-10,35,52,-9,34,40,-10,33,52,-12,31,54,-11,31,51,-9,K
71,89,-1,62,83,0,57,76,-1,54,70,-3,50,66,-6,63,60,-2,62,50,-4,61,43,-6,60,36,-8,66,61,-4,55,64,-7,52,72,-8,52,76,-8,67,65,-5,55,69,-9,53,75,-8,54,79,-7,67,70,-7,57,73,-10,55,78,-9,56,81,-8,28,52,-1,35,56,-2,41,59,-5,44,61,-9,44,61,-12,47,47,-5,53,48,-11,54,54,-13,51,58,-14,44,42,-6,43,54,-11,39,58,-11,39,56,-10,39,40,-8,37,54,-12,35,56,-11,36,53,-9,34,40,-10,33,52,-13,31,54,-11,31,51,-10,K
43,115,0,40,105,-2,40,94,-5,42,85,-8,46,80,-11,40,86,-7,49,70,-12,55,61,-15,58,54,-16,42,89,-9,53,71,-14,58,61,-16,62,53,-16,46,93,-11,57,83,-15,57,89,-14,54,94,-13,51,99,-13,60,90,-15,60,94,-14,57,99,-12,50,70,0,52,56,-3,56,44,-6,60,34,-9,64,25,-12,65,44,-11,72,34,-17,77,26,-21,81,20,-24,65,50,-13,73,39,-20,79,31,-24,84,23,-27,64,57,-16,71,48,-22,75,41,-26,80,34,-28,61,66,-18,63,61,-25,66,55,-28,68,49,-30,M
43,113,0,40,104,-2,38,92,-6,37,83,-9,39,78,-13,41,84,-8,50,68,-13,54,59,-16,58,52,-17,43,87,-10,53,70,-16,58,60,-17,62,51,-18,46,93,-12,56,81,-17,56,85,-16,53,89,-14,50,100,-14,60,90,-17,59,94,-16,56,99,-14,51,70,0,52,56,-3,56,44,-6,60,34,-10,64,25,-13,64,44,-13,72,33,-20,77,26,-25,81,20,-28,65,50,-16,73,39,-23,79,31,-28,84,23,-32,64,57,-18,71,48,-26,76,41,-30,80,34,-33,62,66,-21,66,60,-28,69,55,-32,71,49,-35,M
42,114,0,40,105,-1,40,93,-4,41,84,-8,43,78,-11,40,86,-8,50,70,-13,55,61,-15,58,53,-16,43,89,-10,53,71,-16,58,60,-17,62,51,-18,46,94,-12,58,82,-17,58,89,-16,55,94,-13,50,100,-14,61,89,-17,60,94,-15,57,98,-12,50,68,0,51,55,-3,56,43,-6,60,34,-8,64,25,-11,65,44,-9,72,33,-15,77,26,-19,81,20,-21,66,49,-11,73,39,-17,79,30,-20,83,23,-23,64,56,-14,71,48,-19,76,41,-22,80,34,-24,61,64,-16,64,59,-21,66,53,-24,68,47,-25,M
42,113,0,39,103,-1,39,91,-3,39,82,-5,41,77,-7,40,84,-5,49,68,-9,54,60,-10,58,53,-11,42,87,-7,52,69,-11,57,59,-12,60,51,-12,45,91,-9,54,74,-13,58,66,-14,60,59,-14,49,98,-11,58,89,-13,59,91,-13,58,94,-12,50,70,0,51,56,-3,56,44,-6,60,34,-8,64,25,-11,64,44,-10,71,33,-16,77,26,-20,81,20,-23,65,49,-12,73,39,-18,79,30,-22,84,23,-25,64,57,-15,71,47,-21,76,40,-24,80,34,-26,62,65,-17,66,59,-23,69,53,-25,72,47,-27,M
40,112,0,38,103,-2,38,92,-5,38,82,-8,40,75,-11,41,85,-7,50,69,-12,54,61,-14,58,54,-15,43,88,-9,52,71,-14,58,61,-15,61,52,-16,46,93,-11,57,82,-16,57,87,-15,55,90,-13,49,99,-13,60,90,-16,59,94,-14,57,98,-12,50,69,0,51,56,-3,56,43,-6,60,34,-8,64,25,-11,64,44,-10,71,33,-16,76,26,-20,80,20,-22,65,49,-12,73,39,-18,78,30,-22,83,23,-24,64,56,-14,71,47,-20,76,41,-23,80,34,-25,61,65,-17,64,60,-22,67,54,-25,69,48,-27,M
40,111,0,39,102,-2,39,90,-4,40,81,-6,40,75,-9,41,83,-6,50,69,-10,54,60,-12,58,53,-12,43,87,-8,53,70,-12,58,60,-13,61,52,-13,46,92,-10,56,79,-14,59,75,-14,59,72,-13,49,99,-12,59,89,-14,60,92,-13,58,95,-11,51,70,0,52,56,-3,56,43,-6,60,34,-9,64,25,-12,64,44,-10,71,33,-16,76,26,-20,80,19,-23,65,49,-13,73,38,-19,78,30,-23,83,22,-26,65,56,-15,71,47,-21,76,40,-24,80,33,-27,63,64,-17,67,59,-23,69,53,-26,72,47,-28,M
41,112,0,39,103,-2,39,91,-4,40,82,-7,39,74,-10,41,85,-7,49,69,-11,54,60,-13,58,53,-14,43,88,-9,53,71,-14,58,61,-15,61,53,-15,46,93,-11,58,84,-16,57,90,-15,55,95,-13,50,99,-12,60,90,-15,59,95,-13,57,99,-11,50,69,0,51,55,-3,56,43,-7,60,34,-10,64,25,-14,64,44,-14,71,34,-21,76,26,-26,80,19,-30,64,50,-16,73,40,-24,78,31,-30,83,23,-33,63,57,-19,71,48,-27,75,41,-31,80,34,-34,61,66,-22,65,61,-29,68,54,-33,71,48,-36,M
41,112,0,39,102,-2,39,90,-4,39,81,-7,40,74,-10,41,83,-6,50,69,-10,54,60,-12,58,53,-13,43,87,-8,52,71,-13,58,61,-14,61,53,-14,46,92,-10,56,82,-15,57,86,-14,55,90,-12,49,99,-12,59,90,-15,59,94,-13,56,98,-11,51,68,0,52,55,-3,56,43,-7,60,34,-10,63,24,-15,64,43,-13,71,33,-21,76,26,-26,81,19,-30,65,49,-16,73,39,-24,78,31,-30,84,23,-34,64,56,-19,71,48,-27,76,40,-32,80,33,-35,62,65,-22,65,60,-29,68,54,-34,71,48,-37,M
42,112,0,40,103,-2,39,91,-5,38,83,-8,40,77,-10,41,84,-7,49,69,-11,54,60,-13,57,53,-14,42,87,-9,52,70,-13,57,60,-14,60,52,-14,46,92,-10,55,77,-14,57,74,-14,57,70,-13,49,98,-12,59,89,-14,59,92,-13,57,95,-11,51,69,0,52,56,-3,56,43,-7,60,34,-10,64,25,-14,64,44,-14,71,34,-22,76,26,-27,80,19,-31,64,50,-17,73,39,-26,78,30,-31,83,22,-35,63,57,-20,71,48,-28,75,41,-33,79,34,-36,61,65,-23,64,60,-31,67,54,-35,69,47,-38,M
41,112,0,38,103,-2,38,93,-5,38,84,-9,39,79,-12,40,85,-8,49,69,-13,54,60,-16,57,53,-17,43,88,-10,52,71,-15,58,61,-17,61,52,-18,46,93,-12,57,83,-17,57,89,-15,54,93,-13,50,99,-14,59,89,-16,59,93,-14,56,97,-12,50,68,0,51,55,-3,56,43,-7,60,34,-10,63,24,-13,64,43,-11,71,33,-18,76,25,-23,80,19,-26,64,49,-14,73,39,-21,78,30,-25,83,23,-28,63,56,-17,70,47,-23,75,40,-27,79,34,-29,60,65,-19,64,60,-25,67,55,-28,69,49,-30,M
40,110,0,38,101,-2,38,90,-5,38,81,-8,39,74,-10,41,83,-7,49,68,-11,54,59,-13,57,52,-14,43,86,-9,52,69,-13,57,59,-14,60,51,-14,46,92,-10,56,77,-14,58,73,-14,59,68,-13,49,98,-12,59,88,-14,59,90,-13,57,94,-11,51,69,0,52,55,-3,56,43,-6,60,34,-9,63,24,-13,64,43,-13,71,33,-20,76,25,-24,80,19,-28,65,49,-15,73,38,-23,78,30,-28,83,22,-32,64,56,-18,71,47,-26,76,40,-30,80,33,-33,62,64,-21,66,58,-28,69,53,-32,71,47,-35,M
43,112,0,41,103,-1,40,90,-3,40,80,-6,39,73,-8,41,84,-6,49,69,-10,54,60,-12,58,53,-13,43,87,-8,53,70,-13,58,60,-14,61,51,-14,47,92,-10,57,82,-15,57,88,-14,55,93,-11,50,98,-12,60,89,-14,59,93,-12,57,97,-10,50,69,0,51,56,-3,56,43,-6,60,34,-9,64,25,-12,64,44,-11,71,33,-18,76,26,-22,80,19,-25,65,49,-14,73,38,-20,78,30,-25,83,22,-28,64,55,-16,71,46,-22,76,39,-26,80,32,-28,61,63,-18,66,58,-25,68,52,-28,71,45,-30,M
42,112,0,40,103,-1,41,90,-4,41,81,-7,41,74,-9,41,84,-6,49,69,-11,54,60,-13,58,53,-13,43,87,-8,52,70,-13,57,60,-14,61,51,-14,46,92,-10,57,81,-15,57,86,-14,54,90,-12,50,98,-12,60,89,-15,59,93,-13,56,97,-11,51,69,0,52,55,-3,56,42,-6,60,34,-10,64,24,-14,64,43,-14,71,33,-22,76,25,-28,80,19,-32,65,49,-18,73,39,-26,78,30,-33,83,22,-37,63,56,-21,70,48,-29,75,40,-35,79,33,-39,60,65,-24,64,60,-32,66,54,-37,68,48,-40,M
41,113,0,39,104,-1,40,92,-4,41,83,-7,43,78,-9,40,85,-7,49,70,-11,54,60,-13,57,53,-14,43,88,-9,52,72,-13,57,61,-15,61,53,-15,46,93,-11,58,83,-15,58,89,-14,55,94,-11,50,99,-13,60,90,-15,59,94,-12,57,98,-10,50,69,0,51,56,-3,56,43,-6,60,34,-9,63,24,-12,64,43,-12,71,33,-19,76,25,-23,80,19,-26,64,49,-15,72,38,-22,78,30,-26,83,22,-29,63,56,-17,71,46,-24,75,39,-28,80,33,-30,61,64,-20,65,59,-27,67,53,-30,70,47,-32,M
41,112,0,40,103,-1,40,91,-3,40,81,-5,41,75,-7,40,83,-6,49,68,-9,54,59,-11,57,53,-11,42,86,-8,52,68,-11,57,59,-12,60,50,-12,45,91,-10,55,74,-13,58,68,-13,60,61,-13,49,98,-11,59,88,-13,59,91,-12,57,94,-11,50,68,0,51,55,-3,56,43,-6,60,34,-9,63,24,-12,64,43,-11,71,33,-17,76,25,-21,80,19,-24,64,48,-13,72,39,-20,78,30,-24,82,23,-27,63,56,-16,70,47,-22,74,40,-26,79,34,-29,59,64,-19,62,60,-25,65,55,-28,67,49,-30,M
42,112,0,39,103,-2,38,92,-5,37,83,-8,38,77,-11,41,84,-7,50,68,-12,54,59,-14,58,51,-15,43,87,-9,53,70,-14,58,59,-16,61,50,-16,47,91,-11,57,82,-16,56,87,-15,54,91,-12,51,98,-13,60,89,-15,59,94,-13,56,98,-11,51,70,0,51,56,-3,56,43,-6,60,34,-9,63,24,-12,63,43,-11,71,33,-17,76,25,-21,80,19,-24,65,48,-13,73,38,-20,78,29,-24,83,22,-27,65,55,-15,71,45,-22,76,38,-25,80,31,-27,63,63,-18,67,58,-24,70,52,-27,73,46,-29,M
43,113,0,40,104,-1,40,92,-4,42,83,-6,45,78,-9,41,84,-6,49,69,-10,54,59,-12,58,52,-13,43,87,-8,52,69,-12,57,59,-14,60,50,-14,46,92,-10,56,78,-14,58,77,-13,57,76,-12,50,98,-12,60,88,-14,60,92,-12,58,96,-9,50,68,0,51,55,-3,56,42,-5,60,33,-8,63,24,-10,64,42,-9,71,32,-15,76,25,-19,80,19,-21,65,48,-11,73,38,-17,78,29,-21,82,22,-23,64,55,-14,71,46,-19,76,39,-22,80,32,-24,61,63,-16,65,59,-21,68,53,-24,71,48,-25,M
45,114,0,42,104,-2,41,91,-5,41,81,-7,41,75,-10,40,84,-7,49,69,-12,54,60,-14,57,52,-15,42,87,-9,52,70,-14,57,60,-15,60,51,-16,46,92,-11,55,78,-15,57,75,-15,56,72,-14,50,99,-13,60,88,-15,59,92,-14,57,96,-12,51,69,0,52,55,-3,56,43,-6,60,34,-9,64,24,-13,64,43,-12,71,33,-18,76,25,-23,80,19,-26,65,49,-14,73,38,-21,78,30,-26,83,22,-29,64,56,-17,71,47,-23,76,40,-27,80,33,-30,61,64,-19,65,59,-26,68,53,-29,71,47,-31,M
43,114,0,40,105,-1,40,93,-4,42,84,-7,45,79,-10,41,84,-6,50,69,-11,55,60,-14,59,52,-15,43,87,-9,53,70,-13,58,60,-15,62,51,-16,47,92,-11,58,82,-15,58,89,-14,55,94,-12,51,98,-13,60,89,-15,60,93,-14,58,98,-11,51,69,0,51,55,-3,56,43,-6,60,34,-8,63,24,-11,64,43,-10,71,32,-16,76,25,-19,80,19,-22,65,48,-12,73,38,-18,78,29,-21,83,22,-24,64,55,-14,71,46,-20,76,39,-23,80,33,-25,62,64,-17,66,59,-22,69,53,-24,72,48,-26,M
43,113,0,41,104,-1,41,91,-3,42,82,-6,43,77,-8,41,83,-6,50,68,-9,55,58,-11,58,51,-12,43,86,-8,52,68,-12,57,58,-13,61,50,-14,46,91,-10,55,74,-14,58,67,-14,60,59,-14,50,98,-12,60,88,-14,60,90,-12,58,94,-10,51,69,0,52,56,-3,57,43,-6,61,34,-8,64,24,-11,65,43,-10,72,33,-16,77,25,-20,81,19,-23,65,48,-13,73,38,-19,78,30,-23,83,22,-25,64,55,-15,71,46,-21,76,40,-24,80,33,-27,61,64,-18,65,59,-24,67,54,-26,69,48,-28,M
43,114,0,41,105,-1,43,92,-3,47,85,-6,51,81,-8,42,84,-6,50,68,-10,55,59,-12,58,52,-13,43,86,-8,53,68,-13,58,58,-14,61,49,-15,46,91,-11,56,74,-15,59,68,-15,60,62,-14,50,99,-13,60,87,-14,60,90,-12,58,94,-10,52,69,0,52,56,-3,56,43,-5,60,34,-8,64,25,-11,64,43,-10,72,33,-16,77,25,-19,81,19,-22,65,48,-12,73,38,-18,79,29,-22,84,22,-24,65,55,-15,72,46,-20,76,39,-23,81,33,-25,63,64,-17,66,59,-23,69,53,-25,72,47,-27,M
42,113,0,41,103,0,43,91,-2,47,83,-4,50,81,-6,42,83,-6,51,68,-9,56,59,-11,59,52,-12,44,85,-8,53,67,-13,58,57,-14,61,48,-14,46,90,-11,56,73,-16,60,64,-16,62,56,-15,50,98,-13,61,87,-15,61,89,-13,59,94,-11,52,69,0,52,56,-3,57,43,-5,61,34,-8,64,25,-10,65,43,-9,72,33,-14,77,25,-18,81,20,-21,66,48,-11,74,37,-16,79,29,-20,84,22,-22,66,55,-13,72,46,-18,77,39,-21,82,33,-23,64,63,-15,68,58,-20,71,52,-23,74,47,-24,M
45,114,0,44,103,-1,46,91,-2,50,84,-4,52,80,-6,44,83,-5,52,68,-9,57,59,-11,60,52,-12,45,86,-7,54,68,-12,59,58,-13,63,50,-14,47,91,-10,57,74,-14,61,66,-15,63,58,-14,51,98,-12,61,87,-14,61,90,-12,60,93,-10,52,69,0,53,55,-3,57,43,-6,61,34,-9,65,24,-13,65,43,-11,73,33,-18,78,26,-22,82,20,-25,66,49,-14,74,39,-20,80,30,-24,84,23,-27,65,57,-16,72,47,-23,76,40,-26,81,34,-29,63,66,-19,65,61,-25,67,55,-29,69,49,-31,M
48,114,0,47,104,-1,49,91,-3,54,83,-5,58,79,-7,46,83,-5,54,68,-9,59,60,-11,63,53,-12,48,86,-7,57,69,-11,62,59,-13,65,51,-13,51,91,-9,60,74,-13,64,66,-14,66,59,-14,55,98,-12,65,87,-13,65,90,-12,63,93,-10,55,67,0,55,54,-3,60,42,-5,64,34,-8,67,25,-10,70,41,-7,77,32,-12,82,26,-15,87,20,-17,71,46,-9,79,37,-14,85,30,-17,90,24,-19,70,54,-11,77,45,-15,82,39,-18,87,33,-19,68,62,-13,73,57,-18,76,52,-19,79,46,-21,M
49,113,0,47,102,-1,49,90,-3,54,82,-5,57,78,-7,47,83,-5,55,68,-9,60,60,-11,63,53,-12,49,86,-8,58,69,-12,63,60,-13,66,52,-14,52,91,-10,61,75,-14,64,68,-14,65,60,-14,56,97,-12,66,86,-14,66,89,-12,64,93,-11,56,69,0,56,55,-3,61,43,-6,65,33,-8,68,24,-10,70,42,-7,78,33,-12,83,27,-15,87,21,-18,72,47,-9,80,37,-13,85,30,-16,90,24,-19,71,54,-11,78,45,-15,83,39,-17,88,33,-19,70,62,-13,75,57,-17,78,52,-18,81,47,-19,M
49,113,0,48,103,-1,50,91,-3,55,84,-5,58,80,-7,47,83,-5,56,68,-9,61,59,-11,64,52,-12,49,85,-7,58,68,-12,63,58,-13,67,49,-14,53,90,-10,61,73,-14,65,65,-15,68,57,-15,57,97,-12,66,87,-14,67,89,-13,65,93,-11,57,68,0,57,55,-3,62,43,-6,66,33,-9,69,24,-12,71,42,-9,79,33,-14,84,27,-18,89,21,-20,72,48,-11,80,38,-16,87,30,-20,92,24,-22,72,55,-13,79,46,-18,84,40,-21,89,34,-23,70,64,-15,74,58,-20,78,53,-23,81,48,-24,M
49,113,0,47,103,-1,50,90,-3,55,83,-5,59,79,-7,48,83,-5,57,67,-9,62,58,-11,66,52,-12,50,86,-8,59,67,-12,65,57,-14,68,49,-14,53,91,-10,63,73,-15,67,65,-15,69,58,-15,58,98,-12,68,87,-14,68,89,-12,66,92,-10,58,67,0,58,54,-4,62,42,-6,66,33,-9,70,24,-12,71,43,-9,80,33,-15,85,27,-19,90,21,-21,73,48,-11,81,38,-17,87,31,-20,93,24,-23,72,55,-13,80,46,-18,85,40,-21,89,34,-23,71,63,-15,76,58,-20,79,53,-22,82,48,-24,M
50,114,0,48,104,0,50,90,-1,55,82,-3,59,78,-4,48,83,-4,57,67,-7,62,58,-8,65,52,-9,51,85,-6,60,67,-10,65,57,-11,68,50,-11,54,90,-9,63,73,-12,67,64,-13,69,56,-13,58,97,-11,68,87,-12,68,90,-11,67,94,-9,58,67,0,59,54,-4,63,42,-7,67,33,-10,71,24,-14,72,43,-11,80,34,-17,86,27,-22,91,22,-25,74,48,-13,82,39,-20,88,31,-24,93,25,-27,73,56,-15,80,47,-22,85,41,-25,89,35,-28,70,64,-18,75,59,-24,78,54,-27,81,49,-29,M
51,115,0,49,104,-1,51,91,-3,56,84,-5,61,80,-7,49,83,-5,58,68,-9,63,59,-11,67,52,-12,51,86,-8,61,68,-12,68,58,-14,72,50,-14,54,91,-10,64,73,-14,68,65,-15,70,57,-15,59,98,-12,69,87,-14,69,89,-13,67,93,-11,58,67,0,60,54,-3,64,42,-7,68,33,-9,72,24,-13,73,43,-10,81,34,-16,87,28,-20,92,22,-23,74,49,-12,82,40,-18,88,32,-22,94,26,-25,72,56,-14,79,48,-20,85,42,-23,90,36,-25,69,65,-17,73,61,-23,76,55,-25,78,50,-27,M
51,113,0,50,102,0,51,89,-2,56,82,-4,60,78,-7,49,83,-5,58,67,-9,64,59,-11,68,52,-12,52,85,-8,62,67,-12,69,58,-14,73,50,-14,55,90,-10,64,73,-15,68,66,-15,70,58,-15,60,97,-12,69,86,-14,69,89,-13,68,92,-11,59,67,0,60,54,-4,64,42,-7,68,33,-10,72,24,-13,73,43,-10,82,34,-16,87,27,-20,92,22,-23,74,48,-12,83,39,-18,89,32,-22,95,25,-25,73,55,-15,81,47,-20,86,41,-23,91,35,-26,70,64,-17,76,59,-22,80,54,-25,83,48,-27,M
52,114,0,50,103,-1,52,91,-3,58,84,-6,63,81,-9,50,83,-6,59,68,-10,64,59,-12,67,53,-14,52,86,-8,62,69,-13,67,60,-14,70,52,-15,56,91,-11,65,76,-15,66,75,-14,65,73,-13,60,98,-13,70,86,-15,70,90,-13,67,94,-11,59,67,0,60,54,-3,65,42,-6,69,33,-9,72,24,-12,74,43,-9,82,34,-15,88,27,-19,92,22,-21,75,48,-11,83,39,-17,90,31,-20,95,25,-23,74,55,-13,82,47,-19,87,41,-22,92,35,-23,72,63,-16,77,58,-21,81,53,-23,84,48,-25,M
53,115,0,50,104,-1,52,91,-3,58,84,-5,62,80,-7,50,84,-5,58,68,-9,64,59,-11,67,53,-12,52,87,-7,62,69,-12,68,59,-14,72,51,-14,56,91,-10,65,74,-14,69,65,-15,71,56,-15,61,98,-12,70,87,-14,70,89,-12,69,93,-11,60,68,0,61,54,-3,65,42,-7,69,34,-10,73,24,-13,74,43,-10,83,34,-16,88,28,-20,93,23,-23,75,48,-12,84,39,-18,91,32,-22,97,26,-25,74,56,-15,82,47,-20,87,41,-23,93,36,-26,71,64,-17,76,59,-23,80,54,-25,84,49,-27,M
52,114,0,50,102,-1,53,90,-2,58,83,-4,62,79,-7,50,83,-5,60,68,-8,65,60,-10,68,54,-11,53,86,-7,62,68,-11,67,59,-12,70,51,-12,57,91,-10,66,73,-13,70,66,-14,71,59,-13,61,97,-12,72,86,-13,72,88,-12,70,92,-10,61,67,0,61,54,-4,66,42,-6,70,34,-9,74,25,-12,76,42,-8,84,34,-13,90,28,-17,94,22,-20,77,47,-10,86,39,-15,92,32,-19,97,26,-22,76,54,-12,84,46,-17,90,41,-20,95,35,-22,74,62,-14,80,57,-19,84,52,-21,88,47,-23,M
52,113,0,50,102,-1,53,90,-3,58,82,-5,63,79,-7,51,82,-5,60,67,-8,65,59,-10,69,52,-11,53,85,-7,63,68,-11,69,59,-12,71,51,-13,57,90,-9,67,75,-13,70,69,-13,70,63,-13,62,97,-12,72,87,-13,72,89,-11,70,93,-10,61,67,0,61,54,-3,66,42,-6,70,33,-8,74,24,-11,76,43,-8,85,34,-13,90,28,-17,95,22,-19,77,48,-10,86,39,-15,92,32,-19,98,26,-21,77,55,-12,85,47,-17,90,41,-20,95,36,-22,75,63,-14,80,58,-19,83,53,-22,87,48,-23,M
52,113,0,50,103,-1,53,90,-3,58,82,-5,64,79,-7,51,82,-5,60,67,-8,65,59,-9,69,53,-10,54,85,-7,63,68,-10,69,59,-11,72,51,-12,57,90,-9,67,73,-12,71,65,-13,73,57,-14,61,97,-11,72,87,-13,72,90,-12,70,94,-10,61,67,0,61,55,-4,66,42,-6,70,33,-9,74,24,-11,76,42,-8,85,34,-13,90,28,-16,95,23,-19,78,48,-10,87,39,-15,93,32,-18,99,26,-20,77,55,-11,85,47,-16,91,41,-19,96,35,-20,75,63,-14,81,58,-18,85,53,-20,89,48,-21,M
52,114,0,50,103,-1,52,90,-3,58,82,-5,63,78,-6,51,83,-5,60,67,-8,65,59,-9,69,53,-10,54,85,-7,63,67,-10,68,58,-11,72,50,-12,57,90,-9,67,73,-12,71,66,-13,73,58,-13,62,97,-11,73,87,-13,72,90,-11,70,93,-10,61,66,0,61,53,-4,66,42,-7,70,33,-10,74,24,-12,77,42,-8,86,34,-14,91,28,-17,96,23,-20,78,47,-10,87,39,-15,94,33,-18,99,28,-21,77,54,-12,86,47,-17,92,41,-19,98,36,-21,75,62,-14,82,57,-18,86,52,-21,90,48,-22,M
53,115,0,51,105,-1,54,91,-2,59,83,-4,64,79,-6,51,83,-4,60,67,-7,65,59,-9,69,53,-9,54,86,-6,63,67,-10,68,58,-11,71,50,-11,57,90,-8,67,73,-12,71,65,-13,73,57,-13,62,97,-10,72,87,-12,72,90,-11,71,94,-10,61,66,0,61,53,-4,66,42,-6,70,33,-9,74,25,-11,77,42,-7,86,34,-12,92,28,-15,97,24,-17,78,47,-8,88,39,-13,95,33,-16,100,28,-18,78,54,-10,87,47,-14,93,42,-16,99,37,-18,76,62,-12,83,57,-16,87,53,-18,91,49,-19,M
54,115,0,52,104,-1,54,91,-2,60,84,-4,64,80,-6,51,83,-5,61,67,-8,66,58,-10,70,52,-10,54,86,-7,63,67,-11,69,58,-13,72,49,-13,57,91,-10,67,73,-14,71,64,-15,74,56,-15,62,98,-12,72,87,-14,72,91,-12,71,95,-11,61,66,0,61,54,-4,66,42,-7,70,34,-10,74,25,-13,77,42,-9,86,34,-14,92,28,-17,98,24,-20,78,47,-10,89,39,-15,95,33,-18,101,28,-20,78,55,-12,87,47,-16,94,41,-19,100,36,-20,76,63,-13,83,58,-18,88,53,-20,92,49,-21,M
54,115,0,51,103,0,54,90,-1,59,82,-3,64,80,-5,52,82,-4,61,67,-7,66,58,-9,69,52,-10,54,85,-7,63,67,-11,69,57,-12,72,49,-12,57,90,-9,67,73,-14,71,64,-15,74,56,-15,62,97,-12,73,87,-14,73,90,-12,71,94,-10,61,67,0,61,54,-4,66,42,-7,70,34,-10,74,25,-13,77,42,-9,86,35,-14,92,29,-18,98,24,-20,78,48,-10,88,40,-15,95,34,-19,101,28,-21,77,55,-12,87,48,-17,94,42,-19,100,36,-21,76,63,-14,83,58,-19,88,54,-21,93,49,-22,M
53,115,0,52,104,-1,54,91,-3,60,84,-6,65,81,-8,51,83,-5,61,67,-9,66,59,-11,69,52,-12,54,86,-8,64,68,-11,69,59,-13,72,51,-13,57,91,-10,68,74,-14,71,67,-14,72,60,-14,62,98,-12,73,87,-14,72,90,-13,70,94,-11,62,67,0,61,54,-5,66,42,-8,70,34,-11,74,25,-14,77,42,-10,87,35,-16,93,29,-20,98,24,-22,78,48,-11,89,40,-17,96,34,-21,102,28,-24,78,55,-13,88,48,-19,94,42,-22,100,37,-24,76,64,-15,84,59,-20,89,54,-23,93,50,-25,M
53,115,0,51,104,-1,53,91,-3,59,84,-5,64,80,-6,51,83,-5,60,68,-8,65,59,-9,68,53,-10,53,86,-7,63,68,-10,69,58,-12,72,51,-12,57,91,-9,67,73,-13,71,65,-14,74,57,-14,62,98,-11,72,87,-13,72,90,-12,70,94,-10,62,67,0,61,55,-5,65,43,-8,70,34,-11,74,25,-14,77,42,-10,87,35,-15,93,29,-19,99,24,-22,78,48,-11,89,40,-16,96,34,-20,103,29,-23,78,55,-13,88,48,-17,95,43,-20,101,38,-22,77,63,-14,84,59,-19,89,54,-21,93,50,-23,M
54,115,0,51,104,-1,52,91,-2,57,83,-4,63,79,-6,50,84,-5,59,68,-8,65,59,-10,68,53,-11,53,87,-8,63,68,-11,68,58,-12,72,50,-13,58,91,-10,68,74,-13,72,66,-14,74,58,-14,63,98,-12,73,87,-14,73,90,-12,71,94,-11,61,67,0,60,54,-4,65,42,-7,70,34,-10,74,25,-13,77,42,-9,87,35,-14,93,30,-18,98,25,-21,78,48,-10,89,40,-16,96,34,-19,102,29,-21,77,55,-12,88,48,-17,95,43,-19,101,37,-21,76,64,-14,83,59,-19,89,55,-21,93,51,-22,M
54,115,0,51,103,-1,53,90,-3,58,83,-5,63,79,-7,51,83,-5,60,68,-9,65,60,-10,69,53,-11,54,86,-8,63,68,-11,69,58,-12,72,51,-13,58,91,-10,68,74,-13,72,67,-13,73,61,-13,63,98,-12,73,87,-14,73,90,-12,70,93,-11,61,67,0,60,54,-5,65,42,-8,70,34,-11,73,25,-14,77,42,-9,87,35,-15,93,30,-19,99,25,-21,78,48,-11,89,40,-16,97,34,-19,103,29,-22,78,55,-12,88,48,-17,95,43,-20,101,38,-21,76,64,-14,84,59,-19,89,55,-21,94,51,-22,M
54,114,0,51,104,-1,53,91,-2,58,83,-4,63,80,-6,51,84,-5,61,68,-8,66,59,-10,69,52,-11,54,86,-7,63,67,-11,69,57,-12,72,49,-12,58,91,-10,67,73,-13,72,65,-14,74,57,-13,63,97,-12,73,87,-13,73,89,-12,71,93,-10,60,66,0,60,54,-5,65,42,-8,70,34,-11,74,24,-14,76,42,-9,86,35,-15,93,30,-18,98,26,-21,78,48,-11,89,41,-16,96,34,-19,103,29,-22,78,55,-12,88,48,-17,95,43,-20,101,38,-22,76,64,-14,84,60,-19,89,55,-21,94,51,-22,M
54,114,0,51,103,0,52,91,-2,57,83,-3,62,80,-5,51,84,-5,60,67,-8,65,59,-9,69,53,-10,54,86,-7,63,67,-11,69,57,-12,72,50,-12,58,91,-10,68,73,-13,71,65,-13,73,58,-13,63,98,-12,73,86,-13,72,89,-11,70,92,-10,60,66,0,60,54,-5,65,42,-8,70,34,-11,74,25,-14,76,42,-9,86,35,-14,93,30,-18,99,26,-20,77,48,-10,89,41,-15,96,35,-18,103,30,-21,77,55,-12,88,48,-16,95,43,-19,101,38,-20,75,64,-13,83,60,-18,89,55,-20,94,51,-21,M
55,115,0,52,104,0,53,91,-2,58,83,-4,63,80,-5,51,83,-4,60,67,-7,65,59,-9,68,53,-9,53,86,-7,63,68,-10,68,58,-12,72,50,-12,57,91,-9,67,73,-13,71,65,-14,73,56,-13,62,98,-11,72,87,-13,72,89,-11,70,93,-9,60,66,0,60,54,-5,65,42,-8,69,34,-10,73,25,-13,76,42,-9,86,35,-14,93,29,-18,99,25,-20,77,48,-10,89,40,-15,97,34,-18,103,28,-20,77,55,-12,88,48,-16,95,42,-19,101,37,-20,76,64,-13,84,59,-18,89,55,-20,93,51,-21,M
53,115,0,51,104,-1,53,91,-3,58,84,-5,63,80,-7,51,84,-5,60,68,-9,66,60,-11,69,53,-12,54,87,-7,64,69,-11,69,59,-12,72,51,-13,58,92,-10,68,75,-13,71,71,-13,71,66,-12,63,98,-12,73,87,-14,73,90,-12,70,93,-10,60,66,0,60,54,-5,64,42,-8,69,34,-11,73,25,-14,76,42,-9,87,35,-15,93,30,-18,99,25,-21,78,48,-11,89,40,-16,96,34,-19,102,29,-21,77,55,-12,88,48,-17,95,43,-19,101,38,-20,76,64,-14,84,59,-18,89,55,-20,94,51,-21,M
54,114,0,51,104,-1,52,91,-3,58,82,-5,63,78,-7,51,83,-5,60,67,-8,65,58,-10,69,52,-11,53,86,-7,62,67,-10,68,57,-12,71,49,-12,57,91,-9,67,72,-13,71,64,-14,74,56,-14,62,98,-11,72,87,-13,72,90,-12,70,94,-11,60,67,0,60,55,-5,64,42,-8,69,34,-11,73,25,-14,76,42,-10,86,35,-15,93,29,-19,99,25,-21,77,48,-11,89,40,-16,96,34,-20,103,28,-22,77,55,-13,88,48,-18,95,42,-20,101,37,-22,75,64,-14,83,59,-19,89,55,-22,93,50,-23,M
54,116,0,51,104,0,53,91,-1,58,84,-3,63,80,-5,50,84,-4,59,68,-7,65,59,-8,68,53,-9,53,86,-6,62,68,-10,68,58,-11,71,51,-11,57,91,-9,67,74,-13,71,66,-13,73,58,-13,63,97,-11,72,86,-13,72,89,-11,70,93,-10,60,67,0,59,55,-4,64,42,-7,69,34,-10,73,24,-13,76,42,-9,86,35,-14,93,29,-17,98,25,-20,77,48,-10,88,40,-15,96,34,-18,102,29,-20,77,55,-12,87,48,-16,94,43,-19,100,37,-20,75,64,-13,83,59,-18,88,55,-20,93,50,-21,M
53,115,0,51,104,0,53,91,-2,58,84,-4,63,80,-6,51,84,-4,60,68,-7,65,59,-9,68,52,-10,53,86,-7,63,68,-10,68,58,-12,72,50,-12,57,91,-9,67,73,-13,71,66,-13,72,59,-13,62,97,-12,72,87,-13,72,90,-12,70,93,-10,60,67,0,60,54,-5,64,42,-8,69,34,-11,73,25,-14,76,42,-9,86,35,-15,92,29,-18,98,25,-21,77,48,-10,88,40,-15,96,34,-19,102,29,-21,77,55,-12,87,48,-16,94,42,-19,101,38,-21,75,64,-14,83,59,-18,88,55,-20,93,51,-21,M
53,115,0,51,104,-1,52,91,-2,57,83,-4,62,79,-6,50,83,-5,59,68,-8,64,59,-9,68,53,-10,53,86,-7,62,67,-10,68,58,-12,71,50,-12,57,91,-9,67,73,-13,71,65,-14,73,57,-14,62,98,-11,72,87,-13,72,90,-11,70,94,-10,60,66,0,59,54,-5,64,42,-8,69,34,-11,73,25,-14,76,42,-9,86,35,-15,93,29,-18,98,25,-21,77,48,-10,89,40,-15,96,34,-19,102,29,-21,77,55,-12,88,48,-16,94,42,-19,100,37,-20,75,64,-13,83,59,-18,89,55,-20,93,51,-21,M
54,115,0,51,104,0,53,91,-2,59,84,-4,64,81,-6,50,84,-5,60,67,-8,65,59,-10,68,52,-11,53,87,-7,62,68,-11,68,58,-13,71,50,-13,57,91,-10,66,74,-14,71,66,-14,73,58,-14,62,98,-12,72,86,-14,72,89,-12,70,93,-10,60,66,0,59,54,-5,64,42,-8,69,34,-10,73,25,-13,75,42,-9,86,35,-14,93,29,-17,98,25,-20,77,48,-10,88,40,-15,96,34,-18,102,29,-20,77,55,-11,87,48,-16,94,43,-18,100,38,-19,75,64,-13,83,59,-17,88,55,-19,93,51,-20,M
53,116,0,51,105,-1,52,91,-2,58,83,-4,62,79,-6,50,84,-4,60,68,-7,65,60,-9,69,53,-10,53,87,-7,63,69,-10,68,59,-12,71,51,-12,57,92,-9,66,74,-12,70,67,-13,72,60,-12,62,98,-11,72,87,-13,72,89,-11,70,92,-10,60,67,0,59,54,-5,64,43,-8,69,34,-10,73,25,-13,76,42,-9,86,35,-14,92,29,-17,98,25,-20,77,48,-10,88,40,-15,96,34,-18,102,29,-20,77,55,-11,87,48,-16,94,43,-18,100,37,-20,76,64,-13,83,59,-18,89,55,-19,93,51,-21,M
54,115,0,51,104,0,52,91,-2,57,83,-4,62,79,-5,50,84,-4,59,68,-7,65,59,-9,68,53,-10,53,86,-7,62,67,-10,68,58,-11,71,50,-11,57,91,-9,66,73,-13,71,65,-14,73,57,-13,62,97,-12,71,87,-13,72,89,-12,70,93,-10,60,67,0,60,55,-5,64,43,-8,69,34,-11,73,25,-14,76,42,-10,86,35,-16,93,29,-20,98,25,-22,77,48,-11,88,40,-17,96,34,-21,102,29,-23,77,55,-13,87,48,-18,94,43,-21,100,38,-23,75,64,-15,83,60,-20,88,55,-22,93,51,-24,M
52,116,0,50,104,-1,53,91,-3,59,84,-5,64,80,-7,50,83,-5,60,68,-8,66,59,-10,69,52,-12,53,86,-7,63,69,-11,68,59,-12,71,50,-13,56,91,-9,66,74,-13,70,66,-13,72,59,-13,61,98,-11,71,87,-13,71,89,-11,69,92,-10,61,67,0,60,55,-5,64,43,-8,69,34,-11,73,25,-14,76,42,-10,86,35,-15,92,30,-19,98,25,-22,77,48,-11,88,40,-16,96,34,-20,102,29,-22,77,55,-12,87,48,-17,94,43,-20,100,38,-22,75,64,-14,83,60,-19,88,55,-21,93,51,-23,M
53,116,0,50,105,-1,52,91,-3,56,82,-4,61,76,-6,49,83,-4,58,68,-7,63,60,-9,66,53,-10,52,86,-6,61,68,-10,66,59,-11,70,51,-11,55,91,-9,65,73,-12,69,65,-13,72,58,-14,60,98,-11,70,88,-13,70,90,-12,69,94,-11,61,67,0,60,54,-4,64,43,-8,69,34,-10,73,25,-13,76,42,-9,86,35,-14,92,30,-18,98,25,-20,77,48,-10,88,41,-15,96,35,-18,102,29,-21,77,55,-12,87,48,-16,94,43,-19,100,38,-21,75,64,-13,83,60,-18,88,56,-20,93,51,-21,M
51,115,0,49,104,-1,50,91,-3,55,82,-5,59,78,-8,48,83,-5,56,68,-8,61,60,-10,65,53,-11,50,86,-7,60,68,-11,65,59,-12,68,51,-13,54,91,-9,64,74,-13,66,68,-13,67,62,-13,59,97,-12,69,86,-14,69,89,-13,67,93,-11,60,67,0,60,54,-5,64,43,-8,69,34,-11,73,25,-15,76,43,-10,86,36,-16,93,30,-20,98,25,-22,77,49,-11,89,41,-17,96,35,-21,102,29,-23,76,56,-13,87,49,-18,94,44,-21,100,38,-23,74,65,-15,83,60,-20,88,56,-22,93,52,-23,M
51,112,0,50,102,-2,50,90,-4,53,81,-6,55,77,-9,48,82,-6,55,66,-10,60,56,-13,64,49,-14,49,85,-8,57,66,-13,63,55,-14,66,46,-15,53,90,-11,61,71,-15,65,63,-16,67,54,-15,58,97,-13,67,86,-15,67,88,-13,66,91,-12,60,67,0,60,54,-4,65,42,-7,70,34,-9,74,25,-12,76,43,-8,87,35,-13,93,30,-16,99,26,-18,78,48,-9,89,41,-14,96,35,-17,102,29,-19,77,56,-11,88,48,-15,95,43,-17,100,38,-19,76,64,-12,84,60,-16,89,56,-18,94,51,-19,M
49,112,0,47,101,0,48,89,-3,52,81,-6,55,76,-8,46,81,-6,55,65,-10,59,57,-12,62,50,-12,49,85,-9,58,67,-13,63,57,-14,66,49,-14,52,90,-11,63,77,-15,64,84,-13,63,89,-11,57,96,-13,67,86,-15,67,90,-13,65,94,-11,59,66,0,60,54,-4,65,43,-7,70,34,-10,74,26,-12,77,42,-8,87,35,-12,94,30,-16,99,26,-18,78,48,-9,90,40,-13,97,35,-16,103,30,-18,78,55,-10,89,48,-14,95,43,-17,101,38,-18,76,64,-12,85,59,-16,90,55,-17,94,51,-18,M
50,111,0,48,100,-1,49,87,-3,53,79,-5,57,75,-8,47,81,-6,55,65,-10,60,57,-12,63,50,-13,49,84,-9,58,66,-13,63,57,-14,66,49,-14,53,89,-11,62,73,-15,64,72,-14,63,69,-12,58,96,-14,68,85,-15,67,87,-13,65,91,-10,60,67,0,61,54,-4,66,43,-7,70,34,-9,74,25,-12,77,43,-7,87,35,-12,94,30,-15,99,26,-17,78,48,-8,90,41,-13,97,35,-16,103,30,-17,78,56,-10,89,48,-14,96,43,-16,101,38,-17,77,64,-12,85,60,-15,90,55,-17,94,51,-18,M
51,111,0,49,101,-2,52,88,-4,57,80,-6,60,76,-9,49,81,-6,58,66,-10,63,58,-13,67,52,-14,51,85,-9,60,67,-13,65,57,-15,69,49,-15,55,90,-11,63,73,-15,67,64,-16,69,56,-16,60,97,-13,69,87,-15,69,89,-13,67,93,-12,60,68,0,60,55,-5,65,43,-8,70,34,-11,74,26,-14,77,43,-9,87,36,-14,94,30,-18,99,26,-20,79,49,-10,90,41,-15,97,35,-18,103,29,-20,79,56,-11,89,49,-16,96,43,-18,102,38,-20,77,65,-13,85,60,-17,90,56,-19,95,51,-21,M
51,111,0,49,100,0,51,88,-1,56,81,-3,60,77,-5,50,82,-5,59,68,-8,64,60,-9,68,54,-10,53,86,-8,62,68,-11,68,58,-12,72,51,-12,57,91,-10,66,73,-13,71,65,-14,72,58,-14,62,98,-12,71,88,-14,72,89,-13,70,91,-13,61,68,0,61,55,-4,66,43,-7,70,34,-10,74,25,-13,77,43,-8,87,35,-13,94,30,-16,99,26,-19,79,48,-9,90,41,-14,97,34,-17,103,29,-19,79,56,-11,90,48,-15,96,43,-17,102,38,-19,78,65,-12,86,60,-17,91,55,-18,95,51,-20,M
51,110,0,49,100,-1,51,87,-2,56,80,-4,61,75,-6,51,82,-6,60,67,-9,66,59,-10,70,53,-11,54,85,-8,64,67,-11,69,58,-13,73,50,-13,58,91,-10,68,74,-13,72,65,-14,74,58,-14,62,98,-12,72,89,-14,73,90,-13,71,91,-12,61,68,0,61,55,-4,66,43,-7,71,34,-10,74,25,-13,78,42,-8,88,35,-13,94,30,-17,99,25,-19,79,48,-10,90,41,-14,97,35,-18,103,30,-20,79,56,-11,89,49,-15,96,43,-18,102,38,-20,77,65,-13,86,60,-17,91,55,-19,96,51,-20,M
52,111,0,50,101,-1,52,88,-2,56,80,-4,61,75,-6,52,81,-6,61,67,-9,67,58,-10,70,52,-10,54,86,-8,64,68,-11,70,58,-12,74,50,-12,58,91,-10,68,75,-13,73,65,-14,75,57,-14,63,99,-11,73,89,-13,73,90,-12,72,93,-11,61,68,0,61,55,-4,66,43,-7,71,34,-9,75,25,-11,78,42,-7,88,35,-11,94,30,-15,99,25,-17,80,49,-8,91,41,-12,97,35,-15,103,30,-17,80,56,-9,91,49,-13,97,43,-15,102,39,-16,79,64,-11,87,59,-15,92,55,-16,96,50,-17,M
53,112,0,51,102,-1,52,89,-3,56,80,-5,62,75,-7,52,82,-6,61,67,-9,67,59,-11,71,53,-11,55,86,-8,65,68,-11,71,59,-12,74,51,-13,59,92,-10,69,74,-13,73,67,-13,75,61,-13,64,99,-12,74,89,-13,74,91,-12,72,93,-11,62,68,0,62,55,-4,67,43,-7,72,34,-9,75,25,-12,79,43,-7,89,36,-12,95,30,-15,100,26,-17,81,49,-8,92,42,-12,99,36,-15,104,31,-17,81,56,-9,91,50,-13,98,44,-15,103,39,-16,80,65,-11,88,60,-15,94,55,-16,98,51,-17,M
54,112,0,52,101,-1,53,88,-2,58,80,-4,63,76,-6,52,82,-5,61,67,-8,67,59,-9,71,54,-10,55,85,-7,65,68,-10,71,59,-11,75,52,-11,59,91,-9,69,75,-12,73,66,-13,76,59,-13,64,98,-11,74,89,-12,74,90,-11,73,92,-10,62,69,0,62,55,-5,67,43,-7,72,34,-9,76,26,-12,79,43,-7,89,36,-11,95,31,-14,101,27,-17,81,49,-8,92,43,-12,99,37,-15,105,32,-17,82,57,-9,92,51,-13,99,45,-15,104,41,-16,81,65,-10,89,60,-14,94,56,-15,99,52,-16,M
55,114,0,52,103,-1,53,90,-3,58,81,-4,63,77,-6,52,83,-6,62,68,-9,68,60,-11,72,54,-12,56,87,-8,66,69,-12,72,59,-13,75,51,-13,60,92,-10,70,75,-13,74,67,-14,76,58,-14,65,100,-12,75,90,-14,75,91,-12,73,94,-10,63,69,0,62,56,-4,67,43,-7,72,35,-9,76,26,-11,80,44,-7,89,37,-11,95,32,-14,100,27,-16,82,50,-8,93,43,-11,99,38,-14,104,33,-16,82,57,-9,93,51,-12,99,46,-14,104,42,-15,81,66,-10,90,61,-14,95,57,-15,100,52,-16,M
55,113,0,52,103,-1,54,90,-2,58,81,-4,63,76,-6,53,83,-5,62,68,-8,68,60,-10,71,54,-10,56,87,-8,66,69,-10,72,59,-11,75,52,-11,60,92,-10,70,75,-12,75,67,-13,77,60,-13,65,100,-12,75,90,-13,75,92,-12,73,95,-11,63,68,0,62,56,-4,67,44,-7,73,35,-9,77,26,-11,80,43,-6,90,37,-10,96,33,-13,101,29,-15,82,50,-7,93,44,-11,99,39,-13,104,35,-15,82,58,-8,93,52,-12,99,47,-14,104,43,-15,81,66,-10,90,61,-13,95,57,-14,100,53,-15,M
54,113,0,52,102,0,53,89,-2,57,80,-3,61,75,-5,53,83,-5,63,69,-8,68,60,-9,72,55,-10,56,87,-7,66,69,-10,72,59,-11,75,52,-11,60,92,-9,71,76,-12,75,67,-13,77,60,-13,65,100,-11,75,91,-12,75,92,-11,73,95,-10,63,69,0,63,56,-4,68,44,-7,73,35,-9,77,26,-11,80,44,-7,90,38,-11,96,33,-14,101,29,-16,83,51,-7,93,44,-11,100,39,-14,105,35,-16,83,58,-8,93,52,-12,100,47,-14,105,43,-15,82,67,-10,91,62,-13,96,58,-15,101,54,-15,M
55,113,0,53,103,-1,54,90,-3,58,81,-5,62,75,-7,54,83,-6,64,69,-9,70,61,-10,74,54,-11,56,87,-8,67,69,-11,72,60,-12,76,52,-12,60,93,-10,70,76,-12,75,68,-13,77,61,-14,65,100,-11,74,91,-13,75,92,-13,74,94,-12,64,69,0,63,57,-5,68,44,-8,73,35,-10,77,26,-12,80,44,-7,90,38,-12,96,33,-15,101,29,-17,83,51,-8,94,44,-12,100,39,-15,105,35,-17,84,58,-9,94,52,-12,100,47,-14,106,43,-16,83,67,-10,91,62,-13,97,58,-15,101,53,-16,M
54,112,0,52,102,-1,54,89,-3,59,81,-5,64,76,-7,53,83,-6,64,69,-9,70,61,-10,74,55,-11,56,86,-8,66,68,-11,72,59,-12,76,52,-12,60,92,-10,70,75,-13,74,67,-13,77,60,-14,64,99,-11,74,90,-13,75,91,-13,74,94,-12,63,69,0,63,57,-4,68,44,-7,73,35,-9,77,26,-11,80,44,-7,90,38,-11,96,33,-14,101,30,-16,83,51,-7,93,45,-11,100,40,-14,105,36,-16,83,58,-9,93,53,-12,100,48,-14,105,44,-15,82,67,-10,90,62,-13,95,58,-15,100,54,-15,M
55,112,0,52,101,-1,54,88,-3,59,79,-4,64,74,-6,53,82,-5,62,68,-9,68,59,-10,72,54,-11,56,86,-7,66,68,-11,71,59,-12,75,51,-12,59,92,-9,70,75,-12,74,66,-13,77,59,-13,64,99,-11,74,90,-13,75,91,-12,73,94,-11,63,69,0,63,57,-4,67,44,-7,73,35,-9,76,26,-12,80,44,-6,90,38,-11,96,33,-14,101,29,-16,82,51,-7,93,44,-11,100,39,-14,105,35,-16,83,58,-8,93,52,-12,100,47,-14,105,43,-15,81,67,-10,90,62,-13,95,58,-15,100,54,-15,M
54,112,0,52,102,-1,54,89,-3,60,82,-4,65,78,-6,52,83,-6,62,68,-9,67,60,-10,71,54,-11,55,87,-8,65,69,-11,71,60,-12,75,52,-12,59,92,-10,70,75,-13,74,67,-14,76,60,-13,64,99,-12,74,90,-13,75,92,-12,73,95,-10,63,68,0,63,56,-4,67,44,-7,72,35,-10,76,26,-12,80,44,-7,90,37,-11,96,32,-15,101,28,-17,82,50,-8,93,43,-12,100,38,-15,105,33,-17,82,57,-9,93,51,-13,99,46,-15,105,41,-16,81,66,-11,89,61,-14,95,57,-16,99,52,-17,M
54,112,0,51,102,-1,53,89,-2,58,81,-4,63,77,-6,52,83,-5,61,68,-8,67,59,-10,71,53,-10,55,86,-7,65,68,-10,70,58,-11,74,51,-11,59,92,-9,69,74,-12,73,66,-13,75,59,-13,63,99,-11,73,90,-13,73,92,-12,72,95,-11,63,70,0,62,56,-4,67,44,-7,72,35,-9,75,26,-12,79,44,-7,89,36,-11,95,31,-14,100,27,-16,81,50,-8,92,43,-12,99,37,-14,104,32,-16,81,57,-9,92,51,-13,98,45,-15,103,40,-16,80,66,-10,88,61,-14,94,56,-15,98,52,-16,M
53,112,0,51,102,-1,53,89,-2,57,80,-4,63,76,-5,51,82,-4,60,68,-7,65,59,-9,69,53,-9,54,86,-7,63,69,-9,69,59,-10,73,51,-11,57,91,-9,67,74,-12,72,66,-13,74,58,-13,62,98,-11,72,89,-12,73,91,-11,71,94,-10,62,69,0,61,56,-4,66,43,-7,71,35,-9,75,26,-12,78,43,-7,88,36,-12,94,30,-15,99,26,-17,80,49,-9,91,42,-13,98,36,-16,103,31,-18,80,56,-10,90,49,-14,97,44,-16,102,40,-17,79,65,-12,87,60,-15,92,55,-17,96,51,-18,M
51,113,0,50,102,-1,51,90,-3,56,82,-5,61,77,-6,50,83,-5,59,68,-9,64,60,-10,68,54,-11,53,87,-8,63,69,-11,69,60,-12,72,53,-12,57,92,-10,67,75,-13,71,68,-13,73,61,-13,62,99,-12,72,89,-14,72,90,-12,70,93,-11,62,69,0,61,56,-4,65,43,-7,70,34,-9,74,25,-11,77,42,-7,87,35,-11,93,30,-14,98,26,-16,79,48,-8,90,41,-12,96,35,-15,101,30,-16,79,56,-9,89,48,-13,95,43,-15,101,38,-16,78,64,-11,86,59,-14,91,55,-16,96,50,-17,M
51,112,0,49,102,-1,50,89,-2,54,80,-4,59,75,-6,50,83,-5,59,68,-8,64,60,-9,68,54,-10,52,86,-7,62,68,-10,67,59,-11,71,51,-11,56,91,-9,66,74,-12,70,66,-13,72,59,-13,61,98,-11,70,88,-13,70,90,-12,69,92,-11,61,67,0,60,55,-4,65,43,-7,70,34,-9,73,25,-12,77,42,-7,87,34,-12,93,29,-15,99,25,-17,78,48,-9,89,40,-13,97,34,-16,102,29,-18,78,55,-10,89,48,-14,95,42,-16,101,37,-18,77,64,-12,85,59,-16,90,55,-17,95,50,-18,M
50,112,0,48,102,-2,51,88,-4,56,80,-6,61,76,-8,49,82,-6,59,68,-9,64,59,-11,67,53,-12,52,86,-8,62,69,-11,67,59,-12,70,51,-13,55,92,-10,66,75,-13,69,69,-13,70,63,-13,60,98,-12,70,88,-13,69,90,-12,67,93,-11,60,68,0,59,55,-4,64,43,-6,69,34,-9,72,25,-11,76,42,-7,86,35,-11,92,29,-15,98,24,-17,77,48,-8,88,40,-12,96,34,-15,102,28,-17,77,55,-10,88,48,-14,94,42,-16,100,37,-17,76,63,-12,84,58,-15,89,54,-17,93,49,-18,M
50,114,0,48,103,-1,50,90,-3,54,81,-5,59,76,-7,48,83,-5,57,68,-9,62,60,-11,66,53,-12,50,86,-7,61,69,-11,66,59,-12,69,51,-13,54,91,-9,64,74,-13,68,66,-14,71,59,-14,59,98,-11,69,89,-13,68,91,-12,66,94,-11,59,68,0,59,55,-4,63,43,-7,68,34,-9,72,25,-12,75,42,-8,85,34,-13,91,29,-16,97,24,-18,76,48,-9,87,40,-13,95,33,-16,101,28,-18,76,55,-11,87,47,-15,94,42,-17,100,37,-18,75,63,-12,83,58,-16,88,54,-18,92,49,-19,M
46,112,0,45,103,-2,47,91,-4,52,83,-7,57,78,-9,45,83,-6,54,68,-10,60,60,-12,63,54,-14,47,86,-8,57,68,-12,62,59,-13,66,51,-14,50,91,-11,60,74,-14,64,68,-15,65,62,-15,54,98,-13,65,88,-15,65,90,-14,62,93,-13,55,69,0,55,56,-4,60,44,-6,64,35,-8,68,25,-11,71,43,-7,81,34,-12,87,28,-15,93,23,-17,72,48,-9,83,39,-13,90,33,-16,96,27,-19,72,55,-10,82,47,-15,89,42,-17,95,36,-19,71,64,-13,78,59,-17,83,54,-18,87,50,-20,M
46,113,0,44,103,0,44,90,-2,45,81,-3,45,75,-5,44,83,-5,52,69,-8,57,60,-10,60,54,-10,46,86,-7,56,69,-11,61,60,-11,64,52,-11,49,92,-10,59,75,-13,63,66,-14,65,58,-14,54,99,-12,63,88,-14,63,90,-12,62,93,-11,54,69,0,54,56,-4,59,43,-6,64,34,-9,68,25,-11,70,42,-8,80,34,-12,86,28,-16,92,23,-18,71,48,-9,82,39,-14,90,32,-16,96,27,-18,71,55,-11,81,47,-15,88,42,-17,93,37,-19,70,64,-13,77,59,-17,82,54,-19,86,49,-20,M
44,112,0,42,101,-1,43,89,-3,46,81,-5,50,76,-8,43,82,-6,52,67,-10,57,59,-12,61,53,-13,45,86,-9,55,68,-13,61,59,-14,64,51,-14,48,91,-11,58,75,-15,61,68,-15,62,62,-15,53,98,-13,62,88,-15,62,90,-14,60,93,-13,54,69,0,54,56,-4,58,43,-6,63,34,-9,66,25,-11,69,42,-7,79,34,-12,85,28,-15,91,23,-17,71,48,-9,82,38,-13,89,32,-16,96,26,-18,71,55,-11,80,46,-15,87,41,-17,92,36,-18,69,63,-13,76,58,-16,81,53,-18,85,49,-19,M
43,112,0,41,102,0,43,90,-1,46,82,-3,48,77,-5,43,82,-5,52,68,-8,57,59,-10,60,52,-10,45,85,-7,54,68,-11,59,58,-12,63,50,-12,48,91,-10,57,73,-14,61,66,-14,63,58,-14,52,98,-12,62,88,-14,62,90,-12,60,94,-10,53,69,0,53,56,-4,58,43,-6,62,34,-9,66,25,-11,69,42,-7,78,34,-12,84,28,-15,90,23,-17,70,47,-9,81,38,-13,88,31,-16,95,26,-18,70,54,-10,80,46,-14,86,41,-17,91,36,-18,69,63,-12,75,58,-16,80,54,-18,84,49,-19,M
43,113,0,41,102,0,42,90,-2,43,81,-3,44,75,-5,42,82,-4,50,68,-8,55,60,-9,59,53,-10,44,85,-7,53,69,-10,58,59,-11,62,51,-11,47,91,-9,57,74,-13,61,66,-14,63,58,-14,51,98,-11,61,89,-13,61,91,-12,59,93,-11,52,69,0,53,56,-4,57,43,-7,62,34,-9,65,25,-12,68,43,-8,78,34,-13,84,28,-17,89,23,-19,69,48,-10,80,38,-14,87,32,-17,94,26,-20,69,55,-12,78,47,-16,85,41,-18,90,36,-19,67,64,-14,74,59,-17,78,54,-19,83,49,-20,M
42,112,0,41,103,-1,42,91,-3,45,83,-5,48,78,-7,41,83,-5,50,68,-9,55,59,-11,59,52,-11,43,86,-8,54,68,-12,59,59,-13,62,50,-13,47,91,-10,57,74,-14,60,67,-14,62,60,-14,51,99,-12,61,88,-14,61,90,-12,58,93,-11,52,70,0,52,57,-4,57,44,-6,61,34,-8,65,25,-11,67,43,-7,77,34,-12,83,28,-16,89,23,-18,69,48,-9,79,38,-14,87,31,-16,93,26,-18,68,55,-11,78,46,-15,84,41,-17,90,36,-19,67,64,-13,74,58,-17,78,53,-19,82,49,-19,M
42,112,0,40,102,0,41,90,-2,44,82,-4,47,77,-5,41,83,-5,50,68,-8,55,59,-10,59,52,-11,43,86,-7,53,68,-11,58,58,-12,62,49,-12,46,91,-10,56,73,-14,60,65,-14,63,58,-14,51,99,-12,60,88,-14,60,91,-12,58,95,-10,52,70,0,52,57,-4,56,44,-6,60,34,-9,64,25,-11,67,42,-7,77,33,-12,83,28,-15,88,23,-18,68,48,-9,79,38,-13,86,31,-16,92,26,-18,68,55,-11,78,46,-15,84,41,-17,89,36,-18,67,64,-13,73,58,-17,78,54,-18,82,49,-19,M
44,113,0,41,103,-1,40,92,-3,40,83,-5,41,77,-7,41,83,-5,50,68,-9,55,59,-10,58,52,-11,43,86,-7,53,69,-11,58,59,-12,61,51,-12,47,91,-9,56,74,-13,60,66,-14,62,58,-14,51,99,-11,60,88,-13,60,91,-12,58,94,-10,51,70,0,51,57,-4,56,44,-6,60,34,-8,64,25,-11,67,43,-7,76,34,-12,83,28,-15,88,23,-18,68,48,-9,78,38,-14,86,32,-16,92,26,-18,67,55,-11,77,47,-15,83,41,-17,89,36,-18,66,64,-13,73,59,-17,77,54,-18,81,50,-19,M
42,113,0,40,102,-1,41,91,-4,45,83,-7,50,78,-10,40,84,-8,50,69,-12,56,61,-14,59,54,-16,43,87,-10,53,69,-15,59,60,-16,62,52,-16,46,92,-12,56,77,-16,57,78,-15,56,77,-13,51,99,-14,61,88,-17,60,91,-14,57,95,-13,52,70,0,52,57,-4,56,43,-7,60,34,-9,64,25,-12,67,42,-8,76,33,-13,82,28,-16,88,23,-19,68,48,-10,78,38,-14,86,31,-17,92,26,-19,68,55,-11,77,46,-16,83,41,-18,89,36,-19,66,63,-13,73,58,-17,77,54,-19,81,49,-20,M
41,112,0,40,102,0,41,90,-2,44,82,-4,48,78,-6,40,83,-5,49,67,-9,55,58,-10,58,52,-11,42,85,-8,52,67,-12,57,57,-13,61,49,-13,46,91,-10,55,73,-14,59,65,-15,62,57,-15,50,98,-12,60,88,-14,60,91,-12,58,94,-11,51,69,0,51,56,-4,55,44,-7,60,34,-9,64,25,-12,66,43,-8,76,34,-13,82,28,-17,87,23,-19,68,48,-10,78,38,-15,85,31,-17,92,26,-20,67,55,-12,77,47,-16,83,41,-18,88,36,-20,66,64,-14,72,59,-18,77,54,-20,81,49,-21,M
40,113,0,38,103,-1,38,91,-2,40,83,-4,44,78,-6,40,83,-5,49,68,-8,54,59,-9,58,52,-10,42,86,-7,52,68,-11,58,58,-12,61,50,-12,46,92,-9,55,74,-13,60,66,-14,62,58,-14,50,99,-11,60,89,-13,60,91,-11,58,95,-10,53,71,0,52,57,-4,56,44,-7,60,34,-9,64,25,-12,66,43,-9,76,34,-14,82,28,-18,87,23,-20,68,48,-10,78,38,-15,85,32,-18,92,26,-20,67,55,-12,77,47,-17,83,41,-19,88,36,-21,66,64,-14,72,59,-18,77,54,-20,81,49,-21,M
65,65,0,64,52,-3,67,39,-4,71,31,-6,74,22,-8,78,35,-5,86,27,-9,91,21,-12,95,15,-14,80,39,-7,88,31,-11,94,24,-14,99,18,-16,79,45,-9,88,37,-12,93,31,-15,98,25,-16,78,52,-11,85,47,-14,89,41,-16,92,36,-17,52,116,0,60,109,-2,67,101,-5,75,96,-9,80,92,-12,58,83,-4,65,70,-8,70,61,-11,74,54,-13,57,84,-6,68,69,-11,75,59,-14,81,50,-15,58,88,-9,75,87,-14,75,95,-13,72,100,-11,61,94,-11,75,94,-14,75,99,-13,74,103,-11,N
65,65,0,63,52,-3,67,39,-5,71,31,-7,73,22,-9,78,35,-6,86,27,-10,91,21,-13,95,15,-15,79,39,-8,88,31,-12,93,24,-15,98,18,-17,79,45,-10,87,37,-14,93,31,-16,97,25,-18,77,52,-12,84,47,-16,88,42,-17,92,36,-19,54,119,0,61,111,-2,67,102,-5,75,97,-8,80,93,-11,57,83,-2,64,70,-6,69,62,-9,72,55,-10,56,84,-5,66,70,-9,72,61,-11,76,53,-12,57,88,-7,74,87,-12,74,96,-12,72,100,-10,60,94,-10,74,93,-12,75,99,-11,74,103,-9,N
65,65,0,63,52,-2,67,39,-4,70,31,-6,73,22,-9,78,35,-5,86,27,-10,91,21,-13,95,15,-15,79,39,-7,88,31,-11,94,24,-15,99,18,-17,79,45,-10,88,37,-13,93,31,-16,97,25,-18,77,52,-12,84,47,-16,88,41,-17,92,36,-19,53,117,0,59,109,-2,65,100,-4,74,95,-8,79,93,-11,56,83,-3,64,70,-7,69,61,-10,73,55,-11,56,84,-5,65,70,-9,71,61,-12,75,52,-13,57,88,-8,73,87,-12,74,94,-12,72,98,-11,61,94,-10,74,93,-12,75,98,-11,75,102,-9,N
65,65,0,63,52,-3,67,40,-5,70,31,-7,73,22,-9,77,35,-5,86,27,-10,90,21,-13,95,15,-15,79,39,-7,88,31,-11,93,24,-14,98,17,-17,79,45,-9,87,37,-13,93,31,-16,97,25,-17,77,52,-12,84,47,-15,88,41,-17,92,36,-18,52,117,0,56,108,-1,62,98,-4,71,94,-7,79,92,-11,55,83,-4,63,70,-7,69,62,-10,72,55,-11,55,85,-6,66,72,-10,71,64,-12,74,56,-13,57,89,-8,72,87,-12,73,94,-12,71,99,-11,60,94,-11,73,93,-13,75,98,-11,74,102,-10,N
65,65,0,63,53,-3,67,40,-5,70,31,-7,73,23,-9,78,36,-6,86,27,-10,90,20,-13,95,15,-16,79,39,-8,88,30,-12,93,23,-15,98,17,-17,78,45,-10,87,37,-14,93,30,-16,97,24,-18,77,53,-12,84,47,-16,88,41,-18,92,36,-19,51,116,0,56,108,-1,63,99,-4,71,95,-7,78,92,-11,54,82,-4,64,69,-7,69,61,-9,72,54,-11,54,85,-6,70,83,-11,70,92,-12,67,95,-13,56,89,-8,72,88,-12,72,96,-11,69,99,-10,59,95,-10,72,92,-12,74,98,-10,74,101,-9,N
65,65,0,63,52,-3,67,39,-5,70,31,-7,73,22,-9,78,35,-6,86,27,-10,91,21,-13,95,15,-15,79,39,-8,88,31,-12,93,24,-15,98,17,-17,78,45,-10,87,37,-14,93,31,-16,97,25,-18,77,53,-12,84,47,-16,88,42,-18,92,36,-19,53,118,0,59,110,-1,65,100,-4,72,95,-7,77,91,-11,54,83,-3,63,69,-6,68,61,-8,71,55,-10,53,85,-5,67,81,-10,68,87,-12,65,90,-12,55,88,-7,71,87,-12,72,95,-11,69,98,-10,59,93,-10,72,92,-12,73,98,-10,72,101,-8,N
66,63,0,64,51,-3,67,39,-5,71,31,-7,74,22,-9,78,35,-5,86,26,-9,91,19,-13,95,14,-15,80,38,-7,89,29,-11,94,22,-14,99,16,-16,80,44,-9,88,35,-13,94,29,-16,99,23,-17,78,51,-11,85,46,-15,90,40,-17,93,35,-18,53,116,0,59,106,0,65,98,-2,71,93,-6,76,90,-9,53,82,-2,61,68,-5,66,61,-7,70,54,-8,52,84,-5,67,82,-9,68,90,-11,65,94,-11,54,87,-7,70,87,-11,70,95,-10,68,98,-8,58,91,-9,70,90,-11,72,96,-9,71,99,-7,N
66,63,0,64,51,-3,68,38,-5,71,30,-7,74,22,-9,78,34,-5,86,26,-9,91,20,-12,95,14,-15,80,38,-7,89,29,-11,94,23,-14,99,16,-16,80,43,-9,89,35,-13,94,29,-15,98,23,-17,79,51,-11,86,45,-15,90,40,-16,93,34,-18,53,115,0,59,106,-1,65,98,-3,71,93,-7,76,90,-10,53,82,-3,61,68,-6,66,61,-8,70,54,-10,52,83,-5,67,81,-10,68,89,-12,65,93,-13,54,87,-8,70,86,-12,70,94,-11,67,98,-10,57,91,-10,70,90,-12,72,95,-10,71,98,-8,N
65,63,0,64,50,-3,67,38,-5,71,30,-7,74,22,-9,78,34,-5,86,26,-10,91,20,-13,95,14,-15,80,38,-7,88,30,-11,94,23,-15,99,16,-17,80,44,-9,88,36,-13,93,30,-16,98,24,-17,78,51,-11,85,46,-15,89,40,-17,93,34,-18,54,116,0,61,108,-1,66,99,-3,72,94,-7,75,89,-10,53,83,-3,61,69,-6,66,61,-9,70,54,-11,52,84,-5,68,82,-10,70,90,-12,68,95,-13,53,88,-7,70,86,-12,71,95,-11,69,99,-9,57,92,-10,70,90,-11,72,95,-10,72,99,-8,N
66,62,0,64,50,-3,67,38,-5,71,30,-7,73,22,-9,78,34,-6,86,26,-10,91,19,-13,95,14,-15,80,38,-8,88,29,-12,94,22,-15,99,16,-17,79,43,-10,88,35,-14,94,29,-16,98,23,-18,78,51,-12,85,45,-16,89,40,-17,92,34,-19,55,116,0,60,108,0,66,99,-3,72,93,-6,76,90,-9,53,83,-3,61,69,-6,66,61,-8,70,54,-10,52,84,-5,68,83,-10,70,91,-12,68,96,-12,54,88,-7,70,87,-11,71,96,-11,69,100,-10,58,92,-9,70,90,-11,73,96,-9,73,100,-8,N
65,63,0,64,51,-3,67,38,-5,71,30,-7,73,22,-9,78,34,-6,86,26,-10,91,20,-13,95,14,-16,79,38,-7,88,30,-12,94,23,-15,99,17,-17,79,43,-9,88,36,-13,93,30,-16,98,24,-18,78,51,-12,85,46,-15,89,40,-17,92,34,-19,54,116,0,59,107,0,65,98,-3,72,93,-6,76,89,-9,53,82,-2,61,68,-5,66,60,-7,70,54,-9,52,83,-5,68,82,-9,70,91,-11,67,95,-12,55,87,-7,71,86,-11,71,95,-11,69,99,-9,58,92,-9,71,89,-11,73,95,-9,73,99,-7,N
65,62,0,63,50,-3,67,38,-4,71,30,-6,74,22,-8,78,34,-5,86,25,-9,91,19,-12,95,14,-15,79,38,-7,88,29,-11,94,22,-14,99,16,-16,80,43,-9,88,35,-13,94,29,-15,99,23,-17,78,50,-11,85,45,-15,89,40,-17,93,34,-18,55,114,0,61,106,0,67,98,-3,73,93,-6,76,89,-10,53,81,-3,62,67,-6,67,60,-8,71,53,-10,53,83,-5,67,80,-10,69,88,-12,67,93,-13,55,86,-8,71,85,-12,72,93,-11,69,97,-9,58,90,-10,71,88,-11,73,94,-10,72,98,-8,N
65,63,0,63,50,-3,67,38,-5,71,30,-7,74,21,-9,78,34,-5,86,26,-9,91,19,-13,95,14,-15,79,38,-7,88,29,-11,94,22,-14,99,16,-17,79,43,-9,88,35,-13,94,29,-15,99,23,-17,78,51,-11,85,45,-15,89,40,-17,93,34,-18,54,114,0,59,105,-1,65,96,-3,73,91,-7,77,89,-10,54,80,-3,62,67,-6,67,59,-8,71,52,-9,53,82,-5,68,80,-10,70,89,-11,67,93,-12,56,85,-7,71,85,-11,72,93,-10,70,97,-9,59,90,-9,72,88,-11,74,94,-9,74,97,-8,N
64,63,0,63,50,-3,67,38,-5,71,30,-6,74,22,-9,77,34,-5,86,26,-9,91,19,-12,95,14,-15,79,38,-7,88,30,-11,94,23,-14,99,17,-16,79,43,-9,88,36,-13,93,30,-15,98,24,-17,78,51,-11,85,45,-15,89,40,-17,92,34,-18,54,112,0,59,104,0,65,95,-3,72,90,-6,78,87,-9,54,80,-3,63,65,-6,68,58,-8,71,51,-9,54,81,-5,69,78,-9,69,86,-11,66,89,-11,57,84,-7,72,83,-11,72,91,-10,69,94,-9,61,88,-9,73,87,-11,74,93,-9,72,95,-7,N
64,63,0,63,50,-2,67,38,-4,71,30,-6,73,22,-8,77,34,-4,85,26,-8,90,20,-11,95,14,-14,79,38,-6,88,30,-10,93,23,-13,98,17,-15,79,43,-8,88,35,-12,93,29,-14,98,23,-16,78,50,-11,84,45,-14,88,40,-16,92,34,-17,55,111,0,63,103,-1,69,95,-4,75,89,-7,79,85,-10,55,78,-3,64,64,-5,69,56,-7,72,49,-9,55,79,-5,69,76,-9,70,84,-11,67,87,-11,57,82,-7,73,81,-10,73,89,-10,70,92,-8,61,86,-9,73,85,-10,74,91,-9,72,94,-7,N
65,64,0,63,51,-3,67,39,-5,71,30,-6,73,22,-8,77,35,-5,85,26,-9,90,20,-12,94,14,-14,79,38,-7,87,29,-11,93,23,-14,97,17,-16,79,44,-9,87,35,-13,92,29,-15,97,23,-16,78,51,-11,84,46,-14,88,40,-16,91,35,-17,55,110,0,63,102,-1,69,93,-3,75,87,-6,80,83,-9,56,76,-2,64,63,-5,69,55,-7,73,47,-9,56,77,-4,71,75,-8,72,83,-10,70,87,-11,58,80,-6,74,80,-10,74,88,-9,71,91,-8,62,84,-8,74,84,-10,75,90,-8,73,93,-7,N
64,64,0,63,52,-2,67,39,-4,70,30,-6,73,22,-8,77,35,-5,85,26,-9,89,20,-11,93,15,-14,78,38,-6,87,29,-10,92,23,-13,97,17,-15,78,44,-9,87,35,-12,92,29,-14,96,24,-15,77,51,-11,84,46,-14,88,40,-15,91,35,-16,55,108,0,63,99,-1,70,90,-3,77,85,-6,81,81,-9,57,73,-2,65,61,-5,70,53,-7,74,46,-9,57,74,-4,72,73,-9,74,81,-10,71,86,-11,59,77,-6,74,77,-10,74,86,-9,71,89,-8,63,82,-9,75,82,-10,76,88,-8,74,91,-7,N
64,64,0,63,51,-3,67,39,-4,70,30,-6,73,22,-8,77,34,-5,85,26,-9,89,20,-12,93,14,-14,78,38,-7,87,29,-10,92,23,-13,97,17,-15,78,44,-9,87,35,-12,92,29,-14,96,24,-16,78,51,-11,84,45,-14,88,40,-16,91,34,-17,55,108,0,61,98,0,68,89,-2,75,84,-5,81,81,-8,57,73,-1,65,61,-3,70,53,-5,74,46,-7,57,74,-3,72,73,-8,73,81,-9,71,87,-10,59,78,-6,74,78,-9,74,86,-9,72,91,-7,63,82,-8,75,82,-10,76,88,-8,75,92,-6,N
63,63,0,63,51,-2,66,39,-4,70,30,-6,73,22,-8,76,35,-5,84,26,-9,89,20,-11,93,14,-14,78,38,-6,86,30,-10,92,23,-13,96,17,-15,78,44,-9,86,35,-12,91,29,-14,96,24,-15,77,51,-11,83,45,-14,87,40,-15,90,35,-16,56,106,0,64,97,0,71,89,-2,77,83,-5,81,79,-8,57,72,-1,66,59,-4,71,51,-6,74,44,-7,57,72,-3,72,72,-8,75,81,-9,72,86,-10,59,75,-6,75,76,-9,75,84,-9,73,89,-7,63,79,-8,75,80,-9,76,86,-8,76,89,-6,N
63,62,0,63,50,-2,67,39,-4,70,30,-6,72,22,-8,77,35,-5,84,26,-8,89,20,-11,92,14,-13,78,38,-6,87,29,-10,92,22,-13,96,16,-15,78,43,-9,86,35,-12,91,29,-14,95,23,-15,77,50,-11,83,45,-14,87,39,-15,90,34,-16,57,105,0,65,96,0,71,88,-2,77,82,-5,81,78,-7,58,70,0,66,58,-2,71,49,-5,74,42,-6,57,70,-2,73,70,-7,75,79,-9,72,84,-9,60,73,-5,75,74,-9,76,82,-8,73,87,-7,63,78,-7,76,78,-9,78,84,-7,77,88,-6,N
64,63,0,63,51,-3,67,39,-4,70,31,-6,72,22,-9,76,35,-5,84,26,-9,89,20,-12,93,14,-14,78,38,-7,86,29,-11,92,22,-14,96,15,-16,78,44,-9,86,35,-13,91,28,-15,95,23,-16,77,51,-11,83,45,-14,87,40,-16,89,34,-17,56,103,0,64,94,0,71,86,-2,78,80,-5,82,77,-7,58,69,0,66,56,-3,71,48,-5,75,41,-7,57,69,-3,73,68,-7,74,76,-9,72,81,-9,60,72,-5,75,72,-9,76,80,-8,74,84,-7,64,76,-7,76,76,-9,77,82,-7,77,86,-6,N
64,61,0,63,50,-2,67,38,-4,70,30,-6,72,22,-8,77,34,-5,84,25,-9,89,19,-12,93,13,-14,78,37,-7,86,28,-10,92,21,-13,96,15,-15,78,43,-9,86,34,-12,91,28,-14,95,22,-15,77,50,-11,83,44,-14,87,39,-15,89,34,-16,57,103,0,65,94,0,71,85,-2,78,79,-4,82,76,-7,58,68,1,66,56,-2,71,47,-4,75,40,-6,58,68,-2,73,67,-6,74,76,-8,71,80,-9,60,71,-5,76,71,-8,76,79,-8,73,82,-7,64,75,-7,77,76,-9,78,82,-7,76,84,-6,N
63,61,0,63,50,-2,67,38,-4,70,30,-6,72,22,-8,77,34,-4,84,25,-8,89,18,-11,93,13,-13,78,37,-6,87,28,-10,92,21,-12,96,15,-14,79,42,-8,86,33,-12,91,27,-14,95,21,-15,78,50,-10,83,44,-13,87,38,-15,90,33,-16,57,103,0,64,93,0,70,84,-1,77,79,-4,82,76,-6,58,68,1,66,55,-1,72,47,-3,75,40,-4,58,68,-2,73,66,-6,75,75,-7,72,80,-8,60,71,-4,76,70,-8,76,78,-7,74,82,-6,64,74,-7,77,75,-8,78,82,-7,76,85,-5,N
64,61,0,64,50,-3,67,38,-5,70,30,-7,73,22,-9,77,34,-5,85,25,-9,89,19,-11,93,14,-13,79,37,-6,87,28,-10,93,21,-12,97,15,-14,80,43,-8,88,34,-11,92,28,-13,96,22,-15,79,50,-10,85,44,-13,88,39,-14,91,33,-15,58,103,0,65,93,0,71,85,-2,78,79,-5,82,75,-7,58,68,1,66,55,-2,72,47,-4,76,40,-5,58,68,-2,73,66,-6,75,75,-8,72,80,-8,61,70,-4,76,70,-8,77,78,-7,74,82,-6,65,74,-7,77,75,-8,78,81,-7,77,84,-5,N
64,62,0,64,50,-3,67,39,-4,70,30,-6,73,22,-8,77,34,-4,85,25,-8,90,19,-11,94,14,-13,79,38,-6,87,28,-10,93,22,-12,97,16,-14,80,43,-8,88,34,-11,92,28,-13,96,22,-15,79,50,-10,85,44,-13,88,39,-14,91,34,-15,58,103,0,66,93,0,71,84,-2,77,78,-5,81,75,-7,57,68,1,66,55,-2,71,47,-4,75,39,-6,57,68,-1,72,66,-7,74,74,-9,72,79,-9,60,70,-4,75,70,-8,76,78,-8,73,82,-7,64,73,-7,76,74,-8,77,81,-7,76,84,-6,N
64,61,0,64,50,-3,67,39,-4,70,30,-6,73,22,-8,78,34,-5,85,25,-8,90,19,-11,94,14,-13,79,38,-6,88,28,-10,93,22,-12,97,15,-14,80,43,-8,88,34,-11,92,28,-13,96,23,-15,79,50,-10,85,44,-13,88,39,-14,91,34,-15,58,103,0,66,94,0,71,85,-2,77,78,-5,81,75,-8,58,68,0,66,55,-3,71,47,-5,75,39,-6,57,68,-2,72,65,-7,74,73,-9,72,77,-9,60,70,-4,75,70,-9,76,78,-8,73,82,-7,63,73,-7,76,74,-8,77,80,-7,76,84,-6,N
64,62,0,64,50,-3,67,39,-5,70,30,-6,73,22,-9,78,34,-4,85,26,-8,90,20,-11,94,14,-13,79,38,-6,88,29,-9,93,22,-12,97,16,-14,80,43,-8,88,35,-11,93,29,-13,97,23,-14,79,50,-10,85,44,-13,89,39,-14,91,34,-15,56,103,0,63,93,0,69,84,-2,76,78,-5,81,75,-7,56,69,1,65,56,-2,70,47,-4,74,40,-6,57,68,-1,71,65,-6,73,73,-8,71,78,-9,60,69,-4,75,69,-8,75,78,-8,72,81,-7,64,72,-7,76,74,-8,76,80,-7,74,83,-6,N
65,62,0,64,50,-3,68,38,-5,71,30,-7,74,22,-9,78,34,-5,86,26,-9,91,19,-12,95,14,-15,80,38,-7,89,29,-11,94,22,-14,99,16,-16,80,44,-9,89,35,-12,94,29,-15,98,23,-16,79,51,-11,85,45,-14,89,40,-16,93,35,-17,56,103,0,64,93,0,69,84,-2,76,77,-5,80,74,-8,56,68,1,65,55,-2,70,47,-5,73,39,-7,56,68,-2,71,66,-7,73,75,-9,70,79,-10,58,69,-5,74,70,-9,74,78,-9,71,82,-7,62,73,-7,75,74,-9,75,80,-8,73,83,-6,N
65,62,0,64,51,-3,67,39,-5,71,31,-7,73,22,-10,78,34,-5,86,26,-9,90,19,-12,94,14,-15,80,38,-7,88,29,-11,93,22,-14,98,16,-16,80,44,-9,88,35,-12,93,29,-14,97,23,-16,79,51,-11,85,45,-14,89,40,-16,92,35,-17,57,103,0,65,94,-1,70,85,-3,75,78,-6,79,73,-9,56,69,0,65,56,-4,70,47,-6,73,39,-7,56,68,-2,66,59,-6,68,55,-8,68,50,-9,58,69,-5,74,68,-9,74,77,-9,71,81,-8,62,72,-7,75,74,-9,75,80,-8,74,83,-7,N
64,62,0,64,51,-3,67,39,-5,71,31,-7,73,22,-9,78,34,-5,85,26,-9,90,19,-12,94,14,-14,79,38,-6,88,29,-10,93,23,-13,98,17,-15,80,44,-8,88,35,-12,93,29,-14,97,23,-15,79,51,-10,85,45,-13,88,40,-15,91,35,-16,56,103,0,65,94,0,70,85,-2,76,78,-5,79,73,-8,56,68,0,64,56,-3,69,47,-5,73,39,-7,56,68,-2,71,66,-7,72,75,-9,70,80,-10,58,70,-4,74,70,-9,74,78,-9,71,82,-8,62,73,-7,75,74,-9,76,80,-8,74,83,-7,N
64,61,0,63,51,-3,67,39,-5,71,31,-7,73,23,-9,78,34,-5,85,25,-9,90,19,-12,94,14,-14,79,38,-6,88,29,-10,93,22,-13,98,16,-15,80,44,-8,88,35,-12,93,29,-13,97,23,-15,79,51,-10,85,45,-13,88,40,-15,91,35,-15,57,102,0,65,93,-1,70,85,-3,76,78,-6,79,73,-8,56,68,-1,65,55,-4,69,45,-6,73,37,-8,56,67,-3,70,66,-8,72,74,-10,69,78,-11,58,69,-5,74,70,-10,74,78,-10,71,82,-8,62,72,-8,75,74,-10,76,81,-9,74,84,-8,N
65,62,0,64,51,-3,67,39,-5,70,31,-7,73,22,-9,78,34,-5,85,25,-9,90,19,-12,94,14,-14,79,37,-7,88,29,-10,93,22,-13,97,16,-15,80,43,-8,88,35,-12,92,29,-14,96,23,-15,79,50,-10,85,44,-13,88,39,-15,91,34,-16,56,103,0,65,94,-1,70,84,-3,76,78,-6,80,74,-8,56,68,0,65,54,-3,69,45,-5,73,37,-7,56,67,-2,70,65,-7,72,73,-9,71,77,-9,59,69,-4,74,69,-8,74,78,-8,72,82,-7,63,73,-7,75,74,-8,76,80,-7,75,83,-6,N
64,61,0,64,50,-3,67,39,-5,70,31,-7,73,22,-9,78,34,-5,85,26,-9,90,20,-12,94,14,-14,79,38,-7,88,29,-10,93,22,-13,97,16,-15,79,43,-8,88,34,-12,92,29,-13,96,23,-15,79,50,-10,85,44,-13,88,39,-15,91,34,-16,57,102,0,65,93,-1,71,84,-3,77,77,-6,81,74,-9,58,68,-1,66,54,-5,72,45,-7,75,38,-9,58,67,-4,73,65,-9,74,73,-10,72,76,-11,60,69,-6,75,70,-10,75,78,-10,72,81,-8,64,73,-8,76,74,-10,77,80,-8,76,82,-7,N
64,61,0,64,50,-3,67,38,-5,70,31,-7,73,22,-9,77,34,-6,85,26,-10,90,19,-13,94,14,-15,79,38,-7,87,29,-11,93,22,-14,97,16,-16,79,44,-9,87,35,-13,92,29,-15,96,23,-16,78,51,-11,84,45,-15,87,39,-16,90,35,-17,58,103,0,66,94,-1,72,85,-3,78,78,-6,82,73,-9,59,68,0,67,55,-3,72,46,-6,76,39,-7,59,67,-2,68,54,-5,72,45,-7,75,37,-8,60,69,-4,76,67,-8,77,76,-9,75,80,-7,64,73,-7,76,73,-9,78,79,-8,77,83,-6,N
64,61,0,64,49,-3,67,38,-5,70,30,-7,73,22,-9,78,34,-5,85,25,-9,90,19,-12,94,14,-14,79,38,-7,87,29,-11,93,22,-13,97,16,-15,79,43,-9,87,35,-12,92,29,-14,96,23,-16,78,50,-11,84,45,-14,87,39,-15,90,34,-16,57,103,0,65,93,-1,71,84,-3,77,77,-6,82,73,-9,59,68,0,67,55,-3,73,46,-6,78,40,-7,59,67,-2,68,55,-6,73,48,-7,75,41,-8,60,69,-4,76,67,-8,77,76,-9,75,80,-7,64,73,-7,76,73,-8,78,79,-7,77,82,-6,N
65,62,0,64,50,-3,67,39,-5,70,31,-7,72,22,-9,77,35,-6,85,26,-10,89,19,-13,93,14,-15,78,38,-8,87,29,-11,92,22,-14,97,16,-16,78,44,-10,86,35,-13,92,29,-15,96,23,-17,77,51,-12,84,45,-15,87,39,-16,90,34,-17,58,101,0,67,93,-1,73,84,-3,79,78,-6,82,73,-9,59,67,-1,68,53,-4,73,45,-7,77,37,-8,59,67,-3,71,60,-7,73,59,-9,73,55,-9,61,69,-6,77,69,-10,77,77,-9,75,81,-8,65,73,-8,77,74,-10,79,80,-8,78,83,-7,N
64,61,0,63,50,-2,67,39,-4,70,31,-6,72,23,-8,77,35,-5,85,26,-9,89,19,-12,93,14,-14,78,38,-7,86,29,-11,92,22,-13,96,17,-15,78,44,-9,85,35,-12,91,29,-14,95,24,-16,76,51,-12,82,45,-15,85,40,-16,88,35,-17,58,101,0,66,91,0,72,83,-3,78,77,-6,83,74,-9,60,66,-1,69,53,-4,74,45,-7,79,37,-8,59,66,-3,73,61,-7,75,64,-9,73,63,-10,61,69,-6,77,69,-10,78,77,-10,75,81,-8,65,73,-8,78,74,-10,79,80,-9,78,83,-7,N
64,62,0,63,50,-2,67,38,-5,70,30,-7,72,22,-9,77,35,-6,84,26,-10,89,19,-13,92,14,-15,78,38,-8,86,29,-12,91,22,-14,96,17,-16,77,44,-10,85,35,-13,90,29,-15,95,24,-17,76,51,-12,82,45,-15,86,40,-17,89,35,-18,57,101,0,66,93,-1,73,85,-4,79,79,-7,83,73,-10,60,67,-1,70,53,-6,76,44,-8,81,37,-10,60,66,-4,73,54,-8,79,45,-10,84,36,-11,62,69,-6,78,68,-10,78,76,-10,76,81,-9,65,73,-9,78,74,-11,79,80,-9,78,84,-7,N
65,62,0,63,50,-2,67,39,-5,69,31,-7,72,23,-9,76,34,-6,84,25,-10,88,19,-13,92,13,-16,77,38,-8,85,29,-12,91,22,-15,96,16,-17,77,43,-10,85,35,-13,90,29,-15,94,23,-17,76,51,-12,82,45,-15,85,40,-17,88,34,-18,57,101,0,65,92,0,71,84,-3,78,78,-6,84,74,-9,61,67,-1,70,53,-5,77,44,-7,82,37,-9,60,66,-4,71,52,-8,77,42,-10,80,33,-11,62,68,-7,78,67,-11,79,76,-10,77,81,-9,65,73,-10,78,73,-11,79,80,-10,78,84,-7,N
64,62,0,63,50,-2,66,39,-4,69,31,-7,71,22,-9,76,35,-6,84,25,-11,89,19,-14,93,13,-16,77,38,-8,85,29,-12,91,21,-15,96,15,-17,77,44,-11,85,35,-14,90,29,-16,94,23,-18,75,51,-13,81,45,-16,85,39,-17,88,34,-18,58,101,0,65,92,-1,72,84,-3,79,77,-7,83,74,-10,62,67,-2,71,53,-6,78,43,-8,83,36,-10,61,66,-4,72,51,-8,79,41,-11,85,32,-11,62,68,-7,78,68,-11,78,76,-11,77,81,-9,65,73,-9,78,74,-11,79,80,-10,78,84,-8,N
64,61,0,63,50,-2,66,38,-5,69,30,-7,72,22,-9,76,34,-6,84,25,-10,89,18,-13,93,13,-15,77,38,-8,86,28,-12,91,21,-15,96,15,-17,77,43,-10,85,34,-14,90,28,-16,94,22,-17,76,50,-12,82,44,-15,86,39,-17,89,34,-18,57,101,0,65,93,-1,71,84,-4,78,78,-8,83,74,-11,61,67,-3,72,52,-7,78,42,-10,84,35,-11,61,66,-5,73,51,-10,81,40,-13,87,31,-14,62,69,-8,78,68,-13,78,76,-12,76,81,-10,65,74,-10,78,74,-13,79,81,-11,78,84,-9,N
64,62,0,63,50,-2,66,38,-5,69,31,-7,71,22,-9,76,34,-6,84,25,-10,89,19,-13,93,13,-15,77,37,-7,85,28,-11,91,21,-14,96,14,-16,77,43,-10,85,34,-13,90,28,-15,94,22,-17,76,50,-12,82,44,-15,86,39,-16,89,34,-18,57,102,0,64,94,-1,71,84,-4,78,78,-8,83,74,-11,61,67,-3,72,52,-8,78,42,-11,84,35,-12,61,66,-6,73,49,-11,82,38,-14,88,28,-15,62,69,-8,78,68,-13,78,76,-13,75,81,-11,65,74,-11,79,75,-13,79,81,-11,77,85,-9,N
64,62,0,63,50,-2,66,39,-4,69,31,-7,72,22,-9,76,34,-6,84,25,-10,88,19,-13,92,13,-15,77,38,-8,86,28,-12,91,21,-15,96,15,-17,77,43,-10,85,34,-14,90,28,-16,94,22,-17,76,50,-12,82,45,-16,86,39,-17,89,34,-18,56,105,0,61,94,0,67,84,-2,76,80,-6,83,76,-10,60,68,-3,69,53,-8,76,43,-11,81,35,-12,60,68,-6,74,50,-12,83,38,-15,89,27,-17,62,71,-9,78,69,-14,77,77,-14,74,81,-12,65,76,-13,78,77,-15,78,83,-13,76,86,-10,N
64,63,0,63,51,-2,66,39,-4,69,31,-7,72,22,-9,76,34,-5,84,25,-9,88,19,-12,92,13,-15,77,38,-7,86,28,-11,91,21,-14,96,15,-16,77,43,-9,85,35,-13,90,28,-15,94,22,-16,76,51,-12,82,45,-15,86,39,-16,89,34,-17,56,107,0,62,96,0,68,86,-2,77,80,-6,82,78,-9,60,69,-2,70,53,-7,76,44,-10,81,36,-12,61,69,-6,73,52,-12,82,39,-15,88,29,-17,62,73,-9,78,71,-14,78,79,-13,75,84,-11,65,78,-13,78,78,-14,79,84,-12,77,87,-10,N
64,63,0,63,50,-2,66,38,-4,70,30,-6,72,22,-8,76,34,-5,84,25,-9,89,19,-12,92,13,-14,77,38,-7,86,29,-11,91,22,-14,96,16,-16,77,43,-9,86,35,-13,91,29,-15,95,23,-16,76,50,-12,82,45,-15,86,39,-16,89,34,-17,56,109,0,61,98,0,68,88,-2,76,82,-6,82,79,-10,59,71,-2,68,55,-7,73,46,-10,77,39,-12,60,71,-6,73,53,-11,81,41,-14,87,31,-15,61,74,-9,78,72,-14,78,81,-13,75,86,-10,65,80,-13,78,80,-14,78,86,-12,76,89,-9,N
64,63,0,63,51,-2,67,38,-4,70,30,-6,73,22,-8,77,35,-5,84,26,-10,89,19,-13,93,13,-15,78,38,-7,86,29,-12,91,22,-15,96,16,-17,78,44,-10,86,35,-13,91,29,-16,95,23,-17,76,51,-12,83,45,-15,86,39,-17,90,34,-18,57,111,0,64,100,0,71,89,-2,78,82,-5,82,80,-8,61,72,-1,70,56,-5,76,47,-7,81,40,-9,60,72,-4,71,56,-8,77,46,-11,81,37,-12,61,75,-7,77,73,-11,78,81,-11,75,86,-9,64,81,-11,77,80,-12,78,86,-10,76,89,-8,N
64,62,0,63,50,-3,67,38,-5,70,30,-7,73,22,-9,77,34,-6,84,25,-10,89,19,-13,93,14,-15,78,38,-7,86,29,-12,92,22,-14,96,16,-16,78,44,-10,86,35,-13,91,29,-16,95,23,-17,77,51,-12,83,45,-15,87,40,-17,90,34,-18,56,111,0,62,101,-1,69,90,-3,77,84,-6,82,80,-9,60,73,-2,71,57,-6,78,47,-9,83,39,-10,59,73,-4,70,62,-9,74,55,-11,76,48,-12,61,77,-7,77,75,-11,77,83,-11,74,87,-10,64,82,-10,77,82,-12,77,88,-10,74,90,-8,N
64,62,0,63,50,-2,67,38,-4,70,30,-6,73,22,-8,77,35,-5,84,26,-9,89,19,-12,93,14,-14,78,38,-7,86,29,-11,92,23,-13,96,17,-15,78,44,-9,86,35,-12,91,29,-15,96,23,-16,77,51,-11,83,45,-14,87,40,-16,90,35,-17,56,112,0,62,100,0,68,89,-2,77,82,-6,82,80,-9,59,73,-1,70,58,-5,77,48,-7,81,40,-9,59,74,-4,70,64,-8,72,62,-10,71,58,-11,61,77,-7,77,75,-11,77,83,-11,74,87,-9,64,82,-10,77,82,-11,77,88,-9,75,91,-8,N
63,62,0,63,50,-2,67,39,-5,70,30,-7,73,22,-9,77,35,-6,84,26,-10,89,19,-14,93,14,-16,78,39,-8,86,29,-12,92,22,-15,97,16,-17,77,44,-10,86,36,-14,91,29,-17,95,23,-18,76,52,-13,82,46,-16,86,40,-18,89,35,-19,56,111,0,63,100,0,69,89,-3,77,82,-6,82,80,-9,59,72,-1,70,57,-5,77,47,-8,82,39,-9,59,73,-4,68,60,-8,72,53,-10,73,44,-11,60,77,-7,76,75,-11,77,83,-11,74,87,-10,64,82,-10,77,81,-11,77,87,-10,75,90,-8,N
64,62,0,63,50,-2,67,38,-4,70,30,-6,73,22,-9,77,35,-6,84,26,-10,89,19,-13,93,14,-15,78,39,-8,86,29,-12,92,22,-15,96,16,-17,77,44,-10,86,36,-14,91,29,-16,95,23,-18,76,51,-12,83,46,-16,87,40,-17,90,35,-19,56,110,0,63,100,-1,70,90,-3,77,84,-7,82,81,-10,59,73,-2,69,58,-6,76,49,-9,80,41,-10,59,73,-4,71,66,-9,73,65,-11,72,61,-12,60,77,-7,76,76,-12,77,84,-11,75,87,-10,64,82,-10,77,82,-11,78,88,-10,76,91,-8,N
63,63,0,63,51,-2,67,39,-4,70,30,-6,73,22,-9,76,35,-6,84,26,-10,89,19,-13,93,13,-15,78,39,-8,86,30,-12,92,22,-15,96,16,-17,77,45,-10,86,36,-14,91,30,-16,95,24,-18,76,52,-12,82,46,-16,86,40,-17,89,35,-18,56,109,0,61,99,0,68,89,-2,76,83,-6,82,80,-9,59,72,-1,68,58,-5,74,48,-7,79,41,-8,59,73,-4,68,58,-8,73,48,-10,76,40,-11,60,76,-7,76,74,-11,77,82,-11,75,87,-9,64,82,-11,76,81,-12,77,87,-10,76,92,-8,N
64,63,0,63,51,-3,67,38,-4,70,30,-6,73,22,-8,76,34,-5,84,26,-9,89,19,-12,93,14,-14,78,38,-7,86,29,-11,92,22,-14,96,16,-16,78,43,-9,86,35,-13,91,29,-15,95,23,-16,77,51,-11,83,45,-15,86,40,-16,89,35,-17,56,109,0,63,98,0,69,88,-3,77,82,-6,82,80,-10,58,72,-2,67,58,-5,73,50,-8,76,43,-9,58,73,-4,72,70,-10,74,77,-11,71,80,-12,60,77,-7,76,76,-11,76,84,-10,73,88,-9,63,82,-10,76,81,-11,77,87,-10,75,91,-8,N
63,63,0,62,51,-2,66,39,-5,70,30,-7,73,22,-9,76,35,-6,84,26,-11,89,19,-14,93,14,-16,77,39,-8,86,30,-13,91,22,-16,96,16,-18,77,45,-11,85,36,-15,90,29,-17,95,23,-19,75,52,-13,81,47,-17,85,41,-18,89,35,-20,56,108,0,62,98,0,68,87,-2,76,82,-5,82,80,-8,58,72,-1,67,59,-4,72,50,-6,75,43,-8,58,74,-4,73,72,-9,74,80,-10,71,85,-11,60,77,-6,76,77,-11,76,85,-10,73,90,-8,64,82,-9,77,81,-11,77,88,-9,76,91,-7,N
64,63,0,63,51,-2,67,39,-4,70,30,-6,73,22,-8,76,35,-5,84,26,-9,89,19,-12,93,14,-15,78,38,-7,86,29,-11,91,22,-14,96,16,-16,77,44,-9,86,35,-13,91,29,-15,95,23,-17,76,51,-12,82,45,-15,86,40,-17,89,35,-18,56,108,0,61,97,0,68,88,-2,76,82,-5,82,80,-8,58,72,-1,67,59,-4,72,50,-6,75,43,-7,58,74,-4,73,72,-9,74,80,-10,71,85,-10,60,78,-7,76,77,-11,76,85,-10,73,90,-8,64,82,-9,76,81,-11,78,88,-9,76,92,-7,N
64,63,0,62,51,-3,66,39,-4,70,30,-6,72,22,-9,76,34,-6,84,26,-10,89,19,-13,93,14,-15,78,38,-7,86,29,-11,91,22,-14,96,15,-16,77,44,-9,86,35,-13,91,29,-15,95,23,-17,76,51,-12,83,46,-15,86,40,-17,89,34,-18,56,108,0,62,97,0,69,88,-2,76,82,-5,82,80,-8,58,72,-2,67,58,-4,72,50,-6,75,43,-8,58,73,-4,72,71,-9,73,78,-10,71,82,-10,60,77,-7,76,76,-11,77,85,-10,74,90,-8,63,82,-9,76,81,-11,78,87,-9,78,91,-7,N
64,64,0,63,51,-2,66,39,-4,70,31,-7,72,22,-9,76,35,-6,84,26,-10,88,19,-13,92,14,-15,77,38,-8,86,29,-12,91,22,-14,96,17,-16,77,44,-10,86,35,-13,91,29,-15,95,23,-17,76,51,-12,83,46,-15,86,40,-17,89,34,-18,56,108,0,64,98,-1,70,89,-3,77,83,-6,81,80,-9,58,72,-1,66,59,-4,71,50,-7,75,44,-8,57,73,-4,73,72,-9,74,81,-10,72,86,-11,59,77,-6,75,77,-10,76,85,-9,73,89,-8,63,82,-9,76,81,-10,78,86,-8,77,90,-7,N
63,63,0,62,51,-2,66,39,-4,70,31,-6,72,22,-8,76,35,-6,84,26,-10,88,20,-13,92,14,-15,77,39,-8,85,30,-12,91,23,-14,96,17,-16,77,45,-10,85,36,-13,90,30,-16,95,24,-17,76,52,-12,82,46,-16,86,40,-17,89,35,-18,55,108,0,61,98,-1,68,89,-3,76,84,-6,81,81,-10,58,73,-2,66,59,-5,71,50,-8,75,43,-10,57,74,-4,72,73,-10,73,81,-12,69,84,-12,59,78,-7,75,77,-11,75,85,-10,71,88,-9,63,82,-10,76,82,-11,76,88,-10,74,91,-8,N
63,64,0,62,52,-3,66,39,-5,69,31,-7,72,23,-9,76,35,-6,83,26,-11,88,19,-14,92,14,-16,77,39,-8,85,30,-13,91,22,-16,96,16,-18,77,45,-11,85,36,-15,90,30,-17,95,24,-19,75,53,-13,81,47,-17,85,41,-18,89,36,-20,55,108,0,63,100,-1,70,90,-3,77,84,-7,81,81,-10,57,73,-2,66,59,-5,71,51,-7,75,43,-9,57,74,-4,71,72,-10,72,80,-11,70,84,-12,59,78,-7,75,77,-11,75,85,-10,72,89,-8,62,83,-9,75,82,-11,76,88,-9,75,91,-7,N
63,65,0,62,52,-3,66,40,-5,69,31,-7,72,23,-10,76,36,-7,83,26,-12,88,19,-15,92,13,-17,76,39,-9,85,30,-14,91,22,-17,96,16,-19,76,45,-11,85,36,-15,90,30,-18,95,24,-19,75,53,-14,81,47,-18,85,41,-19,89,36,-20,56,109,0,62,99,-1,68,90,-3,76,84,-7,81,82,-10,58,74,-2,66,59,-5,72,51,-8,76,43,-9,57,75,-4,68,69,-9,69,73,-11,67,73,-12,59,78,-7,74,77,-11,75,85,-11,72,88,-9,63,82,-9,76,82,-11,76,88,-9,75,91,-8,N
63,64,0,62,52,-3,66,39,-5,69,31,-7,72,23,-10,75,35,-7,83,26,-11,88,19,-14,92,14,-16,77,39,-8,85,29,-13,91,22,-16,96,16,-18,76,45,-11,85,36,-14,90,29,-16,94,23,-18,75,53,-13,81,47,-16,85,41,-18,89,35,-19,55,110,0,61,100,0,68,90,-3,75,84,-6,81,81,-9,57,74,-2,66,60,-5,71,51,-7,75,43,-9,56,75,-4,70,72,-9,72,80,-11,69,84,-12,59,79,-7,74,77,-11,75,86,-10,72,90,-9,62,83,-9,75,82,-11,76,88,-9,75,92,-8,N
63,65,0,62,52,-3,66,40,-5,69,31,-8,72,23,-11,75,36,-7,83,26,-12,88,19,-16,93,14,-18,76,40,-9,85,30,-14,91,22,-18,96,16,-20,76,46,-12,84,36,-16,90,30,-19,94,23,-20,74,54,-14,81,48,-18,85,42,-20,88,36,-21,56,110,0,63,101,-1,69,91,-3,76,84,-7,81,81,-10,57,74,-2,66,60,-6,71,51,-8,75,43,-10,56,75,-5,72,74,-10,73,82,-12,71,87,-12,59,79,-7,75,78,-11,75,87,-10,72,91,-9,62,83,-9,75,82,-11,76,88,-9,75,92,-7,N
63,65,0,62,52,-3,66,40,-5,69,31,-8,72,23,-10,75,35,-7,83,26,-12,88,19,-15,93,13,-18,77,40,-9,85,29,-14,91,22,-17,96,16,-19,76,46,-11,84,36,-16,90,29,-18,94,23,-20,75,53,-14,81,47,-18,85,41,-19,88,36,-20,56,111,0,62,100,-1,68,90,-3,76,84,-6,81,82,-10,57,74,-2,66,59,-5,72,50,-8,76,42,-10,56,75,-5,72,74,-10,73,83,-12,71,88,-12,58,79,-7,74,78,-11,74,87,-10,72,91,-9,62,83,-10,75,82,-11,76,88,-9,75,92,-7,N
64,65,0,62,52,-3,66,39,-5,69,31,-7,72,23,-9,76,35,-6,83,26,-10,88,20,-13,92,14,-16,77,39,-8,85,30,-12,91,23,-15,96,17,-17,77,45,-10,85,36,-14,90,30,-16,94,24,-18,76,53,-12,82,47,-16,85,41,-18,89,35,-19,55,111,0,62,101,-1,69,91,-3,76,85,-7,81,82,-10,57,75,-2,66,60,-6,72,51,-8,76,43,-10,56,75,-4,70,72,-10,71,79,-12,69,82,-12,59,79,-7,74,78,-11,74,87,-11,72,90,-9,62,83,-9,76,83,-11,76,89,-10,74,92,-8,N
63,65,0,62,52,-3,66,40,-5,69,31,-7,72,23,-10,75,36,-7,83,26,-11,88,20,-14,92,14,-17,77,40,-9,85,30,-13,91,23,-16,96,17,-18,77,46,-11,85,36,-15,90,30,-17,94,24,-19,75,53,-13,82,47,-17,85,41,-18,89,36,-20,55,111,0,62,102,-2,69,92,-5,76,84,-9,81,82,-13,58,75,-3,68,60,-8,74,49,-11,79,41,-13,57,75,-5,68,62,-10,72,53,-13,76,43,-14,59,79,-8,75,77,-13,75,85,-13,73,90,-11,62,84,-10,75,83,-12,76,88,-11,75,92,-9,N
62,64,0,62,52,-3,66,40,-5,69,31,-7,72,23,-10,75,36,-7,83,26,-11,88,20,-15,92,14,-17,76,40,-9,85,30,-13,91,22,-16,96,16,-18,76,46,-11,85,36,-15,90,30,-17,94,24,-19,75,53,-13,81,48,-17,85,42,-19,88,36,-20,55,112,0,63,103,-1,69,93,-4,76,86,-7,80,82,-11,57,75,-2,66,61,-6,71,52,-9,75,44,-10,56,76,-4,71,73,-10,72,81,-12,69,85,-13,58,80,-7,74,78,-12,74,86,-11,71,90,-9,62,84,-9,75,83,-11,76,89,-10,74,92,-8,N
63,64,0,62,52,-3,66,40,-5,69,31,-7,72,23,-10,75,36,-7,83,27,-12,88,20,-15,92,14,-18,76,40,-9,85,30,-14,91,22,-17,96,16,-19,76,46,-12,85,36,-16,90,30,-18,94,24,-20,74,53,-14,81,48,-18,85,42,-20,88,36,-21,56,112,0,64,102,-1,70,93,-4,77,86,-8,81,82,-11,57,75,-2,66,60,-6,72,51,-9,76,43,-11,56,76,-5,70,73,-10,72,80,-12,69,83,-13,58,79,-7,74,78,-12,75,87,-11,72,91,-10,62,84,-9,75,83,-12,76,89,-10,75,93,-8,N
62,64,0,62,52,-3,66,39,-5,69,31,-8,72,23,-11,75,36,-8,83,26,-13,88,19,-16,92,14,-18,76,40,-10,85,30,-15,91,22,-18,96,15,-20,76,46,-12,84,36,-16,90,30,-19,94,24,-21,74,54,-14,81,48,-18,85,42,-20,88,36,-22,56,112,0,62,102,-1,69,92,-4,76,86,-8,80,83,-11,57,75,-2,66,60,-6,72,51,-9,76,43,-11,56,76,-5,70,73,-10,71,80,-13,68,83,-13,58,79,-7,74,78,-12,74,86,-11,71,90,-10,62,83,-9,75,83,-11,76,90,-10,74,93,-8,N
63,64,0,62,52,-3,66,40,-5,69,31,-8,72,23,-10,75,36,-7,83,26,-12,88,19,-16,92,13,-18,76,40,-9,85,29,-14,91,22,-17,97,15,-19,76,46,-12,84,36,-16,90,30,-18,95,24,-20,75,53,-14,81,47,-18,85,41,-20,88,36,-21,55,112,0,62,102,-1,68,92,-3,76,86,-7,81,83,-10,57,75,-2,66,59,-6,72,50,-8,76,42,-10,56,75,-4,69,71,-9,70,75,-12,68,76,-12,58,79,-7,74,78,-11,74,87,-11,71,90,-10,62,83,-9,75,83,-11,76,89,-9,74,93,-8,N
63,65,0,62,52,-3,65,40,-5,69,31,-8,72,23,-11,75,36,-7,83,26,-13,88,19,-16,92,13,-19,76,40,-10,85,30,-15,91,22,-18,96,15,-20,76,46,-12,84,36,-16,90,30,-19,95,23,-21,74,54,-15,80,48,-19,84,42,-20,88,36,-22,55,113,0,60,102,-1,66,90,-3,74,84,-7,80,82,-10,57,75,-2,66,60,-5,71,51,-8,75,43,-10,56,76,-5,71,73,-10,72,80,-12,69,84,-13,59,79,-7,75,78,-12,74,87,-11,71,91,-9,62,84,-10,75,83,-12,76,90,-10,74,93,-8,N
63,65,0,62,52,-3,65,39,-5,69,31,-8,71,23,-10,75,35,-7,83,26,-12,88,19,-15,93,14,-17,76,39,-9,85,29,-14,91,22,-17,96,15,-19,76,45,-11,84,36,-15,90,29,-18,94,23,-19,75,53,-14,81,47,-17,85,41,-19,88,36,-20,54,113,0,59,101,0,65,90,-2,74,84,-6,80,82,-9,56,75,-2,65,61,-5,71,52,-7,74,45,-9,56,76,-4,72,74,-9,72,83,-11,69,88,-12,59,80,-7,75,79,-11,74,88,-10,71,92,-8,63,85,-10,75,83,-11,76,90,-9,74,94,-7,N
63,65,0,62,52,-3,65,40,-5,69,31,-7,71,23,-10,75,35,-7,83,26,-11,88,19,-14,92,13,-17,77,39,-9,85,29,-13,91,21,-16,96,15,-18,76,45,-11,84,36,-15,90,29,-17,94,23,-19,75,53,-13,81,47,-17,85,41,-18,88,36,-20,56,113,0,64,103,-1,69,93,-3,76,86,-6,80,81,-9,56,75,-1,65,61,-4,70,53,-7,74,45,-8,56,76,-3,68,71,-8,69,74,-10,66,74,-11,58,79,-6,74,78,-10,74,86,-10,71,90,-9,62,84,-8,75,83,-10,76,89,-9,74,93,-7,N
63,64,0,62,51,-3,65,39,-5,69,31,-7,72,22,-10,76,35,-6,83,26,-11,88,19,-14,93,13,-17,77,39,-8,85,29,-13,91,22,-16,96,15,-18,77,45,-11,85,36,-15,90,29,-17,94,23,-18,75,53,-13,81,47,-17,85,41,-18,88,35,-19,55,112,0,62,102,-1,68,92,-3,76,86,-7,80,82,-10,56,76,-2,65,61,-5,70,52,-8,75,44,-10,55,76,-4,71,74,-10,71,83,-12,68,87,-13,58,79,-6,74,79,-11,74,88,-11,70,91,-9,62,83,-9,75,83,-11,76,90,-10,74,93,-8,N
63,64,0,62,51,-3,66,39,-5,69,31,-7,72,22,-9,76,35,-6,83,26,-10,88,19,-13,92,13,-15,77,39,-7,85,29,-12,91,23,-15,96,17,-17,77,44,-10,85,36,-13,91,29,-16,95,23,-17,76,52,-12,82,46,-15,86,40,-17,89,35,-18,55,112,0,62,102,-1,68,93,-4,75,86,-7,80,83,-10,56,76,-2,64,62,-5,70,53,-8,73,46,-9,55,77,-4,70,75,-9,71,83,-12,68,88,-12,58,80,-6,73,79,-11,73,88,-10,71,92,-9,62,85,-9,74,83,-11,75,90,-9,74,93,-7,N
63,63,0,62,50,-2,66,38,-4,70,30,-6,72,22,-8,77,34,-5,84,25,-9,89,18,-12,93,13,-15,78,38,-7,87,28,-11,93,21,-14,98,15,-16,78,43,-10,86,35,-13,92,28,-15,96,22,-17,77,50,-12,83,45,-15,87,40,-17,90,34,-18,55,111,0,63,102,-1,69,93,-4,75,87,-7,79,84,-10,56,76,-2,65,62,-5,70,53,-8,74,46,-10,55,76,-4,70,75,-9,71,83,-11,68,87,-12,57,80,-7,73,80,-11,73,87,-10,70,91,-9,61,85,-9,74,83,-11,75,89,-9,74,93,-7,N
64,62,0,63,50,-3,67,38,-4,70,29,-6,73,21,-9,77,34,-5,85,25,-9,90,18,-13,94,13,-15,79,37,-7,88,28,-11,93,21,-14,98,15,-16,79,43,-9,87,34,-13,93,28,-15,97,22,-17,78,50,-11,84,44,-15,88,39,-17,92,33,-18,55,111,0,60,102,-1,67,93,-3,74,88,-7,79,85,-10,56,77,-2,64,63,-5,69,55,-8,72,48,-10,55,78,-5,70,77,-9,70,85,-11,67,88,-12,58,82,-7,73,81,-11,72,89,-10,69,92,-9,61,86,-9,74,85,-11,74,91,-9,73,94,-7,N
64,63,0,63,50,-2,67,38,-4,70,29,-6,73,21,-8,77,33,-5,85,25,-9,90,18,-12,95,13,-14,79,37,-7,88,28,-11,93,21,-14,98,15,-16,79,43,-9,88,35,-13,93,28,-15,97,22,-17,78,50,-11,84,45,-15,88,39,-16,91,34,-17,55,111,0,61,102,-1,67,94,-4,74,88,-7,79,85,-10,55,77,-2,64,63,-5,68,55,-7,72,48,-9,55,78,-4,70,77,-9,71,86,-11,68,90,-12,57,81,-6,73,81,-11,73,90,-10,70,94,-9,61,86,-9,74,84,-11,75,90,-9,74,94,-7,N
64,64,0,63,51,-2,67,38,-4,70,29,-6,73,21,-8,77,34,-5,85,25,-9,90,18,-12,94,13,-14,79,37,-7,87,29,-11,93,22,-14,98,16,-16,79,43,-9,87,35,-13,92,29,-15,97,23,-17,77,51,-12,84,45,-15,88,39,-16,91,34,-18,55,111,0,60,102,-1,66,93,-3,73,88,-6,79,85,-9,55,77,-2,63,64,-5,68,56,-7,72,49,-8,55,78,-4,68,74,-8,69,80,-10,67,82,-11,58,81,-6,73,80,-10,73,88,-10,70,91,-9,62,85,-8,74,84,-10,75,90,-9,73,94,-7,N
63,64,0,62,51,-2,67,38,-4,70,30,-6,73,21,-8,77,34,-5,85,25,-9,89,18,-12,93,13,-14,79,38,-6,87,29,-10,92,22,-13,97,16,-15,79,43,-9,87,35,-12,92,28,-14,96,22,-16,78,50,-11,84,45,-14,88,39,-16,91,33,-17,54,109,0,57,99,1,62,89,-1,71,85,-4,77,84,-7,55,76,-2,64,63,-4,68,55,-6,72,48,-7,55,77,-5,70,77,-8,72,85,-10,69,90,-10,58,81,-7,73,81,-10,74,90,-9,71,94,-8,62,86,-9,74,84,-10,75,89,-8,75,93,-7,N
63,63,0,62,50,-3,67,38,-4,70,30,-6,73,21,-8,77,34,-5,85,25,-9,89,18,-12,93,13,-14,79,38,-6,87,29,-10,92,21,-13,97,15,-15,79,43,-9,87,35,-12,92,28,-14,97,22,-16,77,50,-11,84,45,-14,88,39,-16,91,33,-17,55,109,0,58,100,0,64,90,-2,72,86,-5,78,84,-8,55,76,-2,64,63,-4,68,55,-6,72,47,-8,55,77,-4,70,77,-9,71,85,-10,68,89,-11,58,81,-7,73,81,-11,73,89,-10,70,93,-8,62,85,-9,74,84,-11,75,90,-9,74,94,-7,N
63,63,0,62,50,-3,67,38,-5,70,30,-6,73,21,-9,77,34,-5,85,25,-9,90,18,-13,94,13,-15,78,38,-7,87,29,-11,93,21,-14,98,15,-16,78,43,-9,87,35,-13,92,28,-15,96,22,-16,77,50,-11,84,44,-14,87,39,-16,91,33,-17,55,110,0,62,101,-1,67,92,-3,74,87,-6,78,84,-9,56,77,-2,64,63,-4,69,55,-7,72,47,-8,55,77,-4,69,76,-9,70,84,-11,67,88,-11,57,81,-6,73,80,-11,73,88,-10,70,92,-9,61,85,-9,73,84,-11,75,89,-9,74,93,-7,N
63,62,0,62,50,-3,67,38,-5,70,29,-7,73,21,-9,77,34,-6,85,25,-11,90,18,-14,94,12,-16,78,38,-8,87,28,-12,93,21,-15,98,15,-17,78,43,-10,87,34,-13,92,28,-16,97,22,-17,77,50,-12,83,44,-15,87,39,-17,91,33,-18,54,110,0,58,101,0,64,92,-2,72,87,-6,78,85,-9,55,77,-2,63,63,-4,68,54,-6,72,47,-8,55,77,-4,69,77,-9,70,84,-11,67,89,-11,58,80,-6,73,81,-10,73,89,-10,70,93,-9,62,85,-9,74,83,-10,75,90,-9,74,93,-7,N
63,62,0,62,50,-3,67,38,-5,70,29,-7,73,21,-9,77,35,-6,85,25,-10,90,19,-13,94,13,-16,78,38,-7,87,29,-12,93,22,-15,97,15,-17,78,43,-9,87,34,-13,92,28,-15,96,22,-17,77,49,-11,83,44,-15,87,39,-16,91,34,-17,54,110,0,58,101,0,64,92,-2,72,87,-6,78,85,-9,55,77,-2,63,63,-5,68,55,-6,72,47,-8,55,77,-4,69,76,-9,70,84,-11,67,89,-11,57,81,-7,73,81,-11,73,89,-10,70,94,-9,61,85,-9,73,84,-11,75,90,-9,74,94,-7,N
64,62,0,63,50,-3,67,37,-5,70,29,-7,73,21,-9,77,34,-6,85,24,-10,90,18,-13,94,12,-16,78,37,-8,88,28,-12,94,20,-15,99,14,-17,78,42,-10,87,34,-14,92,28,-16,97,22,-18,77,50,-12,84,44,-15,88,39,-17,91,33,-18,55,111,0,63,103,-1,69,94,-3,74,88,-5,78,84,-8,56,77,-2,64,63,-4,69,55,-6,72,48,-7,55,77,-4,68,75,-8,70,80,-10,68,83,-10,57,80,-6,73,80,-10,73,89,-9,71,93,-8,61,85,-8,73,83,-10,75,89,-8,75,94,-7,N
64,63,0,63,50,-2,67,38,-4,70,30,-6,73,21,-8,77,34,-5,85,25,-9,90,18,-12,94,12,-14,78,37,-7,87,28,-11,92,21,-14,97,15,-16,78,43,-9,87,34,-13,92,28,-15,97,22,-17,77,50,-12,84,44,-15,88,39,-17,91,33,-18,54,110,0,60,101,0,66,92,-3,74,87,-6,78,85,-9,55,76,-2,64,63,-5,68,55,-7,72,48,-8,55,77,-4,70,77,-9,71,85,-10,68,89,-11,57,80,-6,73,80,-10,73,89,-10,70,93,-8,61,85,-9,73,83,-10,75,89,-9,74,93,-7,N
64,63,0,63,51,-3,67,38,-4,70,30,-6,73,21,-8,77,34,-5,85,25,-9,89,18,-12,93,13,-14,79,37,-6,87,28,-10,93,21,-13,97,15,-15,79,42,-8,87,34,-12,92,28,-14,97,22,-16,78,49,-11,84,44,-14,88,39,-15,91,33,-17,54,110,0,60,102,0,66,93,-3,73,88,-6,78,84,-9,55,77,-2,63,63,-5,68,55,-7,72,48,-8,55,78,-4,71,77,-9,72,85,-11,69,90,-11,57,81,-6,73,81,-11,73,90,-10,70,94,-8,61,86,-9,74,84,-10,75,90,-9,74,94,-7,N
64,63,0,63,50,-2,67,38,-4,70,29,-6,73,21,-8,77,34,-5,85,25,-9,90,18,-12,94,12,-14,79,37,-7,87,28,-11,93,21,-14,97,15,-16,79,43,-9,87,34,-13,92,28,-15,97,22,-17,77,50,-11,84,44,-15,88,39,-16,91,33,-18,55,111,0,60,102,0,66,92,-2,73,87,-5,78,84,-8,55,77,-2,63,63,-4,68,55,-6,72,48,-7,55,77,-4,69,76,-9,70,84,-10,68,89,-10,58,81,-6,73,81,-10,73,89,-10,70,94,-8,61,85,-8,74,84,-10,75,90,-9,75,94,-7,N
63,62,0,62,50,-3,67,38,-5,70,29,-7,73,21,-9,77,34,-6,85,25,-10,89,18,-13,93,12,-15,78,37,-7,87,28,-12,93,21,-15,97,15,-17,78,42,-9,87,34,-13,92,28,-16,97,21,-18,77,49,-12,83,44,-15,87,38,-17,91,33,-18,54,110,0,58,101,0,64,91,-2,72,87,-5,78,85,-8,55,77,-2,63,63,-4,68,55,-6,72,48,-8,55,77,-4,70,77,-9,71,85,-11,68,90,-11,58,81,-6,73,81,-10,73,90,-10,71,94,-8,61,85,-9,74,84,-10,75,90,-9,74,94,-7,N
64,63,0,63,50,-3,67,38,-5,70,29,-6,73,21,-9,77,34,-5,85,25,-9,89,18,-12,93,13,-14,79,37,-7,87,28,-11,93,21,-14,97,15,-16,79,43,-9,87,34,-13,92,28,-15,97,22,-16,78,50,-11,84,44,-14,88,39,-16,91,33,-17,55,111,0,60,102,0,65,92,-2,73,88,-6,79,85,-9,55,77,-2,63,63,-5,68,55,-7,72,47,-8,55,78,-4,70,77,-9,71,86,-11,69,91,-11,58,81,-7,73,81,-11,73,90,-10,71,95,-8,61,85,-9,74,84,-11,75,91,-9,74,95,-7,N
63,62,0,62,51,-3,67,38,-5,70,30,-7,73,21,-9,77,34,-6,85,25,-10,89,18,-13,94,12,-16,78,38,-8,87,28,-12,93,21,-15,98,15,-17,78,43,-10,87,34,-14,92,28,-16,97,22,-18,77,50,-12,83,44,-15,87,39,-17,91,33,-18,55,110,0,59,101,0,65,92,-2,73,88,-5,78,84,-8,55,77,-2,63,63,-5,68,55,-6,72,48,-7,55,77,-4,69,76,-8,70,83,-10,68,87,-10,58,80,-6,73,80,-10,73,88,-9,71,92,-8,62,85,-8,74,84,-10,75,90,-8,74,93,-6,N
63,62,0,62,50,-3,67,38,-5,70,29,-7,73,21,-9,77,35,-6,85,25,-10,90,18,-14,93,12,-16,78,38,-8,87,29,-12,93,21,-15,97,15,-17,78,43,-9,87,34,-14,92,28,-16,97,22,-18,77,49,-12,84,44,-15,88,39,-17,91,33,-18,54,111,0,59,101,0,65,92,-2,73,87,-5,79,84,-8,55,77,-1,64,63,-4,68,55,-5,72,47,-7,55,77,-4,70,77,-8,71,85,-10,69,90,-11,58,80,-6,73,81,-10,74,90,-9,71,94,-8,62,85,-8,74,83,-10,75,90,-8,74,94,-6,N
64,63,0,63,50,-3,67,38,-4,70,29,-6,73,21,-8,77,34,-5,85,25,-9,90,18,-12,94,13,-14,79,37,-7,87,28,-11,93,21,-13,97,15,-16,79,43,-9,87,34,-12,92,28,-14,96,22,-16,78,49,-11,84,44,-14,88,38,-15,91,33,-16,55,111,0,61,102,0,67,93,-2,74,88,-5,79,84,-7,56,77,-1,64,63,-3,69,55,-4,72,48,-5,56,77,-3,67,72,-6,68,73,-7,67,73,-8,58,80,-5,73,79,-9,74,88,-8,72,92,-7,62,84,-7,74,83,-9,76,89,-7,75,93,-6,N
64,62,0,63,50,-2,67,37,-4,71,29,-6,73,20,-8,77,34,-5,85,25,-9,90,18,-12,94,12,-14,79,37,-7,87,28,-11,93,21,-14,97,15,-16,79,42,-9,87,34,-13,92,28,-15,97,22,-17,77,49,-11,84,44,-15,88,38,-16,91,33,-18,54,110,0,60,101,0,66,93,-2,74,88,-6,79,84,-9,55,77,-2,64,63,-4,69,55,-6,72,48,-8,55,77,-4,71,77,-9,72,85,-10,69,90,-11,58,80,-6,74,81,-10,74,90,-10,72,94,-8,61,85,-9,74,84,-10,75,90,-8,75,95,-6,N
81,67,-1,72,62,-1,64,54,-3,57,50,-5,50,49,-7,69,38,1,59,40,-3,53,40,-5,48,40,-7,73,36,-1,61,38,-5,64,48,-5,68,49,-5,77,36,-4,66,39,-7,68,49,-5,72,49,-3,80,39,-7,71,42,-9,71,49,-8,75,50,-6,33,104,-1,43,99,-2,48,93,-5,52,89,-9,54,84,-13,43,69,-5,45,56,-9,45,47,-12,45,39,-14,38,69,-7,51,74,-13,51,85,-14,48,90,-14,34,73,-10,47,80,-15,46,90,-13,43,92,-11,31,80,-12,42,85,-15,42,91,-13,39,92,-11,P
82,67,-1,72,63,-1,64,54,-2,58,51,-5,51,50,-7,69,38,1,60,39,-3,54,40,-5,49,41,-7,73,35,-1,62,38,-5,65,48,-5,69,49,-5,77,36,-4,66,39,-7,68,49,-5,72,50,-3,80,39,-7,71,42,-9,72,49,-7,75,50,-6,33,104,-1,42,99,-2,48,94,-6,52,90,-10,54,85,-14,43,69,-5,45,56,-10,45,47,-13,45,39,-15,38,69,-7,50,73,-13,51,84,-15,48,89,-14,34,73,-10,47,80,-15,46,89,-13,43,92,-11,31,80,-12,41,85,-15,42,91,-13,39,92,-11,P
82,68,-1,72,63,-1,64,54,-2,57,51,-4,51,49,-7,70,38,1,60,39,-2,54,40,-5,49,41,-7,73,35,-1,62,38,-5,65,48,-5,69,48,-5,77,36,-4,66,39,-7,68,49,-5,72,49,-3,81,39,-7,71,42,-9,72,49,-8,75,50,-6,33,104,-1,42,98,-2,49,93,-5,53,89,-9,54,84,-12,43,68,-4,45,56,-9,45,47,-12,45,39,-14,38,69,-7,51,73,-13,51,84,-14,48,88,-14,34,74,-9,47,80,-15,46,89,-13,43,92,-11,32,80,-12,42,85,-15,42,91,-13,39,92,-11,P
81,67,-1,72,63,-1,64,54,-2,57,50,-4,50,49,-6,69,38,1,59,39,-2,54,41,-5,48,41,-7,73,36,-1,62,38,-5,65,48,-5,69,49,-5,77,36,-4,66,40,-7,68,49,-5,72,49,-3,81,39,-7,71,42,-9,72,49,-8,75,50,-6,33,104,-1,43,99,-2,49,93,-5,53,89,-9,54,85,-13,43,69,-5,45,56,-9,45,47,-12,45,39,-14,38,69,-7,50,73,-13,50,84,-14,47,88,-14,34,73,-10,47,80,-15,46,89,-13,43,91,-11,31,80,-13,41,85,-16,42,91,-14,39,92,-12,P
81,67,-1,72,63,-1,64,54,-3,58,51,-5,50,50,-7,69,38,1,60,39,-3,54,40,-5,49,40,-7,73,35,-1,62,38,-5,64,48,-5,68,48,-5,77,36,-4,66,39,-7,68,49,-5,72,49,-3,80,39,-7,71,42,-9,72,49,-8,75,50,-6,33,103,-1,42,99,-2,49,93,-5,53,89,-9,54,84,-13,43,68,-5,45,56,-9,45,47,-12,45,39,-14,38,69,-7,50,73,-13,50,84,-14,47,88,-14,34,73,-9,47,80,-15,46,89,-13,43,91,-11,31,80,-12,41,85,-15,42,90,-13,39,92,-11,P
81,67,-1,72,63,-1,64,54,-2,57,51,-4,50,50,-6,70,38,1,60,39,-2,54,41,-5,49,41,-7,73,35,-1,62,39,-5,65,48,-6,69,49,-6,77,36,-4,66,40,-7,69,49,-5,72,49,-4,81,39,-7,72,42,-9,72,48,-8,75,49,-6,33,104,-1,42,99,-2,49,94,-5,53,90,-9,54,84,-13,43,68,-4,45,56,-9,45,47,-12,45,39,-14,38,69,-7,51,74,-13,51,85,-14,47,89,-14,34,73,-9,47,80,-15,46,89,-13,43,92,-11,32,80,-12,42,85,-15,42,91,-13,39,92,-11,P
81,67,-1,72,63,-1,64,54,-2,57,50,-5,50,49,-7,69,38,1,59,40,-2,54,40,-5,49,40,-7,73,35,-1,61,38,-4,64,48,-5,69,48,-4,77,36,-4,66,39,-7,68,49,-5,72,49,-3,81,39,-7,71,42,-9,71,49,-7,74,50,-6,33,104,-1,43,99,-2,48,93,-5,53,89,-9,54,84,-13,43,69,-4,45,56,-9,45,47,-12,45,39,-14,38,69,-7,51,74,-13,51,84,-14,47,88,-14,34,73,-9,47,80,-15,46,89,-13,43,91,-11,31,80,-12,42,85,-15,42,91,-13,39,92,-11,P
82,67,-1,72,63,-1,64,54,-2,57,50,-4,50,49,-6,70,37,2,60,39,-2,54,40,-5,49,41,-7,73,35,-1,62,38,-5,65,48,-5,69,48,-5,77,36,-4,66,39,-7,68,49,-5,72,49,-3,81,39,-7,71,42,-9,72,49,-8,75,50,-6,32,104,-1,42,99,-2,48,94,-5,52,89,-9,54,84,-13,43,69,-4,45,56,-9,45,47,-12,45,39,-14,37,69,-7,51,73,-13,51,84,-14,47,87,-14,34,73,-9,47,80,-15,46,89,-13,43,91,-11,32,80,-12,42,85,-15,42,91,-13,39,92,-11,P
81,67,-1,72,63,-1,64,54,-2,57,50,-5,50,49,-7,69,38,1,60,39,-2,54,40,-5,49,40,-7,73,35,-1,62,37,-5,64,48,-5,68,48,-5,77,36,-4,66,39,-7,68,48,-5,72,49,-3,80,39,-7,71,42,-9,71,49,-8,74,50,-6,33,104,-1,42,99,-2,48,93,-5,52,89,-9,54,84,-13,43,68,-4,45,56,-9,45,47,-12,45,39,-14,38,69,-7,51,73,-13,51,84,-14,48,88,-14,34,73,-9,47,80,-15,46,89,-13,43,91,-11,32,80,-12,42,85,-15,42,91,-13,39,92,-11,P
81,67,-1,72,62,-1,64,54,-2,57,50,-4,50,49,-6,69,38,2,60,39,-2,54,40,-5,49,40,-7,73,35,-1,62,38,-4,65,48,-5,69,48,-5,77,36,-4,66,39,-7,68,48,-5,72,49,-3,81,39,-7,71,42,-9,71,49,-7,74,50,-6,33,104,-1,42,100,-2,48,94,-5,52,90,-9,54,84,-13,43,69,-4,45,56,-9,45,47,-12,45,39,-14,38,69,-7,51,73,-13,51,84,-14,48,88,-14,34,73,-9,47,79,-15,46,89,-13,43,91,-11,32,80,-12,42,84,-15,42,91,-13,39,92,-11,P
82,68,-1,72,63,-1,64,54,-2,57,50,-4,50,49,-7,70,37,2,60,39,-2,54,40,-5,49,40,-7,74,35,-1,62,38,-4,65,48,-5,69,48,-5,78,36,-3,66,39,-7,68,48,-5,72,49,-3,81,39,-6,71,41,-9,71,48,-7,74,49,-6,33,105,-1,42,100,-2,49,94,-6,53,90,-10,54,84,-13,43,69,-4,45,56,-9,45,47,-12,45,39,-14,38,69,-7,51,73,-13,51,83,-14,47,87,-14,34,73,-9,47,79,-14,46,88,-13,42,90,-11,32,80,-12,42,85,-15,42,90,-13,39,91,-11,P
82,67,-1,72,63,-1,65,54,-2,57,50,-4,51,49,-7,70,38,2,60,39,-2,54,40,-5,49,40,-7,73,35,-1,62,38,-4,65,47,-5,69,48,-5,77,36,-3,66,39,-7,68,49,-5,72,49,-3,80,39,-7,71,42,-9,72,48,-7,75,49,-6,33,105,-1,42,100,-2,48,94,-5,53,90,-9,55,84,-13,43,69,-4,45,56,-9,45,47,-12,45,39,-14,38,69,-7,51,73,-13,51,84,-14,48,88,-14,34,73,-9,47,80,-15,46,89,-13,43,91,-11,32,80,-12,42,85,-15,42,91,-13,39,92,-11,P
82,67,-1,72,63,-1,64,54,-2,57,50,-4,51,49,-6,70,37,2,60,39,-2,54,40,-5,49,40,-7,73,35,-1,62,38,-5,65,47,-6,69,48,-5,77,35,-3,66,39,-7,68,48,-5,72,49,-3,81,39,-6,72,42,-9,72,49,-7,75,49,-6,33,104,-1,42,99,-2,48,93,-5,52,89,-9,55,85,-13,43,68,-4,45,56,-9,46,46,-12,45,39,-14,38,69,-7,51,73,-13,51,84,-14,48,88,-14,34,73,-10,48,80,-15,47,89,-13,43,91,-11,32,80,-12,42,85,-15,42,91,-14,40,92,-11,P
82,68,-1,72,63,-1,65,54,-2,57,50,-4,50,49,-6,70,37,1,60,39,-2,55,41,-5,50,40,-7,74,35,-1,62,38,-5,65,48,-5,69,48,-5,78,36,-4,67,39,-7,68,49,-5,72,49,-3,81,39,-6,72,42,-9,72,49,-7,75,50,-6,33,105,-1,42,100,-2,48,94,-5,52,90,-9,54,85,-13,43,69,-4,45,57,-9,45,47,-12,45,39,-14,38,69,-7,51,73,-13,51,84,-14,47,88,-14,34,73,-9,47,80,-15,46,89,-13,43,91,-11,32,80,-12,42,85,-15,42,91,-13,39,92,-11,P
82,68,-1,72,63,-1,65,54,-3,58,50,-5,51,49,-7,70,38,1,60,40,-3,54,41,-5,49,40,-7,73,35,-1,62,38,-5,65,48,-5,69,48,-5,78,36,-4,66,39,-7,68,49,-5,72,49,-3,81,39,-7,72,42,-9,72,49,-7,75,50,-6,33,104,-1,43,99,-2,49,93,-5,53,89,-9,55,84,-12,43,69,-4,45,57,-9,46,47,-12,45,39,-14,38,69,-7,51,74,-13,51,84,-14,48,88,-14,34,74,-10,48,80,-15,47,89,-13,43,92,-11,32,80,-12,42,85,-15,43,91,-13,40,93,-11,P
82,68,-1,72,63,-1,65,54,-2,58,50,-4,51,49,-6,70,38,1,61,39,-2,55,41,-5,50,41,-7,74,35,-1,62,38,-5,65,48,-5,69,49,-5,78,36,-3,66,39,-7,68,49,-5,72,49,-3,81,39,-6,72,42,-9,72,49,-7,75,50,-6,33,104,-1,43,99,-2,49,93,-5,53,89,-9,55,84,-12,44,69,-4,45,56,-9,46,47,-12,46,39,-14,39,69,-7,51,74,-13,51,84,-14,48,89,-14,35,73,-9,48,80,-15,47,89,-13,43,92,-11,32,80,-12,42,85,-15,42,91,-13,40,92,-11,P
82,68,-1,73,63,-1,65,54,-3,58,50,-5,51,49,-7,70,38,1,60,39,-3,55,41,-5,50,41,-7,74,35,-1,62,38,-5,65,48,-5,69,48,-5,78,36,-3,67,39,-7,68,49,-5,72,49,-3,81,39,-6,72,42,-9,72,48,-7,75,49,-6,33,105,-1,43,100,-2,49,94,-5,53,90,-9,54,85,-13,44,69,-4,45,57,-9,46,47,-12,46,39,-14,38,69,-7,51,74,-13,51,85,-14,48,89,-14,35,73,-9,48,80,-15,47,90,-13,43,92,-11,32,80,-12,42,85,-15,42,91,-13,40,92,-11,P
82,67,-1,73,63,-1,65,54,-2,58,51,-4,51,49,-6,70,38,1,60,39,-2,55,41,-5,49,41,-7,74,35,-1,62,38,-5,65,48,-5,69,48,-5,78,36,-4,67,39,-7,69,49,-5,72,49,-3,81,39,-7,72,42,-9,72,49,-8,75,50,-6,33,104,-1,43,100,-2,49,94,-5,53,90,-9,55,85,-13,44,69,-5,45,56,-10,46,47,-13,46,39,-15,38,69,-7,51,73,-14,52,84,-15,49,89,-14,35,73,-10,48,80,-15,47,90,-14,44,92,-11,32,80,-13,43,85,-16,43,91,-14,40,93,-12,P
82,67,-1,72,63,-1,65,54,-3,58,51,-5,51,50,-7,70,38,1,60,39,-3,54,41,-6,49,41,-8,74,35,-1,62,39,-5,65,48,-6,70,48,-6,78,36,-4,67,39,-8,69,49,-6,72,49,-4,81,39,-7,72,42,-9,72,49,-8,75,50,-6,34,105,-1,43,100,-2,49,94,-5,53,89,-8,55,84,-12,44,69,-4,45,57,-9,46,47,-12,45,39,-14,38,69,-7,51,73,-13,52,84,-14,48,88,-14,35,73,-9,48,80,-15,47,90,-13,43,92,-11,32,80,-12,42,85,-15,42,91,-13,40,93,-11,P
82,67,-1,72,63,-1,65,54,-3,58,50,-5,51,49,-7,70,38,1,60,39,-3,54,40,-6,49,40,-8,74,35,-1,62,38,-5,65,48,-5,69,48,-5,78,36,-3,66,39,-7,68,49,-5,72,49,-3,81,39,-6,72,42,-8,72,49,-7,75,49,-6,33,105,-1,43,100,-2,49,94,-5,53,89,-8,55,85,-12,43,69,-4,45,57,-8,46,47,-11,45,39,-13,38,69,-6,51,74,-12,51,84,-14,48,89,-14,35,74,-9,48,80,-14,47,89,-13,43,92,-11,32,80,-12,42,85,-15,42,91,-13,39,92,-11,P
82,67,-1,72,63,-1,65,54,-2,58,50,-5,51,49,-7,70,38,1,60,39,-2,54,40,-5,50,40,-7,73,36,-1,62,38,-5,65,48,-5,69,48,-4,78,36,-3,67,39,-7,69,49,-5,72,49,-3,81,39,-6,72,42,-9,72,49,-7,75,49,-6,33,105,-1,42,100,-2,48,94,-5,52,89,-9,54,85,-13,44,69,-4,45,56,-9,46,47,-12,45,39,-14,38,69,-7,51,73,-13,51,84,-14,48,89,-14,35,73,-9,48,80,-15,47,89,-13,43,91,-11,32,80,-12,42,85,-15,42,91,-13,40,92,-11,P
82,67,-1,72,63,-1,65,54,-2,58,50,-4,51,49,-7,70,38,1,60,39,-2,54,40,-5,49,40,-7,73,35,-1,62,38,-5,65,48,-5,69,48,-5,78,36,-4,66,39,-7,68,49,-5,72,49,-3,81,39,-7,72,42,-9,72,48,-8,75,49,-6,33,105,-1,42,100,-2,48,94,-5,53,89,-9,55,84,-12,43,69,-4,45,56,-9,46,46,-12,45,39,-14,38,69,-7,51,73,-13,51,84,-14,48,88,-14,34,73,-9,47,79,-14,47,88,-13,43,91,-11,32,80,-12,42,84,-15,42,90,-13,39,91,-11,P
82,67,-1,72,63,-1,65,54,-3,58,50,-5,51,49,-7,70,38,1,60,39,-3,54,40,-6,49,40,-8,73,35,-1,62,38,-5,65,47,-6,69,48,-6,77,35,-3,66,39,-7,69,48,-5,72,49,-4,81,38,-6,71,42,-9,72,48,-7,75,49,-6,32,104,-1,42,99,-2,48,93,-5,52,89,-9,54,85,-12,43,68,-4,45,56,-9,45,46,-12,45,39,-14,38,68,-7,50,73,-12,50,84,-14,47,88,-13,34,73,-9,47,79,-14,46,88,-12,42,90,-10,32,80,-12,42,84,-15,42,90,-13,39,91,-11,P
81,67,-1,72,63,-1,64,54,-2,57,50,-4,50,49,-6,69,38,1,60,39,-2,54,40,-5,49,40,-7,72,35,-1,62,38,-5,65,48,-5,69,48,-5,76,35,-3,66,39,-7,68,49,-5,72,49,-3,80,38,-6,71,41,-9,71,48,-7,74,49,-6,33,104,-1,42,99,-2,48,93,-5,52,89,-9,54,84,-12,43,68,-4,45,56,-9,45,46,-12,45,39,-14,38,69,-7,50,73,-13,51,85,-14,47,89,-13,34,73,-9,47,79,-14,46,89,-13,43,92,-10,31,80,-12,41,84,-15,42,90,-13,39,92,-11,P
81,67,-1,72,63,-1,64,54,-2,57,50,-4,51,49,-6,69,38,1,59,39,-2,54,40,-5,49,40,-7,72,35,-1,62,38,-5,65,48,-5,68,48,-5,77,35,-3,66,39,-7,68,49,-5,72,49,-3,80,39,-6,71,42,-9,72,48,-7,75,49,-6,33,105,-1,42,99,-1,48,93,-5,52,89,-8,54,84,-12,42,69,-4,45,57,-9,45,47,-12,45,40,-14,37,69,-6,50,74,-13,50,84,-14,47,89,-14,34,73,-9,47,80,-14,46,89,-13,42,91,-10,31,80,-12,41,84,-15,42,90,-13,39,92,-11,P
81,67,-1,72,62,-1,64,54,-2,57,50,-4,50,49,-6,69,37,2,59,39,-2,54,40,-5,49,40,-7,73,35,-1,61,38,-5,64,47,-6,69,48,-6,76,35,-3,65,39,-7,68,48,-5,71,48,-3,80,38,-6,71,41,-8,71,48,-7,74,49,-6,32,104,-1,42,99,-1,48,93,-4,52,88,-8,54,84,-11,42,68,-4,44,56,-8,45,47,-11,45,39,-13,37,69,-6,50,73,-12,50,84,-13,47,88,-13,34,73,-9,47,80,-14,46,88,-12,42,91,-10,31,80,-12,41,85,-15,41,91,-13,39,92,-11,P
81,67,-1,71,63,-1,64,54,-2,56,50,-5,50,49,-7,68,38,1,59,39,-3,53,40,-5,48,40,-7,72,35,-1,61,38,-5,64,48,-5,69,48,-5,76,35,-4,65,39,-7,68,48,-5,72,49,-3,80,38,-7,71,42,-9,71,48,-7,74,49,-6,33,105,-1,42,100,-2,48,94,-5,52,89,-9,54,84,-13,42,69,-4,44,57,-9,45,47,-12,45,39,-14,37,69,-7,50,73,-13,50,84,-14,47,88,-14,33,73,-9,46,79,-15,45,89,-13,42,91,-11,30,80,-12,41,85,-15,41,91,-13,38,92,-11,P
81,67,-1,71,62,-1,64,54,-2,57,50,-4,50,49,-7,69,37,1,59,39,-2,53,40,-5,48,40,-7,73,34,-1,61,38,-5,64,47,-6,68,48,-5,77,35,-4,65,39,-8,67,48,-5,71,49,-3,80,39,-7,70,42,-9,71,49,-8,74,49,-6,32,104,-1,42,99,-2,48,93,-5,52,89,-8,54,84,-12,42,69,-4,44,56,-9,45,47,-11,45,39,-13,37,69,-6,50,72,-13,51,83,-14,47,87,-14,33,73,-9,47,79,-15,46,88,-13,42,91,-11,31,80,-12,41,84,-15,41,90,-13,38,92,-11,P
82,67,-1,71,62,-1,63,54,-2,56,50,-5,49,49,-7,69,38,1,59,39,-3,53,40,-5,47,40,-8,72,35,-1,61,38,-5,64,48,-5,69,48,-5,76,36,-4,65,39,-7,67,48,-5,71,48,-3,80,39,-7,70,42,-9,71,48,-7,73,49,-6,33,105,-1,42,99,-2,48,93,-5,52,89,-8,54,84,-12,42,69,-4,44,57,-9,45,47,-11,45,40,-13,37,69,-7,50,73,-12,50,84,-14,47,88,-13,33,73,-9,46,80,-14,46,89,-13,42,91,-10,31,80,-12,41,85,-15,41,91,-13,38,92,-11,P
81,67,-1,71,62,0,63,54,-2,56,50,-4,49,49,-6,68,37,2,59,39,-2,53,41,-5,48,41,-7,72,35,-1,61,37,-5,64,47,-5,68,48,-5,77,36,-4,65,39,-7,67,48,-5,71,49,-3,80,39,-7,70,42,-9,71,49,-7,74,50,-6,33,104,-1,42,99,-2,48,93,-5,52,89,-9,54,84,-13,43,68,-4,44,56,-9,45,47,-12,45,39,-14,37,69,-7,50,72,-13,50,83,-14,47,87,-14,33,73,-9,46,80,-15,45,88,-13,42,90,-11,31,80,-12,41,85,-15,41,91,-14,38,92,-12,P
81,67,-1,71,62,-1,64,54,-2,57,50,-4,50,50,-6,69,37,1,59,39,-2,53,40,-5,48,40,-7,73,35,-1,61,38,-5,64,47,-6,68,48,-5,77,36,-4,65,39,-7,67,48,-5,71,49,-3,80,39,-7,70,42,-9,71,49,-7,74,49,-6,33,105,-1,42,100,-2,48,94,-5,52,89,-9,53,84,-12,42,69,-4,44,57,-9,45,47,-12,44,39,-14,37,69,-6,50,74,-12,50,84,-14,46,88,-13,33,74,-9,46,80,-14,45,89,-12,42,91,-10,31,80,-12,41,85,-15,41,91,-13,39,92,-11,P
81,67,-1,71,62,-1,63,54,-3,56,50,-5,49,49,-7,69,37,1,59,39,-3,53,40,-6,48,40,-8,73,35,-1,61,38,-5,64,48,-6,69,48,-6,77,35,-4,65,39,-7,68,49,-5,72,49,-3,80,39,-7,70,42,-9,71,48,-7,74,49,-6,32,105,-1,42,100,-2,48,94,-5,52,89,-9,53,84,-12,42,69,-4,44,56,-9,45,47,-12,45,39,-14,37,69,-7,50,72,-13,51,83,-14,48,88,-14,33,74,-9,47,80,-15,46,89,-13,42,92,-11,31,81,-12,41,85,-15,41,91,-13,38,93,-11,P
81,67,-1,71,62,-1,63,54,-2,56,50,-4,49,49,-6,69,38,1,58,39,-3,53,41,-6,48,41,-8,72,35,-1,61,38,-5,64,48,-6,68,49,-6,76,36,-4,65,39,-7,67,49,-5,71,49,-3,80,39,-6,70,42,-9,71,49,-7,74,50,-6,32,105,-1,41,100,-2,48,94,-5,52,89,-9,53,84,-13,42,69,-4,44,57,-9,45,47,-12,45,39,-14,37,69,-7,50,73,-13,50,84,-14,47,88,-14,33,74,-9,46,80,-14,45,89,-13,42,91,-11,30,81,-12,41,85,-15,41,91,-13,38,92,-11,P
81,67,-1,71,62,-1,63,54,-3,56,50,-5,50,49,-7,69,37,1,59,39,-3,53,40,-6,48,41,-8,73,35,-1,61,38,-5,64,48,-6,68,48,-5,77,35,-4,65,39,-7,67,48,-5,71,48,-3,80,39,-7,71,42,-9,71,48,-7,73,49,-6,32,105,-1,42,99,-2,48,93,-5,52,89,-9,53,84,-12,42,69,-4,44,57,-9,45,47,-11,45,40,-13,37,69,-7,50,73,-13,51,84,-14,48,88,-13,33,73,-9,46,80,-14,46,89,-12,42,91,-10,31,80,-12,41,85,-15,41,90,-13,39,92,-11,P
81,67,-1,71,63,-1,63,54,-2,56,50,-5,50,49,-7,69,37,1,59,39,-3,53,41,-6,48,41,-8,73,35,-1,61,38,-5,64,48,-6,69,48,-5,77,35,-4,65,39,-7,67,49,-5,71,49,-3,80,39,-7,70,42,-9,71,49,-8,74,49,-6,32,104,-1,42,99,-2,48,94,-5,52,90,-9,53,85,-13,42,69,-4,44,56,-8,45,47,-11,45,39,-13,37,69,-6,50,73,-12,50,84,-14,47,88,-14,34,73,-9,46,79,-14,46,88,-13,42,91,-11,31,80,-12,41,84,-15,41,90,-13,38,92,-11,P
81,67,-1,71,62,-1,63,54,-3,56,50,-5,49,49,-7,69,37,1,59,39,-3,53,41,-6,48,41,-8,73,35,-1,61,38,-5,64,48,-6,68,48,-6,76,35,-4,65,39,-7,67,49,-5,71,49,-3,80,39,-7,70,42,-9,71,49,-8,74,49,-6,33,104,-1,42,99,-2,48,93,-5,52,89,-9,54,84,-12,42,68,-4,44,56,-9,45,47,-12,44,39,-14,37,69,-7,50,73,-13,51,84,-14,47,88,-14,33,73,-9,46,79,-14,46,89,-13,42,91,-11,31,80,-12,41,84,-15,41,90,-13,39,92,-11,P
81,67,-1,71,62,-1,63,54,-2,56,50,-5,50,49,-7,69,37,1,59,39,-2,53,40,-5,48,40,-7,73,35,-1,61,38,-5,64,48,-5,68,48,-5,77,36,-4,65,39,-7,67,48,-5,71,49,-3,80,39,-7,71,42,-9,70,49,-7,74,50,-6,33,104,-1,42,99,-2,48,93,-5,52,89,-9,54,84,-12,42,69,-4,44,56,-9,45,47,-12,45,39,-14,37,69,-7,50,73,-13,50,84,-14,47,88,-14,33,73,-9,46,79,-15,45,89,-13,42,91,-11,31,80,-12,41,84,-15,41,91,-13,39,92,-11,P
81,67,-1,71,62,-1,64,54,-2,57,50,-4,50,49,-6,69,38,1,59,39,-2,53,40,-5,48,40,-7,72,35,-1,61,38,-5,64,48,-5,68,48,-5,76,36,-4,65,39,-7,67,48,-5,71,49,-3,80,39,-7,70,42,-9,71,48,-7,74,49,-6,32,104,-1,42,99,-2,48,93,-5,52,89,-9,53,84,-12,43,69,-4,44,56,-9,45,47,-12,45,39,-14,37,69,-7,50,73,-13,50,84,-14,47,88,-14,34,73,-9,46,80,-14,45,89,-13,42,91,-11,31,80,-12,41,85,-15,41,91,-13,38,92,-11,P
81,67,-1,71,62,-1,63,54,-2,57,50,-5,50,49,-7,69,37,1,59,39,-2,53,40,-5,48,41,-7,72,35,-1,61,38,-5,64,48,-5,68,48,-5,76,35,-4,66,39,-7,67,49,-5,71,49,-3,80,39,-7,71,42,-9,71,49,-7,74,50,-6,33,105,-1,42,100,-2,48,94,-5,52,89,-9,54,84,-13,43,69,-4,44,57,-9,45,47,-12,45,39,-14,37,69,-7,50,73,-13,51,84,-14,47,89,-14,33,74,-9,47,80,-15,46,89,-13,42,92,-11,31,80,-12,41,85,-15,41,91,-13,39,93,-11,P
81,67,-1,71,62,-1,64,54,-2,57,50,-5,50,49,-7,69,37,1,59,39,-3,54,41,-6,49,41,-8,73,35,-1,61,38,-5,64,48,-6,68,48,-5,77,36,-4,66,39,-7,67,48,-5,71,49,-3,80,39,-7,71,42,-9,71,49,-8,74,49,-6,33,105,-1,42,99,-2,48,93,-5,52,89,-9,54,84,-13,42,69,-4,44,57,-9,45,47,-12,45,40,-14,37,69,-7,50,73,-13,50,84,-14,47,89,-14,33,74,-9,46,80,-15,46,89,-13,42,92,-10,31,81,-12,41,85,-15,42,91,-13,39,93,-11,P
81,67,-1,71,62,-1,64,54,-3,57,51,-5,50,49,-8,69,38,1,59,40,-3,53,41,-6,48,41,-8,73,35,-1,61,38,-5,64,48,-6,68,48,-5,77,36,-4,66,39,-7,68,49,-5,71,49,-3,80,39,-7,71,42,-9,71,49,-8,74,50,-6,32,105,-1,42,100,-2,48,94,-5,52,89,-9,54,84,-12,42,69,-4,44,57,-9,45,47,-12,45,39,-14,37,69,-6,50,73,-13,51,84,-14,47,88,-14,34,74,-9,47,80,-14,46,89,-13,42,91,-11,31,80,-12,42,85,-15,42,91,-13,39,92,-11,P
81,67,-1,71,63,-1,64,54,-2,57,51,-5,50,49,-7,69,38,1,59,40,-2,53,40,-5,48,41,-7,73,35,-1,61,38,-5,64,48,-6,69,49,-5,77,36,-4,65,39,-7,68,49,-5,72,49,-3,80,39,-7,71,42,-9,71,49,-8,75,50,-6,32,104,-1,41,99,-2,48,93,-5,52,89,-9,54,84,-12,43,69,-4,44,56,-9,45,47,-12,45,39,-14,37,69,-7,50,73,-13,50,83,-14,47,88,-14,34,73,-9,47,80,-15,46,89,-13,42,91,-11,31,80,-12,41,85,-15,41,91,-13,38,92,-11,P
81,67,-1,71,62,-1,64,54,-2,57,51,-5,50,50,-7,70,37,1,59,39,-3,54,41,-6,49,40,-8,73,35,-1,62,38,-5,64,48,-6,68,48,-6,77,36,-3,65,39,-7,67,48,-5,71,49,-3,80,39,-6,71,42,-9,71,48,-7,74,49,-6,32,104,-1,42,100,-2,48,94,-5,52,90,-9,53,85,-13,43,69,-4,44,56,-9,45,47,-12,45,39,-14,38,69,-7,50,73,-13,51,84,-14,47,88,-14,34,73,-9,47,79,-15,46,89,-13,42,91,-11,31,80,-12,41,84,-15,41,90,-13,39,92,-11,P
81,67,-1,72,62,-1,64,54,-3,57,50,-5,50,49,-7,70,37,1,60,39,-3,54,40,-6,49,41,-8,73,35,-1,62,38,-5,64,47,-5,68,48,-5,77,36,-3,66,39,-7,67,48,-5,71,49,-3,80,39,-6,71,42,-9,71,48,-7,74,49,-6,33,105,-1,42,99,-2,48,93,-5,52,89,-9,54,84,-13,43,69,-4,44,57,-9,45,47,-12,45,39,-14,37,69,-7,50,73,-13,51,84,-14,48,88,-14,34,73,-9,47,80,-15,46,89,-13,42,91,-11,31,80,-12,41,85,-15,41,91,-13,39,92,-11,P
81,67,-1,71,62,-1,64,54,-2,57,50,-4,50,49,-6,69,38,1,59,39,-2,54,40,-5,48,40,-7,72,35,-1,61,38,-5,64,47,-5,68,48,-5,77,35,-3,66,39,-7,67,48,-5,71,48,-3,80,38,-6,71,41,-9,71,48,-7,74,49,-6,32,104,-1,42,99,-2,48,94,-5,52,89,-9,54,84,-13,43,69,-4,44,56,-9,45,47,-12,45,39,-14,37,69,-7,50,73,-13,51,83,-14,47,88,-14,34,73,-9,47,80,-15,46,89,-13,42,91,-11,31,80,-12,42,85,-15,42,91,-13,39,92,-11,P
82,67,-1,72,62,-1,64,54,-2,57,50,-4,50,49,-6,70,37,2,60,39,-2,54,40,-5,49,40,-7,73,35,-1,62,37,-4,65,47,-5,69,48,-5,77,35,-3,66,38,-7,68,48,-5,72,48,-3,80,38,-6,71,41,-9,71,48,-7,74,49,-5,33,104,-1,42,100,-2,48,94,-5,52,90,-9,54,85,-12,43,69,-4,44,56,-9,45,47,-12,45,39,-14,38,69,-7,50,73,-13,51,84,-14,48,88,-13,34,73,-9,47,79,-14,46,89,-13,43,91,-10,31,80,-12,41,84,-15,41,90,-13,39,92,-11,P
81,67,-1,71,62,-1,64,53,-2,57,50,-5,50,48,-7,69,37,2,60,38,-2,54,40,-5,49,40,-7,73,34,0,62,37,-5,65,47,-5,69,47,-5,77,35,-3,66,38,-7,68,48,-5,72,48,-3,80,38,-6,71,41,-8,71,48,-7,74,49,-5,33,104,-1,42,99,-2,48,93,-5,52,89,-8,54,84,-12,43,69,-4,45,57,-9,45,47,-12,45,40,-14,38,69,-7,50,74,-13,50,85,-14,47,89,-14,34,73,-9,47,80,-15,46,90,-13,43,92,-11,31,80,-12,42,85,-15,42,91,-13,39,93,-11,P
81,66,-1,72,61,-1,64,53,-3,57,49,-5,51,48,-7,70,36,2,60,37,-2,55,39,-6,50,39,-8,73,34,0,62,36,-5,65,46,-6,69,47,-6,77,34,-3,66,37,-7,68,47,-5,72,47,-3,80,37,-6,71,40,-8,71,46,-6,75,47,-5,33,105,-1,43,100,-2,49,94,-5,52,89,-9,54,85,-12,43,70,-4,45,57,-9,46,48,-12,46,40,-14,38,70,-7,50,74,-13,50,85,-14,47,89,-14,34,74,-9,47,80,-15,46,90,-13,42,92,-11,31,80,-12,41,85,-15,42,91,-13,39,93,-11,P
82,66,-1,72,61,-1,64,52,-3,57,48,-5,50,47,-7,70,36,1,60,37,-2,54,39,-5,49,38,-7,73,34,0,62,36,-5,65,45,-6,69,46,-6,77,34,-3,66,37,-7,68,46,-5,72,47,-3,80,37,-6,71,40,-8,71,46,-6,74,47,-5,33,105,-1,42,100,-2,48,94,-5,52,90,-9,54,85,-13,43,70,-5,45,57,-9,46,48,-12,46,40,-14,38,70,-7,50,74,-13,51,85,-14,47,89,-14,34,74,-9,47,81,-15,46,90,-13,42,92,-11,32,81,-12,42,85,-15,42,92,-13,39,93,-11,P
81,65,-1,72,60,-1,64,52,-3,57,48,-5,51,47,-7,69,36,1,60,37,-3,54,38,-6,49,38,-8,72,34,0,62,35,-5,65,45,-6,69,46,-5,76,34,-3,66,36,-7,68,46,-5,72,47,-3,80,36,-6,71,39,-8,71,46,-6,74,47,-5,33,106,-1,42,101,-2,49,95,-5,53,90,-9,54,85,-13,43,70,-4,45,58,-9,46,48,-12,46,40,-14,38,70,-7,51,75,-13,51,86,-14,47,90,-14,34,74,-9,47,81,-15,46,90,-13,42,93,-11,32,81,-12,42,86,-15,42,92,-13,39,93,-11,P
82,65,-1,71,60,-1,64,51,-2,57,48,-4,50,47,-6,69,36,1,60,36,-2,55,38,-5,50,38,-7,73,33,0,62,36,-5,65,45,-6,69,45,-6,77,33,-3,66,37,-7,68,46,-5,72,46,-3,80,36,-5,71,39,-8,71,45,-6,74,46,-5,32,105,-1,42,101,-2,48,94,-5,52,90,-9,55,85,-12,43,70,-4,45,57,-9,46,48,-12,46,40,-14,38,70,-7,51,75,-13,51,85,-14,48,90,-14,34,74,-9,47,81,-14,46,90,-13,43,92,-10,32,81,-12,42,86,-15,42,91,-13,39,93,-11,P
81,65,-1,72,60,-1,64,52,-2,58,48,-4,51,47,-6,69,36,2,60,36,-2,55,38,-5,50,38,-7,73,33,0,62,35,-4,65,45,-5,68,46,-5,77,33,-3,66,36,-7,68,46,-5,72,46,-3,80,36,-6,71,39,-8,72,46,-6,75,47,-5,33,105,-1,43,100,-2,49,94,-5,53,90,-10,54,85,-13,44,70,-5,45,57,-9,46,47,-12,46,40,-14,38,70,-7,51,74,-13,51,85,-15,48,90,-14,34,74,-9,47,81,-15,46,90,-13,43,92,-11,32,80,-12,42,85,-15,42,91,-13,39,92,-11,P
82,65,-1,72,60,-1,64,52,-2,57,48,-4,51,47,-6,69,35,2,60,36,-2,55,38,-5,50,38,-7,73,33,0,62,36,-4,65,45,-5,69,45,-5,77,33,-3,66,36,-7,68,46,-5,72,46,-3,80,36,-6,71,39,-8,72,46,-6,75,46,-5,32,105,-1,42,100,-2,48,95,-5,52,90,-9,54,85,-12,44,70,-4,46,57,-9,46,48,-12,46,40,-14,38,70,-7,51,76,-13,51,86,-14,47,90,-14,34,74,-9,47,82,-15,46,91,-13,43,93,-11,32,81,-12,41,86,-15,42,92,-13,39,94,-11,P
82,65,-1,72,60,-1,64,51,-2,57,48,-4,51,47,-6,70,35,2,60,36,-2,55,38,-5,50,38,-7,73,33,0,62,36,-5,65,45,-5,69,45,-5,77,33,-3,66,36,-7,68,46,-5,72,46,-3,81,36,-6,72,39,-8,72,46,-7,75,47,-5,33,106,-1,43,101,-2,49,95,-5,53,91,-9,54,86,-13,43,70,-5,46,58,-10,46,48,-13,46,40,-15,38,70,-7,51,75,-13,51,86,-15,48,90,-14,34,75,-10,47,82,-15,46,90,-13,43,92,-11,32,81,-12,42,86,-15,42,92,-13,40,93,-11,P
82,65,-1,72,60,-1,65,52,-2,58,48,-4,51,47,-6,69,36,2,60,37,-2,54,38,-4,50,38,-7,72,33,0,62,35,-4,65,45,-5,68,46,-5,77,33,-3,66,36,-7,68,46,-5,72,47,-3,80,36,-6,71,39,-8,72,46,-7,75,47,-5,32,106,-1,42,101,-2,48,95,-6,53,91,-10,54,86,-13,44,71,-5,46,58,-10,47,48,-13,47,40,-15,38,71,-7,51,75,-13,51,86,-15,48,91,-14,34,75,-10,47,81,-15,46,91,-13,43,93,-11,32,82,-12,42,86,-15,42,92,-14,40,94,-11,P
82,65,-1,72,60,-1,65,51,-2,58,48,-4,51,46,-5,70,35,2,60,36,-2,55,38,-5,50,38,-7,73,33,0,62,35,-4,65,45,-5,69,46,-5,77,33,-3,66,36,-7,68,46,-5,72,46,-3,80,36,-6,72,39,-8,72,45,-7,75,46,-5,32,106,-1,42,101,-2,49,95,-5,53,91,-9,54,86,-12,43,71,-4,46,58,-9,47,48,-12,46,40,-14,38,71,-7,51,76,-13,51,87,-14,47,91,-14,34,75,-9,47,82,-14,46,91,-13,43,93,-10,32,81,-12,42,87,-15,42,92,-13,40,94,-11,P
82,65,-1,72,60,-1,65,51,-2,58,48,-4,51,46,-7,70,35,2,60,36,-2,55,38,-5,49,38,-7,73,33,0,62,35,-4,65,45,-5,69,46,-5,77,33,-3,66,36,-7,68,46,-5,72,46,-3,80,36,-6,71,39,-8,71,45,-7,74,46,-5,33,107,-1,42,102,-2,48,96,-5,52,91,-9,54,86,-13,44,71,-5,46,58,-9,47,49,-12,47,41,-14,38,71,-7,51,76,-13,51,87,-14,48,92,-14,35,75,-9,47,82,-15,46,91,-13,43,94,-11,32,82,-12,42,86,-15,42,92,-13,40,94,-11,P
83,65,-1,72,60,-1,65,51,-2,58,48,-4,51,47,-6,69,36,2,60,37,-1,55,38,-4,50,38,-6,73,33,0,62,35,-4,65,45,-5,69,45,-5,77,33,-3,66,36,-7,68,46,-5,72,46,-3,80,36,-6,71,39,-8,72,46,-7,75,46,-5,32,106,-1,42,101,-2,48,95,-5,52,91,-9,55,87,-12,43,71,-4,46,58,-9,47,49,-12,47,41,-14,38,71,-7,51,76,-13,51,86,-14,48,90,-14,34,75,-9,48,82,-14,47,91,-13,43,93,-11,32,82,-12,43,87,-15,43,92,-13,40,94,-11,P
82,65,-1,72,60,-1,65,51,-2,58,48,-4,51,47,-6,69,36,2,60,36,-2,54,38,-5,49,38,-7,73,33,0,62,35,-4,65,44,-5,69,45,-5,77,33,-3,66,36,-7,68,46,-5,72,46,-3,80,36,-6,71,39,-8,72,45,-7,75,46,-5,33,106,-1,43,101,-2,49,95,-5,53,91,-9,54,86,-12,44,71,-4,46,58,-9,47,49,-12,47,41,-14,38,71,-7,51,76,-13,51,87,-14,47,92,-14,34,75,-9,47,82,-15,46,91,-13,43,94,-10,32,81,-12,42,86,-15,42,92,-13,40,93,-11,P
83,65,-1,72,60,-1,65,51,-2,58,48,-4,51,47,-6,70,35,2,60,36,-2,56,39,-5,52,39,-7,74,32,0,62,36,-5,65,45,-6,69,45,-6,77,33,-3,66,36,-7,68,46,-5,72,46,-3,81,36,-6,71,39,-8,72,46,-7,75,46,-5,32,106,-1,42,101,-2,48,95,-5,52,91,-9,55,86,-13,43,71,-5,46,58,-9,47,48,-12,47,40,-14,38,70,-7,51,75,-13,51,86,-14,48,91,-14,34,75,-9,47,82,-15,47,91,-13,43,94,-11,32,81,-12,42,86,-15,43,92,-13,40,94,-11,P
82,65,-1,72,60,-1,65,52,-2,58,48,-4,51,47,-6,69,36,2,60,37,-2,55,38,-5,50,38,-7,73,33,0,62,35,-4,65,45,-5,69,45,-5,77,33,-3,66,36,-7,68,46,-5,72,46,-3,80,36,-6,71,39,-8,71,45,-7,75,46,-5,33,106,-1,42,100,-2,49,95,-5,53,91,-9,54,86,-13,44,71,-5,46,58,-10,47,48,-12,47,40,-15,39,70,-7,51,76,-14,51,87,-15,48,91,-14,35,75,-10,47,82,-15,46,91,-13,43,93,-11,32,81,-13,42,86,-16,42,92,-14,39,94,-11,P
83,65,-1,72,60,-1,65,52,-2,58,48,-4,51,47,-6,70,35,2,60,37,-2,55,39,-5,50,39,-7,73,33,0,62,36,-5,65,45,-6,69,45,-6,77,33,-3,66,37,-7,68,46,-5,72,46,-3,80,36,-6,71,39,-8,72,46,-7,75,46,-5,32,105,-1,42,100,-2,48,95,-5,52,91,-9,54,86,-13,43,70,-4,46,58,-9,47,48,-12,47,41,-14,38,70,-7,51,76,-13,51,86,-14,47,90,-14,34,75,-9,48,82,-14,46,90,-13,43,93,-11,32,81,-12,42,86,-15,42,92,-13,40,93,-11,P
82,66,-1,72,61,-1,65,52,-3,58,48,-5,51,47,-7,70,35,1,60,36,-3,55,39,-6,51,39,-8,74,33,-1,62,36,-5,65,45,-6,69,45,-6,77,33,-3,66,37,-7,68,46,-5,72,47,-3,81,37,-6,71,40,-8,72,46,-7,75,47,-5,34,106,-1,43,101,-2,49,95,-5,53,91,-9,54,86,-13,44,71,-5,46,58,-9,47,48,-12,47,41,-14,39,70,-7,51,75,-13,51,87,-14,48,92,-14,35,74,-9,47,82,-15,47,91,-13,43,94,-10,32,81,-12,42,86,-15,42,92,-13,40,94,-11,P
83,66,-1,72,61,-1,65,52,-2,58,48,-4,51,47,-6,70,36,2,60,37,-2,54,38,-5,49,38,-7,73,33,0,62,36,-5,65,45,-6,69,46,-6,77,34,-3,66,37,-7,68,46,-5,72,47,-3,80,36,-6,71,40,-8,71,46,-7,74,47,-6,34,106,-1,43,100,-2,49,94,-5,53,90,-9,55,86,-12,43,70,-4,46,58,-9,47,49,-12,47,41,-14,38,70,-7,51,76,-13,51,87,-14,48,91,-14,34,75,-9,47,82,-15,46,91,-13,43,94,-10,32,81,-12,42,86,-15,42,92,-13,40,94,-11,P
82,66,-1,72,61,-1,65,52,-2,58,48,-4,51,47,-6,70,36,2,60,37,-2,54,39,-5,49,39,-8,73,33,0,62,36,-5,65,46,-6,69,47,-6,77,34,-3,66,38,-7,68,47,-5,72,48,-3,80,37,-6,71,41,-8,71,47,-7,75,47,-5,34,106,-1,43,101,-2,49,95,-5,53,91,-9,55,85,-13,43,71,-4,46,58,-9,47,49,-12,47,41,-14,38,71,-7,51,75,-13,50,87,-14,47,91,-14,34,75,-9,47,81,-15,46,90,-13,42,93,-10,31,81,-12,42,85,-15,42,91,-13,39,93,-11,P
82,67,-1,72,61,-1,65,53,-2,58,49,-4,51,47,-6,70,37,2,60,38,-2,54,39,-5,49,39,-7,73,34,0,62,37,-5,65,46,-6,69,47,-6,77,35,-3,66,38,-7,68,47,-5,72,48,-3,80,38,-6,71,41,-8,71,47,-7,75,48,-6,34,106,-1,43,101,-2,49,95,-5,53,91,-9,55,85,-13,44,71,-4,46,58,-9,47,49,-12,47,41,-15,38,70,-7,51,74,-13,51,86,-15,48,90,-14,35,75,-9,48,81,-15,47,91,-13,43,94,-11,32,81,-12,42,86,-16,42,92,-14,39,93,-11,P
81,68,-1,71,62,-1,65,53,-2,58,49,-4,51,48,-6,71,36,2,60,38,-2,55,40,-5,50,40,-7,74,34,0,62,37,-5,65,47,-6,69,48,-6,78,35,-3,66,39,-7,68,48,-5,72,49,-3,81,39,-6,71,42,-8,72,48,-7,75,49,-5,33,107,-1,43,102,-2,49,96,-5,53,91,-9,54,86,-13,44,71,-5,46,59,-9,47,49,-12,47,41,-15,39,71,-7,51,77,-13,50,87,-15,47,92,-14,34,75,-9,47,82,-15,46,91,-13,42,94,-11,31,82,-12,41,86,-15,41,92,-13,39,94,-11,P
81,68,-1,71,62,-1,64,54,-2,58,49,-5,51,48,-7,70,38,1,60,39,-3,54,40,-6,49,40,-8,74,35,-1,62,38,-5,65,47,-6,69,49,-6,78,36,-4,66,39,-7,68,48,-5,72,49,-3,81,39,-7,71,42,-9,72,49,-7,75,50,-6,33,107,-1,43,102,-2,49,96,-5,53,92,-9,55,87,-13,44,72,-5,46,59,-9,47,50,-12,47,42,-15,39,72,-7,51,77,-13,51,88,-15,48,92,-14,34,76,-9,47,83,-15,46,92,-13,43,94,-11,31,82,-12,41,86,-15,42,92,-13,39,94,-11,P
82,68,-1,72,63,-1,65,54,-2,58,50,-4,51,48,-6,71,37,1,60,39,-2,55,40,-5,50,40,-7,74,35,-1,62,38,-5,65,47,-5,69,48,-5,78,36,-4,66,39,-7,68,49,-5,72,49,-3,81,40,-7,71,43,-9,72,49,-8,75,50,-6,33,106,-1,43,101,-2,49,95,-5,53,92,-9,55,86,-13,44,71,-4,46,59,-9,47,50,-12,47,42,-14,39,71,-7,51,76,-13,51,87,-14,48,92,-14,35,75,-9,47,82,-15,46,92,-13,43,94,-11,32,82,-12,41,86,-15,41,92,-13,39,94,-11,P
82,69,-1,72,64,-1,65,55,-3,58,50,-5,51,48,-7,71,38,1,61,40,-3,55,42,-6,50,42,-8,75,36,-1,63,39,-5,66,48,-5,70,49,-5,78,37,-4,66,40,-7,68,49,-5,72,50,-3,81,41,-7,71,44,-9,71,50,-7,75,51,-6,34,106,-1,43,101,-2,49,95,-5,53,91,-9,55,86,-13,44,71,-5,46,59,-9,46,50,-12,46,41,-15,38,71,-7,50,77,-13,50,88,-15,47,93,-14,34,76,-10,46,82,-15,46,92,-13,42,95,-11,31,82,-12,41,86,-15,41,93,-13,38,94,-11,P
81,69,-1,72,64,-1,64,55,-3,58,51,-5,51,49,-7,70,38,1,60,40,-3,54,41,-6,49,41,-8,74,36,-1,62,39,-5,65,49,-6,69,49,-5,78,37,-4,66,40,-7,68,50,-5,72,51,-3,81,40,-7,71,43,-9,71,50,-8,74,51,-6,34,106,-1,43,101,-2,49,95,-5,53,90,-9,55,85,-13,43,71,-4,46,59,-9,46,49,-12,46,41,-14,38,71,-7,50,76,-13,50,87,-14,47,91,-14,34,76,-9,47,82,-15,46,91,-13,42,94,-11,31,82,-12,41,86,-16,41,92,-14,38,94,-12,P
81,69,-1,72,64,-1,65,55,-3,58,50,-5,51,48,-8,71,38,1,61,39,-3,55,41,-6,50,41,-8,74,36,-1,63,38,-5,65,48,-6,69,49,-6,78,37,-4,66,40,-7,68,49,-5,72,50,-3,81,41,-7,71,43,-9,71,50,-8,75,51,-6,34,107,-1,43,101,-2,49,95,-5,53,91,-9,55,85,-13,44,71,-4,46,58,-9,46,49,-12,46,41,-14,38,71,-7,50,74,-13,50,86,-14,47,90,-14,34,75,-9,47,81,-15,46,90,-13,42,93,-11,31,82,-12,41,85,-16,41,92,-14,38,93,-12,P
82,68,-1,72,63,-1,64,54,-2,57,50,-5,51,48,-7,71,38,1,61,39,-3,55,41,-6,49,41,-8,74,36,-1,62,38,-5,65,48,-6,69,49,-6,78,37,-4,66,40,-7,68,49,-5,72,50,-3,80,40,-7,71,43,-9,71,50,-8,74,51,-6,33,106,-1,42,101,-2,48,95,-5,53,91,-9,54,85,-13,43,70,-4,45,58,-9,46,48,-12,46,40,-14,38,71,-7,50,74,-13,50,85,-14,47,90,-14,34,75,-9,46,81,-15,46,90,-13,42,93,-11,31,81,-12,41,85,-15,41,92,-13,38,93,-11,P
81,68,-1,71,63,-1,64,54,-3,57,50,-5,51,48,-8,70,38,1,60,39,-3,54,40,-6,49,41,-8,74,36,-1,62,38,-5,65,48,-6,69,49,-5,77,37,-4,66,40,-7,68,49,-5,72,50,-3,80,40,-6,71,43,-9,71,50,-7,74,51,-6,33,106,-1,42,101,-2,49,95,-5,53,90,-9,54,85,-12,43,70,-4,45,58,-8,46,48,-11,46,41,-13,38,70,-6,50,75,-13,50,86,-14,47,91,-13,34,75,-9,46,81,-15,46,90,-13,42,93,-10,31,81,-12,41,85,-15,41,92,-13,38,93,-11,P
81,68,-1,71,63,-1,64,54,-2,58,50,-5,51,48,-7,70,38,1,60,39,-2,54,40,-5,50,40,-7,74,35,-1,62,38,-5,65,47,-5,69,48,-5,78,36,-3,66,40,-7,68,49,-5,72,49,-3,80,40,-6,71,43,-8,71,49,-7,74,50,-6,33,105,-1,42,100,-2,49,94,-5,53,90,-9,54,84,-12,43,70,-4,45,57,-8,46,48,-11,46,40,-13,37,70,-6,50,74,-12,50,85,-13,46,89,-13,33,74,-9,46,80,-14,45,89,-12,42,92,-10,31,80,-12,40,85,-15,41,91,-13,38,92,-11,P
81,68,-1,71,63,-1,64,54,-2,57,50,-5,51,48,-7,70,37,1,60,39,-3,55,40,-6,50,40,-8,74,35,-1,62,38,-5,65,47,-6,69,48,-6,77,36,-3,66,40,-7,68,49,-5,71,49,-3,80,40,-6,71,43,-9,71,50,-7,74,50,-6,33,106,-1,42,100,-2,49,94,-5,53,90,-9,54,84,-12,43,70,-4,45,57,-8,46,48,-11,46,40,-13,38,70,-6,50,74,-12,50,85,-13,47,89,-13,34,74,-9,46,80,-14,45,89,-12,42,92,-10,31,80,-12,41,84,-15,41,91,-13,38,92,-11,P
81,68,-1,71,63,-1,64,54,-2,57,50,-4,51,48,-6,71,37,2,60,39,-2,55,40,-5,49,40,-7,74,35,-1,62,38,-5,65,48,-6,69,49,-5,77,36,-3,65,39,-7,67,49,-5,72,50,-3,80,40,-6,70,43,-9,71,49,-7,74,50,-6,33,105,-1,42,100,-1,49,93,-4,53,89,-8,54,84,-12,43,69,-3,45,57,-8,46,47,-11,46,40,-13,38,69,-6,50,73,-12,50,84,-13,47,89,-13,34,73,-9,46,79,-14,45,89,-12,42,91,-10,30,80,-12,40,83,-15,40,90,-13,37,91,-11,P
81,68,-1,71,63,-1,64,54,-3,57,50,-5,51,48,-7,70,37,1,60,38,-3,54,40,-6,49,40,-8,74,35,-1,62,38,-5,65,48,-6,69,48,-6,77,36,-4,65,39,-7,68,49,-5,72,49,-3,80,40,-6,70,43,-9,71,49,-7,74,50,-6,33,105,-1,42,100,-2,48,94,-5,52,89,-9,54,83,-13,43,69,-4,45,57,-8,46,48,-11,46,40,-13,38,69,-6,50,72,-12,50,84,-13,47,88,-13,34,73,-9,46,78,-14,45,88,-12,42,91,-10,31,80,-12,40,84,-15,41,90,-13,37,92,-11,P
81,68,-1,71,63,-1,64,54,-3,57,49,-5,50,48,-7,70,38,1,60,39,-3,55,40,-6,50,40,-8,73,35,-1,62,38,-5,65,48,-6,69,48,-5,77,36,-3,66,39,-7,67,49,-5,71,49,-3,80,39,-6,70,43,-8,71,49,-7,74,50,-5,33,105,-1,42,99,-2,48,93,-5,52,89,-9,54,84,-13,43,69,-4,45,57,-8,46,47,-11,46,40,-13,38,69,-6,50,72,-12,50,84,-13,47,88,-13,34,73,-9,46,79,-14,46,88,-12,42,91,-10,31,80,-12,40,84,-15,41,90,-13,38,92,-11,P
81,68,-1,71,62,-1,64,54,-2,57,49,-5,50,48,-7,70,38,1,60,39,-3,55,40,-6,50,40,-8,73,35,-1,62,38,-5,64,48,-6,69,48,-6,77,36,-3,66,39,-7,67,49,-5,71,49,-3,80,39,-6,70,43,-8,71,49,-7,74,50,-5,33,105,-1,42,100,-2,48,93,-5,52,89,-9,54,84,-12,43,69,-4,45,57,-8,46,48,-11,46,40,-13,38,69,-6,50,73,-12,50,84,-13,47,88,-13,34,73,-9,46,79,-14,46,89,-12,42,91,-10,31,80,-12,40,84,-15,41,90,-13,38,92,-11,P
81,68,-1,71,63,-1,64,54,-2,57,50,-5,51,48,-7,71,37,1,60,39,-3,54,40,-6,49,41,-8,74,35,-1,62,38,-5,65,48,-6,69,48,-6,78,36,-4,66,39,-7,68,49,-5,72,49,-3,80,40,-7,70,43,-9,71,49,-8,74,50,-6,33,105,-1,42,99,-2,48,93,-5,52,89,-9,54,83,-13,43,69,-4,45,57,-9,46,48,-11,46,40,-13,37,69,-6,50,72,-13,50,84,-14,47,88,-13,33,73,-9,46,78,-15,45,88,-13,42,91,-10,31,79,-12,40,83,-15,41,90,-13,37,91,-11,P
81,68,-1,71,63,-1,64,54,-3,57,50,-5,50,48,-7,70,37,1,60,39,-3,54,40,-6,49,40,-8,74,35,-1,62,38,-5,65,48,-6,69,48,-6,77,36,-4,66,40,-7,68,49,-5,72,49,-3,80,40,-7,70,43,-8,71,49,-7,74,50,-6,32,105,-1,42,99,-1,48,93,-4,53,89,-8,54,83,-12,43,69,-3,45,57,-8,46,47,-11,46,40,-13,37,69,-6,50,72,-12,50,84,-13,47,87,-13,33,73,-9,46,79,-14,46,88,-12,42,90,-10,31,79,-12,41,83,-15,41,90,-13,38,91,-11,P
82,69,-1,71,64,-1,64,54,-2,57,50,-5,50,48,-7,71,38,1,61,40,-3,57,44,-6,54,44,-8,74,36,-1,62,39,-5,65,48,-6,68,49,-6,78,37,-3,66,40,-7,68,49,-5,71,50,-3,80,41,-6,70,44,-8,71,50,-7,74,51,-5,33,105,-1,43,99,-1,49,93,-5,53,89,-9,54,83,-12,43,69,-4,45,57,-8,46,47,-11,46,40,-13,37,69,-6,50,73,-12,50,84,-13,46,88,-13,33,73,-9,46,78,-15,45,88,-13,42,91,-10,30,80,-12,40,83,-15,40,90,-13,37,91,-11,P
81,69,-1,71,64,-1,64,55,-2,57,51,-4,50,49,-6,70,38,1,60,40,-2,54,41,-5,49,41,-7,74,36,-1,61,39,-5,64,49,-6,68,50,-5,77,37,-4,65,41,-7,67,50,-5,71,51,-3,80,41,-7,70,44,-9,70,51,-8,73,52,-7,33,105,-1,42,100,-2,48,94,-6,52,89,-10,54,83,-14,43,69,-4,45,56,-9,46,47,-12,45,39,-14,37,69,-7,50,72,-13,50,84,-14,47,88,-13,33,73,-9,46,79,-15,45,89,-13,41,91,-11,30,79,-12,40,83,-15,40,90,-13,37,91,-11,P
81,69,-1,71,64,-1,64,55,-2,57,51,-5,50,49,-7,71,38,1,60,40,-3,54,41,-6,49,41,-8,74,36,-1,62,39,-5,64,49,-6,68,50,-6,77,38,-4,65,42,-7,67,50,-5,71,51,-3,80,41,-6,70,45,-9,71,51,-7,74,52,-6,32,105,-1,42,100,-1,48,93,-4,52,89,-8,54,83,-12,43,69,-3,45,57,-8,45,48,-10,45,40,-12,37,69,-6,50,73,-12,50,84,-13,46,87,-12,33,73,-9,46,78,-14,45,88,-12,41,90,-10,30,79,-12,40,83,-15,40,90,-13,37,92,-11,P
81,70,-1,71,64,-1,64,55,-3,57,51,-5,50,49,-7,71,39,0,60,41,-3,54,42,-6,49,42,-9,74,37,-2,62,40,-6,64,49,-6,68,50,-6,77,38,-4,65,41,-7,67,50,-5,71,51,-3,80,42,-7,70,45,-9,71,51,-8,74,52,-6,32,105,-1,42,99,-2,48,93,-5,52,89,-9,54,83,-12,42,69,-4,44,57,-8,45,47,-11,45,39,-13,37,69,-6,49,72,-12,49,84,-13,46,87,-13,33,73,-9,46,78,-14,45,88,-13,41,90,-10,30,79,-12,40,83,-15,40,90,-13,37,91,-11,P
81,70,-1,71,64,-1,64,56,-3,57,51,-5,50,49,-8,70,39,1,60,41,-3,54,42,-6,49,42,-8,74,37,-1,62,40,-5,64,50,-5,68,50,-5,77,38,-4,65,41,-7,67,51,-5,71,51,-3,80,42,-7,70,45,-9,71,51,-8,74,52,-6,33,105,-1,42,100,-2,48,93,-5,53,89,-9,54,83,-12,43,69,-4,45,57,-8,45,47,-11,45,39,-13,37,69,-6,50,73,-13,50,84,-14,47,88,-13,33,73,-9,46,79,-15,45,89,-13,42,91,-11,30,79,-12,40,84,-15,40,90,-13,37,92,-11,P
81,70,-1,71,64,-1,64,56,-3,57,51,-5,50,50,-7,70,39,1,60,41,-3,54,42,-5,49,42,-8,74,37,-1,61,40,-5,64,50,-6,68,51,-5,77,38,-4,65,41,-7,67,51,-5,71,51,-3,80,42,-7,71,45,-9,71,51,-8,74,52,-6,32,105,-1,42,100,-2,48,94,-5,52,89,-9,53,83,-13,43,69,-4,45,57,-8,46,48,-11,45,40,-13,37,69,-6,50,73,-12,50,84,-14,46,88,-13,33,73,-9,46,79,-15,45,88,-13,41,91,-11,30,80,-12,40,84,-15,40,90,-13,37,92,-11,P
81,70,-1,71,65,-1,64,55,-3,57,51,-5,50,49,-7,71,39,1,60,41,-3,55,42,-6,49,42,-8,74,37,-1,62,40,-5,64,49,-6,68,50,-6,78,38,-4,65,41,-7,68,51,-5,71,51,-3,80,42,-6,71,45,-9,71,51,-7,74,52,-6,33,106,-1,42,100,-2,48,94,-5,52,89,-9,54,83,-13,43,70,-4,45,57,-8,46,47,-11,45,40,-13,37,70,-6,50,72,-13,50,84,-14,46,88,-13,33,73,-9,46,78,-15,45,89,-13,41,91,-10,30,80,-12,40,84,-15,40,90,-13,37,92,-11,P
81,70,-1,71,65,-1,64,56,-3,57,52,-6,50,50,-8,71,39,0,60,41,-4,54,42,-7,49,43,-9,74,37,-2,62,40,-6,65,50,-6,69,51,-6,78,38,-4,66,42,-8,68,51,-5,72,51,-3,80,42,-7,71,45,-10,71,52,-8,74,52,-7,32,106,-1,42,100,-2,48,94,-5,52,89,-9,54,84,-13,43,70,-4,45,57,-8,45,48,-11,45,40,-13,37,69,-6,50,73,-12,49,85,-13,45,89,-13,33,73,-9,46,79,-14,45,89,-12,41,91,-10,30,80,-12,40,83,-15,40,90,-13,37,91,-11,P
81,70,-1,71,65,-1,64,56,-3,57,52,-5,50,50,-7,71,39,1,60,41,-3,54,43,-6,49,43,-9,75,37,-1,62,40,-5,65,50,-6,69,50,-6,78,38,-4,66,42,-7,67,51,-5,71,51,-3,80,42,-7,70,45,-9,71,51,-7,74,52,-6,33,105,-1,42,99,-2,48,93,-5,52,89,-9,54,83,-13,43,69,-4,45,57,-9,46,48,-11,45,40,-14,37,70,-6,50,73,-13,49,85,-14,46,89,-13,33,74,-9,46,79,-15,45,89,-13,41,91,-10,30,80,-12,40,83,-15,40,90,-13,37,91,-11,P
81,70,-1,72,65,-1,64,56,-2,57,52,-5,51,50,-7,71,39,1,61,41,-3,54,43,-6,49,43,-8,74,37,-1,62,40,-5,65,50,-5,69,51,-5,78,38,-4,66,42,-7,68,51,-5,72,52,-3,80,42,-7,71,45,-9,71,52,-8,74,53,-6,32,105,-1,42,99,-2,49,93,-5,53,89,-9,54,83,-12,43,69,-4,45,57,-9,46,48,-12,45,40,-14,37,69,-7,49,73,-13,49,85,-14,46,89,-13,33,73,-10,46,79,-15,45,89,-13,41,91,-11,30,80,-13,40,84,-16,40,91,-14,37,92,-12,P
81,71,-1,72,65,-1,65,56,-2,58,52,-5,51,50,-7,72,39,1,61,41,-3,55,43,-6,49,43,-9,75,37,-1,62,41,-6,65,50,-6,69,51,-7,78,38,-4,66,42,-7,68,51,-5,72,52,-4,81,42,-7,71,45,-9,71,52,-8,75,53,-7,33,104,-1,43,99,-2,49,94,-5,53,89,-9,54,84,-13,43,69,-4,45,57,-9,46,48,-12,46,40,-14,38,69,-7,50,72,-13,50,84,-14,47,88,-13,34,73,-9,46,79,-15,45,89,-13,42,91,-11,30,80,-12,40,84,-15,40,90,-13,37,92,-11,P
81,70,-1,72,66,-1,64,57,-3,58,52,-6,51,50,-8,70,40,1,60,41,-3,55,42,-6,49,42,-8,74,38,-1,62,41,-5,65,50,-5,69,51,-5,77,39,-4,66,42,-7,68,51,-5,72,52,-3,80,42,-7,71,45,-9,71,52,-8,74,53,-6,34,105,-1,43,100,-2,49,93,-5,53,89,-9,54,83,-13,43,69,-4,45,57,-8,46,48,-11,46,40,-13,37,70,-6,50,73,-12,50,84,-13,46,88,-13,33,74,-9,46,79,-15,45,89,-13,42,91,-10,30,80,-12,40,83,-15,40,90,-13,38,92,-11,P
80,70,-1,71,65,-1,64,56,-3,58,52,-5,51,50,-7,70,40,1,61,41,-3,55,42,-5,50,42,-7,74,38,-1,62,40,-5,65,50,-5,69,51,-5,77,39,-4,66,42,-7,67,51,-5,71,52,-3,80,42,-7,71,45,-9,71,52,-8,74,53,-6,34,105,-1,43,100,-2,49,94,-6,53,89,-10,54,83,-14,43,69,-4,45,57,-9,46,47,-13,46,40,-15,37,69,-7,50,72,-13,50,84,-14,47,88,-14,33,73,-9,46,79,-15,45,89,-13,42,91,-11,30,80,-12,40,84,-16,41,91,-14,37,92,-12,P
81,70,-1,71,65,-1,64,56,-2,58,52,-5,51,50,-7,71,40,1,61,41,-3,55,43,-6,49,43,-8,74,38,-1,62,40,-5,65,50,-6,69,51,-5,78,39,-4,66,41,-8,68,51,-5,71,52,-3,81,42,-7,71,45,-9,71,51,-8,74,53,-6,33,104,-1,42,98,-2,48,92,-5,53,88,-9,54,82,-13,43,68,-4,45,56,-8,45,47,-11,45,39,-13,37,68,-6,49,72,-12,49,84,-13,46,88,-13,33,72,-9,46,78,-15,45,88,-12,41,90,-10,30,79,-12,40,82,-15,40,89,-13,37,91,-11,P
81,70,-1,71,65,-1,64,56,-2,58,52,-5,51,50,-7,71,40,1,61,42,-3,55,43,-5,49,43,-8,74,38,-1,62,40,-5,65,50,-5,69,51,-5,78,39,-4,66,41,-7,68,51,-5,71,52,-3,81,42,-7,71,45,-9,71,51,-8,74,53,-6,33,104,-1,42,98,-2,48,92,-5,52,88,-9,54,82,-13,43,68,-4,45,56,-9,45,46,-11,45,39,-13,37,68,-6,50,72,-13,50,84,-14,46,88,-13,33,72,-9,46,78,-15,45,88,-13,42,91,-10,30,79,-12,40,82,-15,40,89,-13,37,91,-11,P
81,71,-1,71,65,-1,64,56,-2,57,52,-5,51,50,-7,71,40,1,61,41,-3,55,43,-6,49,43,-8,74,38,-1,62,40,-5,65,50,-6,69,51,-6,78,39,-4,66,42,-7,68,51,-5,72,52,-3,80,42,-7,71,45,-9,71,52,-7,74,52,-6,34,104,-1,43,98,-1,49,91,-4,53,87,-8,54,82,-11,42,68,-3,44,56,-8,45,46,-11,45,39,-13,37,68,-6,50,72,-12,50,84,-13,46,87,-13,33,72,-9,46,78,-14,45,88,-12,41,90,-10,30,79,-12,40,83,-15,40,89,-13,37,91,-11,P
81,71,-1,71,65,-1,64,57,-3,57,52,-6,50,50,-8,71,40,0,60,41,-4,54,42,-7,49,42,-9,74,38,-1,62,41,-6,65,50,-6,69,51,-6,78,39,-4,66,42,-7,68,51,-5,72,52,-3,80,43,-7,71,46,-9,71,52,-7,74,53,-6,33,104,-1,42,98,-2,48,92,-5,53,88,-9,54,82,-13,42,68,-4,45,55,-9,45,46,-12,45,39,-13,37,68,-6,49,72,-13,50,83,-13,47,88,-13,33,72,-9,46,78,-14,45,88,-12,42,90,-10,30,79,-12,40,82,-15,40,89,-13,37,91,-11,P
81,71,-1,71,66,-1,64,57,-3,57,52,-5,50,51,-7,71,40,1,61,42,-3,55,43,-6,49,42,-8,75,38,-1,62,41,-5,65,51,-6,69,52,-6,78,39,-4,66,43,-7,68,52,-5,72,53,-3,81,43,-7,71,46,-9,72,52,-8,75,53,-6,33,104,-1,42,98,-2,48,92,-5,52,88,-9,54,82,-13,42,68,-4,45,56,-9,45,46,-11,45,38,-14,37,68,-6,50,72,-13,49,83,-14,46,87,-13,33,72,-9,46,78,-15,45,88,-13,41,90,-10,30,79,-12,40,82,-16,40,89,-13,37,90,-11,P
81,72,-1,72,66,-1,64,57,-3,58,53,-6,51,50,-8,71,41,1,61,42,-3,55,43,-7,49,43,-9,74,39,-1,62,41,-5,65,51,-6,69,52,-5,78,39,-4,66,43,-7,68,52,-5,72,53,-3,81,43,-7,71,46,-9,72,53,-8,75,53,-6,33,105,-1,42,99,-2,48,93,-5,52,88,-9,54,82,-13,42,68,-4,45,56,-8,45,46,-11,45,39,-13,37,68,-6,50,71,-13,50,83,-13,46,87,-13,33,72,-9,46,77,-15,45,87,-13,41,90,-10,30,78,-12,40,82,-15,40,89,-13,37,90,-11,P
66,92,-1,57,93,-5,49,90,-9,43,88,-13,43,84,-17,46,66,-4,41,59,-10,38,54,-14,36,50,-16,53,62,-5,46,65,-13,47,79,-14,48,83,-13,59,62,-7,54,71,-14,54,82,-12,55,83,-9,66,66,-10,62,74,-13,61,81,-12,61,82,-9,10,66,-1,19,67,-4,29,64,-8,36,59,-11,38,52,-14,32,45,-2,38,38,-8,40,42,-10,38,48,-10,26,39,-3,31,42,-8,26,54,-8,24,53,-6,19,37,-4,23,42,-10,20,52,-8,17,51,-5,12,35,-6,16,39,-10,15,48,-7,13,48,-4,Q
66,93,-1,57,93,-5,49,90,-9,43,89,-14,44,84,-18,46,66,-5,41,60,-11,38,56,-15,37,52,-18,53,62,-6,47,66,-13,47,79,-14,49,83,-13,60,63,-8,55,71,-14,54,82,-13,55,83,-10,66,66,-10,62,74,-14,61,82,-12,62,83,-10,11,67,-1,20,68,-4,30,64,-7,37,60,-11,39,53,-14,32,45,-2,39,39,-8,40,43,-10,38,49,-10,26,40,-3,32,43,-8,27,54,-8,25,54,-6,20,37,-4,25,43,-10,20,53,-8,18,51,-5,14,36,-6,18,40,-9,16,48,-7,14,48,-4,Q
67,93,-1,58,93,-5,49,91,-9,43,89,-13,44,84,-17,46,66,-5,41,62,-11,38,58,-15,37,54,-17,53,62,-5,47,66,-13,47,79,-14,49,83,-13,60,63,-7,54,71,-14,55,82,-12,56,83,-9,66,66,-10,62,74,-13,61,82,-12,62,83,-10,11,67,-1,20,68,-5,30,65,-8,38,61,-12,39,53,-15,33,45,-2,39,39,-8,40,43,-10,38,49,-10,26,40,-2,32,43,-8,27,54,-8,25,54,-6,20,37,-4,24,43,-10,20,53,-8,18,51,-5,14,36,-5,18,40,-9,16,48,-7,14,48,-4,Q
67,94,-1,58,93,-5,49,91,-9,43,89,-13,45,84,-17,47,66,-4,43,61,-10,40,57,-13,38,54,-15,54,63,-5,47,66,-12,48,79,-13,49,83,-11,60,63,-7,55,71,-14,55,82,-12,57,83,-9,67,67,-10,63,74,-13,62,82,-11,62,83,-9,12,67,-1,21,68,-5,31,65,-8,38,61,-12,41,54,-15,34,45,-3,40,39,-9,41,43,-11,39,49,-10,27,40,-3,33,43,-9,28,55,-8,26,54,-6,21,38,-4,26,43,-11,22,53,-8,19,51,-5,15,36,-6,19,40,-10,18,49,-8,15,48,-5,Q
66,94,-1,58,93,-4,50,90,-8,44,88,-12,45,85,-16,49,66,-3,45,60,-8,41,56,-11,39,53,-13,56,63,-4,48,65,-11,48,79,-11,50,82,-9,62,64,-6,56,70,-12,56,81,-10,58,83,-7,68,67,-9,64,73,-12,62,81,-10,62,83,-8,13,67,-1,22,68,-4,32,65,-8,39,61,-12,42,54,-15,35,45,-3,41,39,-9,43,43,-11,41,48,-10,29,40,-3,34,43,-9,29,54,-8,26,54,-6,22,38,-5,27,43,-11,23,53,-9,20,51,-5,16,36,-6,20,40,-10,19,48,-8,16,48,-5,Q
67,94,-1,59,93,-4,52,90,-8,47,88,-11,46,85,-15,50,67,-3,45,59,-8,43,55,-11,41,51,-12,56,64,-4,50,65,-10,50,78,-11,51,82,-9,62,64,-6,57,70,-12,57,81,-10,58,83,-7,69,67,-8,64,72,-11,63,81,-9,64,83,-7,14,66,-1,23,67,-4,33,64,-7,40,60,-11,43,53,-14,35,45,-2,42,38,-8,44,42,-10,42,48,-10,29,40,-3,36,43,-8,31,54,-8,28,53,-6,23,38,-5,29,43,-11,24,53,-9,22,51,-5,17,36,-6,22,39,-10,20,48,-8,18,47,-5,Q
67,94,-1,60,93,-4,53,90,-8,48,88,-12,48,84,-15,51,66,-4,47,58,-9,44,55,-12,43,53,-14,57,64,-5,51,66,-11,51,78,-11,53,82,-10,63,64,-6,58,70,-12,58,81,-10,60,83,-7,70,68,-9,66,73,-12,64,81,-10,65,83,-7,16,66,0,25,67,-5,35,63,-9,42,59,-13,47,55,-16,37,45,-2,43,38,-8,45,41,-10,44,47,-10,31,40,-2,37,42,-8,32,53,-7,30,53,-5,25,38,-4,30,42,-10,26,52,-8,24,51,-4,18,36,-5,23,39,-9,22,47,-7,20,47,-4,Q
69,94,-1,62,93,-4,54,89,-8,49,87,-11,49,84,-15,53,66,-3,48,58,-9,45,54,-12,44,53,-13,59,63,-4,52,64,-10,52,77,-11,54,81,-9,65,64,-6,60,69,-12,59,80,-10,61,82,-7,71,68,-9,67,72,-12,65,80,-9,66,82,-7,17,66,0,26,67,-5,36,63,-8,44,60,-12,47,53,-15,38,45,-2,43,38,-8,46,41,-10,45,47,-9,32,41,-3,38,42,-8,33,53,-7,31,52,-5,26,38,-4,31,42,-10,27,52,-8,25,50,-5,19,36,-6,25,39,-10,23,47,-7,20,47,-4,Q
70,94,-1,63,94,-3,55,89,-6,50,85,-9,50,82,-12,54,66,-2,50,56,-7,47,53,-10,45,52,-12,60,64,-3,54,64,-9,53,77,-10,55,80,-8,66,64,-5,61,68,-11,60,80,-9,62,82,-6,72,67,-8,68,71,-11,67,79,-9,67,81,-6,18,65,0,28,66,-5,37,63,-8,45,60,-12,48,52,-15,39,44,-2,44,38,-7,47,41,-9,46,46,-9,33,40,-2,40,42,-7,34,53,-7,32,52,-5,27,37,-4,32,42,-10,28,51,-8,26,49,-4,21,36,-5,26,38,-9,24,46,-7,22,46,-4,Q
72,94,-1,64,93,-4,57,89,-7,51,86,-10,52,82,-13,56,66,-2,51,55,-8,48,52,-11,46,52,-13,61,63,-3,55,64,-10,54,76,-11,56,80,-9,67,64,-6,62,69,-11,61,79,-9,63,81,-6,73,67,-8,69,72,-11,68,80,-9,69,81,-6,20,65,0,29,66,-5,38,63,-8,45,59,-12,49,52,-15,40,44,-2,45,38,-7,48,41,-10,48,47,-10,34,40,-2,41,42,-7,37,52,-7,34,52,-5,28,38,-4,34,42,-10,30,51,-8,28,49,-5,22,36,-5,28,38,-9,26,46,-7,23,46,-4,Q
73,94,-1,65,93,-4,57,89,-7,53,85,-10,53,80,-13,56,66,-3,52,56,-8,50,52,-11,50,50,-13,62,63,-4,57,63,-11,57,75,-12,58,80,-11,69,64,-6,65,69,-12,64,79,-10,65,82,-8,75,67,-8,71,71,-11,70,79,-9,71,81,-7,22,64,0,32,65,-4,41,62,-6,48,58,-9,52,52,-12,42,44,-1,47,38,-6,51,40,-8,51,45,-8,36,40,-2,44,41,-7,39,51,-6,36,52,-4,31,38,-3,37,41,-9,33,50,-7,30,49,-4,25,36,-5,31,38,-9,29,46,-6,26,46,-4,Q
73,94,-1,66,93,-5,58,89,-8,54,85,-12,55,80,-15,57,67,-4,53,57,-9,51,52,-12,52,49,-14,63,64,-5,58,64,-11,58,76,-12,59,80,-11,69,64,-7,66,69,-13,65,80,-11,67,81,-7,76,67,-9,72,71,-12,71,79,-10,72,80,-7,24,64,0,34,65,-4,43,61,-6,50,57,-9,53,50,-12,43,43,-1,48,37,-6,52,40,-8,52,45,-8,38,40,-2,45,41,-7,41,51,-7,37,52,-5,32,37,-3,39,41,-9,35,50,-7,31,49,-4,26,36,-5,33,38,-9,31,46,-7,28,46,-4,Q
74,92,-1,66,92,-4,59,89,-8,55,85,-12,56,80,-15,58,66,-4,54,56,-9,53,52,-13,53,51,-14,64,64,-5,59,63,-11,59,75,-12,60,79,-11,70,64,-6,67,68,-12,66,79,-11,67,81,-8,76,66,-9,73,71,-11,72,78,-9,73,80,-7,25,64,0,34,65,-4,43,61,-7,50,58,-10,54,51,-13,44,43,-2,49,37,-6,53,40,-8,54,45,-8,39,39,-2,47,41,-7,42,52,-7,39,52,-5,34,37,-4,41,41,-10,36,50,-8,33,49,-5,28,35,-6,34,38,-9,33,46,-7,29,46,-4,Q
74,93,-1,67,92,-4,59,89,-7,55,85,-11,56,80,-14,58,66,-3,54,57,-9,52,53,-11,53,50,-13,64,64,-4,59,64,-11,59,75,-11,61,79,-10,70,64,-6,67,68,-12,66,79,-10,67,80,-7,77,66,-8,73,71,-11,72,79,-9,72,80,-7,25,64,0,35,65,-4,44,61,-7,50,57,-10,54,51,-13,44,43,-1,49,38,-6,53,40,-8,54,45,-9,39,39,-2,47,41,-7,42,51,-7,39,52,-5,34,37,-3,40,41,-9,36,50,-8,33,49,-5,28,35,-5,34,38,-9,33,46,-7,29,46,-4,Q
74,92,-1,67,92,-4,60,88,-8,55,84,-11,57,80,-14,58,66,-4,54,57,-9,53,53,-12,54,51,-14,64,64,-4,60,63,-11,60,75,-12,61,79,-11,71,64,-6,68,68,-12,67,79,-11,68,81,-8,77,66,-8,74,70,-11,73,78,-9,73,79,-7,27,64,0,36,64,-4,45,61,-6,51,58,-9,56,52,-12,45,43,-1,50,38,-6,54,40,-7,55,45,-8,40,40,-2,48,41,-7,44,51,-6,41,52,-5,35,38,-3,42,41,-9,38,50,-7,35,49,-4,30,36,-5,36,39,-9,35,46,-7,31,46,-4,Q
75,93,-1,68,92,-5,61,89,-8,57,85,-12,58,79,-15,59,67,-4,55,59,-9,54,55,-12,55,51,-13,65,64,-4,61,63,-11,61,75,-12,62,79,-10,71,65,-6,68,68,-12,68,79,-10,69,80,-7,78,67,-8,75,70,-11,74,78,-9,74,79,-7,28,64,0,37,65,-4,45,61,-6,52,57,-9,57,52,-12,46,43,-1,51,38,-6,55,40,-7,56,45,-8,41,40,-2,49,41,-7,45,51,-7,42,52,-5,36,37,-3,44,41,-9,40,50,-7,36,49,-4,31,36,-5,38,38,-9,36,46,-7,32,46,-4,Q
75,92,-1,68,91,-4,60,87,-6,57,82,-10,59,79,-12,60,67,-2,57,58,-7,55,55,-9,55,53,-11,66,65,-3,62,62,-10,61,74,-10,63,78,-9,72,65,-5,69,67,-11,68,78,-9,70,80,-6,78,67,-8,75,70,-10,74,77,-9,74,79,-6,28,64,0,38,65,-4,46,61,-6,53,57,-10,58,52,-13,47,43,-1,52,38,-6,56,40,-7,57,45,-8,42,39,-2,50,42,-7,46,52,-6,42,52,-5,38,37,-4,45,41,-9,41,50,-7,37,50,-4,32,35,-5,39,39,-9,38,46,-7,34,46,-5,Q
76,92,-1,68,90,-4,61,86,-7,57,83,-11,59,80,-14,61,66,-3,58,58,-8,56,56,-10,56,54,-12,66,64,-4,62,62,-10,62,74,-10,63,78,-9,72,64,-6,69,68,-11,69,78,-9,70,80,-7,78,66,-8,75,71,-10,74,78,-9,75,79,-6,29,63,0,39,64,-3,47,61,-6,54,57,-9,59,52,-12,47,43,0,53,38,-5,57,40,-7,58,45,-7,43,39,-1,51,42,-6,47,52,-6,43,52,-4,39,37,-3,46,42,-9,41,50,-7,38,49,-4,33,35,-5,40,39,-9,38,46,-7,35,46,-4,Q
76,91,-1,68,91,-4,61,87,-7,57,83,-11,60,80,-14,61,66,-3,58,58,-8,57,56,-10,57,54,-11,67,64,-4,63,62,-9,63,74,-10,64,77,-8,72,64,-5,70,68,-11,70,79,-9,70,80,-6,78,66,-8,76,71,-10,75,78,-8,75,79,-6,30,63,0,40,64,-3,48,61,-6,55,57,-10,60,51,-13,48,43,-1,53,38,-5,57,40,-7,58,45,-7,44,39,-1,52,41,-6,48,52,-6,44,52,-4,39,37,-3,47,41,-9,42,50,-7,38,49,-4,34,35,-5,41,39,-8,39,46,-7,36,46,-4,Q
76,91,-1,69,90,-4,62,86,-7,58,83,-11,60,79,-14,62,66,-3,59,58,-8,58,56,-11,58,55,-12,67,64,-4,63,63,-9,63,74,-10,64,77,-8,73,64,-5,70,68,-11,70,78,-9,71,80,-6,79,67,-8,77,71,-10,76,78,-8,76,79,-6,31,63,0,40,64,-4,49,61,-6,56,58,-10,60,52,-12,49,43,0,54,38,-5,58,40,-6,59,45,-6,45,40,-1,53,41,-5,48,51,-5,45,51,-3,40,37,-2,48,41,-8,43,50,-6,40,49,-3,35,35,-4,43,39,-7,40,46,-6,37,45,-3,Q
76,91,-1,69,90,-4,62,86,-7,59,83,-11,61,79,-14,62,66,-3,59,58,-8,59,55,-11,59,53,-12,67,64,-4,64,63,-10,64,74,-10,65,78,-9,73,65,-6,71,68,-11,71,78,-9,71,80,-7,79,67,-8,77,70,-10,76,77,-9,76,79,-7,31,63,0,41,64,-3,49,61,-6,56,58,-9,61,52,-12,50,43,0,55,38,-4,59,40,-6,60,44,-6,46,40,-1,54,41,-5,49,51,-5,46,51,-4,41,37,-3,48,41,-8,44,50,-6,40,48,-4,36,35,-4,43,38,-8,41,45,-6,37,45,-4,Q
77,91,-1,70,90,-4,63,86,-7,59,83,-11,61,79,-13,62,66,-3,60,58,-8,59,56,-11,60,54,-13,68,64,-4,65,63,-10,65,74,-10,65,77,-9,74,64,-5,72,68,-11,71,78,-9,71,80,-7,80,66,-7,78,70,-10,77,78,-9,76,79,-7,32,63,0,42,63,-4,50,61,-6,57,58,-10,61,52,-13,51,44,-1,56,38,-5,59,41,-7,60,45,-7,46,40,-1,55,41,-6,50,51,-6,46,51,-4,42,38,-3,49,41,-8,45,50,-7,41,48,-4,36,35,-5,44,38,-8,41,45,-6,38,44,-3,Q
77,91,-1,70,90,-4,63,86,-7,59,82,-10,62,79,-13,63,66,-3,61,58,-8,61,55,-11,62,52,-12,69,64,-4,66,63,-10,65,74,-10,66,77,-9,74,65,-6,73,67,-11,72,78,-9,72,79,-6,80,67,-8,79,70,-11,77,78,-9,77,79,-7,33,63,0,42,63,-4,51,61,-7,58,58,-10,62,52,-13,52,44,0,57,39,-5,61,41,-7,61,46,-7,48,40,-1,56,41,-6,51,51,-6,47,51,-4,44,37,-3,50,41,-8,46,49,-6,42,48,-3,38,35,-4,45,38,-8,42,45,-6,39,44,-3,Q
77,91,-1,70,89,-4,63,85,-8,59,82,-11,63,79,-14,63,66,-3,61,59,-8,61,56,-11,62,53,-13,69,63,-4,66,63,-10,65,74,-11,66,77,-10,74,64,-5,73,68,-11,72,78,-9,72,79,-7,80,66,-7,79,71,-10,78,78,-9,77,79,-7,33,62,0,43,63,-4,51,61,-6,58,58,-10,63,52,-12,53,44,0,58,38,-5,62,41,-7,62,45,-7,48,40,-1,56,42,-6,51,51,-6,48,51,-4,44,38,-3,51,41,-8,46,49,-7,42,48,-4,38,35,-5,45,38,-8,43,45,-6,40,44,-4,Q
77,90,-1,70,89,-4,63,86,-8,59,82,-11,63,79,-14,63,66,-3,61,59,-8,61,56,-11,62,53,-13,68,63,-4,66,64,-10,66,74,-11,66,77,-9,74,64,-5,73,69,-11,72,78,-9,72,79,-7,80,66,-7,79,71,-10,77,78,-9,77,79,-7,34,62,0,43,63,-3,51,61,-6,58,58,-10,63,52,-13,53,44,0,58,39,-5,62,41,-7,62,45,-7,48,40,-1,57,41,-6,52,51,-6,48,52,-4,44,37,-3,51,41,-8,46,49,-7,42,48,-4,38,35,-5,45,37,-8,43,44,-6,40,45,-4,Q
77,90,-1,70,89,-5,63,86,-8,59,82,-11,62,78,-15,63,66,-3,62,59,-8,61,55,-11,62,52,-13,69,64,-4,66,63,-10,66,74,-10,66,77,-9,75,64,-5,73,67,-11,72,77,-9,73,79,-7,81,67,-7,79,69,-10,77,77,-9,77,79,-7,34,62,0,43,63,-3,52,60,-6,59,57,-9,64,51,-11,53,44,0,58,39,-4,62,41,-6,63,45,-6,49,40,-1,57,41,-5,52,51,-5,48,51,-4,44,38,-2,51,41,-8,47,49,-6,43,49,-3,39,35,-4,46,38,-8,44,45,-6,40,45,-3,Q
77,90,-1,70,89,-4,63,85,-7,60,81,-11,62,77,-14,64,66,-3,62,57,-8,62,54,-12,63,52,-13,69,64,-4,66,63,-10,66,74,-11,66,77,-10,75,65,-6,73,67,-11,72,77,-10,72,80,-7,81,67,-8,79,70,-11,78,77,-9,77,79,-7,34,62,0,43,63,-3,52,59,-5,59,56,-8,64,51,-10,53,43,1,58,38,-3,62,41,-5,63,45,-5,49,40,0,57,41,-5,52,50,-5,48,51,-4,44,37,-2,52,41,-7,47,49,-6,43,48,-3,39,35,-4,47,38,-7,44,45,-6,41,45,-3,Q
77,90,-1,70,89,-4,63,86,-8,59,82,-11,62,78,-14,63,66,-4,61,57,-9,62,53,-13,63,52,-14,69,64,-4,66,63,-11,65,73,-12,66,77,-11,75,64,-6,73,68,-12,72,77,-10,72,79,-8,80,66,-8,79,70,-11,77,78,-9,77,79,-7,34,62,0,44,63,-3,52,59,-5,59,56,-8,64,51,-10,53,43,1,58,38,-4,62,41,-6,63,45,-6,49,40,0,57,41,-5,52,51,-5,48,51,-4,44,37,-2,52,41,-8,47,49,-6,43,48,-4,39,35,-4,47,38,-8,44,45,-6,41,44,-4,Q
77,90,-1,70,89,-5,63,86,-8,59,82,-12,62,77,-15,63,66,-4,62,56,-10,62,53,-13,63,52,-15,68,63,-4,66,63,-11,66,74,-11,66,77,-10,74,64,-6,72,68,-11,72,77,-9,72,78,-7,80,66,-8,78,70,-10,77,77,-9,77,78,-7,34,62,0,43,63,-3,52,60,-5,59,56,-8,65,51,-10,53,43,1,58,38,-3,62,41,-5,63,45,-6,48,40,0,57,41,-5,52,50,-5,49,51,-4,44,37,-2,52,40,-8,47,49,-6,43,48,-3,39,35,-4,47,38,-8,45,45,-6,41,45,-3,Q
76,91,-1,69,89,-5,62,86,-8,59,81,-12,62,77,-15,63,66,-4,61,56,-10,62,53,-13,64,52,-15,68,65,-5,66,63,-11,65,73,-13,66,77,-12,74,65,-6,72,67,-12,72,77,-11,72,80,-8,80,67,-8,79,69,-11,77,76,-10,77,79,-8,33,62,0,43,63,-3,52,60,-5,59,56,-8,64,51,-10,52,43,1,58,39,-3,62,41,-5,63,45,-5,48,40,0,56,41,-4,52,50,-5,48,51,-3,44,37,-2,52,40,-7,47,49,-6,43,48,-3,39,35,-4,47,37,-7,45,44,-5,41,44,-3,Q
76,91,-1,69,89,-5,62,86,-8,59,82,-12,62,78,-15,63,66,-4,61,56,-9,61,53,-12,62,51,-13,68,64,-4,66,63,-10,65,74,-11,66,77,-10,74,64,-5,72,67,-11,72,77,-9,72,79,-7,80,66,-7,78,69,-10,77,77,-9,76,78,-7,33,62,0,43,63,-3,52,60,-5,59,56,-8,64,51,-11,52,43,1,57,38,-3,61,41,-5,63,45,-5,48,40,0,56,41,-5,52,50,-5,48,50,-3,44,37,-2,51,40,-7,47,49,-6,43,48,-3,39,35,-4,46,37,-7,44,44,-6,41,44,-3,Q
75,91,-1,68,90,-5,61,86,-8,58,82,-12,62,78,-15,61,67,-4,60,58,-9,60,54,-11,61,52,-13,67,65,-4,65,63,-10,65,74,-11,66,77,-9,73,65,-5,72,67,-11,71,77,-9,71,79,-7,79,67,-7,78,69,-10,76,77,-9,76,79,-7,33,62,0,42,63,-3,51,59,-5,59,56,-7,64,51,-10,51,43,1,57,38,-2,61,41,-4,62,45,-4,47,40,0,56,41,-4,51,50,-4,48,50,-3,43,37,-2,51,40,-7,46,48,-6,42,48,-3,38,34,-4,46,36,-7,44,44,-5,40,44,-3,Q
74,91,-1,67,90,-5,61,86,-8,58,82,-11,61,79,-14,61,66,-3,59,57,-8,58,54,-10,58,53,-12,66,64,-4,64,63,-9,64,74,-10,65,77,-8,72,64,-5,71,68,-10,70,78,-9,70,79,-6,78,66,-7,77,70,-10,75,77,-8,75,78,-6,32,62,0,42,62,-2,51,58,-4,58,55,-7,63,50,-9,51,43,2,56,38,-2,60,40,-4,62,44,-4,47,40,0,55,41,-4,51,50,-4,47,50,-3,43,37,-2,50,39,-7,46,48,-6,42,47,-3,38,34,-4,45,36,-7,43,43,-6,40,44,-3,Q
71,90,-1,64,90,-5,57,87,-9,54,83,-13,56,78,-17,56,66,-4,53,56,-10,54,51,-13,56,49,-15,62,64,-5,60,62,-11,60,73,-12,60,78,-11,68,64,-6,66,65,-12,66,76,-10,66,79,-7,74,66,-8,72,67,-11,71,75,-9,70,77,-7,27,60,0,37,60,-1,45,57,-3,51,54,-5,57,48,-8,45,42,4,50,37,0,54,39,-2,56,42,-3,42,38,2,50,37,-3,46,46,-4,42,48,-3,38,35,-1,45,36,-6,41,44,-5,37,44,-3,32,32,-3,40,34,-7,38,40,-5,34,40,-3,Q
71,90,-1,64,90,-5,57,86,-9,54,82,-13,56,78,-16,56,65,-4,53,56,-10,54,51,-13,56,49,-15,62,64,-5,60,62,-11,60,74,-11,60,78,-10,68,64,-6,66,66,-12,66,77,-10,66,79,-7,73,66,-8,72,68,-11,71,75,-9,70,77,-7,27,60,0,37,60,-2,45,57,-3,52,53,-6,57,48,-8,45,42,2,50,36,-1,55,39,-3,56,43,-4,42,38,1,50,37,-4,46,46,-5,42,48,-4,38,35,-1,45,36,-7,41,44,-6,37,45,-4,32,32,-3,40,33,-7,39,40,-5,35,41,-3,Q
71,90,-1,64,89,-5,57,86,-9,54,82,-13,57,78,-17,56,65,-4,53,56,-10,53,52,-13,55,49,-15,62,63,-5,60,62,-11,60,74,-12,60,78,-11,68,64,-6,66,66,-12,65,77,-11,65,79,-8,74,66,-8,72,68,-11,70,75,-10,70,77,-7,27,59,0,37,60,-2,45,57,-3,51,53,-6,57,48,-8,45,42,3,50,37,-1,54,39,-3,55,42,-3,42,38,1,50,37,-3,46,46,-5,43,48,-4,38,35,-1,45,36,-7,41,45,-6,37,45,-3,32,32,-3,40,34,-7,38,40,-5,34,41,-3,Q
71,90,-1,64,89,-5,57,86,-8,54,82,-12,56,78,-16,57,65,-4,54,56,-9,54,51,-12,56,49,-14,62,64,-4,60,62,-10,60,74,-10,61,77,-9,68,64,-6,66,66,-11,66,76,-9,66,78,-6,74,66,-8,72,67,-11,70,75,-9,70,77,-6,27,59,0,37,60,-2,45,57,-4,52,54,-6,57,48,-8,45,42,2,51,37,-1,55,39,-3,56,43,-4,42,38,1,50,37,-4,46,46,-5,42,48,-4,38,35,-1,45,36,-7,41,44,-6,37,45,-3,32,32,-3,40,33,-7,38,40,-5,35,41,-3,Q
71,90,-1,64,89,-5,57,86,-8,55,82,-12,56,78,-15,56,65,-4,54,56,-9,54,51,-12,56,49,-14,62,63,-5,60,63,-10,60,74,-11,61,78,-10,68,64,-6,66,66,-11,65,77,-10,66,79,-7,73,66,-8,72,68,-11,70,76,-9,70,77,-6,27,60,0,37,60,-2,45,57,-3,52,54,-6,57,48,-8,45,42,3,50,37,-1,54,39,-3,56,42,-3,42,38,1,50,37,-3,46,46,-4,42,48,-4,38,35,-1,45,36,-6,41,44,-5,37,45,-3,32,32,-3,40,33,-7,39,40,-5,35,41,-3,Q
71,90,-1,64,89,-5,57,86,-9,54,82,-13,56,78,-17,56,65,-4,53,56,-10,54,51,-13,56,49,-15,62,63,-5,60,62,-11,59,73,-12,60,77,-11,68,64,-6,66,66,-12,65,77,-11,65,79,-8,73,66,-8,72,68,-11,71,76,-10,70,78,-7,27,59,0,37,60,-2,45,57,-3,52,53,-5,57,48,-7,45,41,3,50,36,-1,54,39,-3,56,43,-3,42,38,1,50,37,-4,46,46,-5,42,48,-4,38,35,-1,45,36,-7,41,44,-6,36,44,-4,32,32,-3,40,33,-7,38,40,-5,34,40,-3,Q
71,90,-1,64,89,-5,57,86,-9,54,82,-13,57,78,-16,56,65,-4,54,56,-10,54,51,-13,56,49,-15,62,63,-5,60,62,-11,59,74,-12,60,78,-11,68,63,-6,66,66,-12,65,77,-10,65,79,-7,73,65,-8,72,68,-11,71,76,-9,70,77,-7,27,60,0,37,60,-2,45,56,-4,51,53,-6,57,48,-8,45,41,2,51,37,-1,55,39,-3,56,43,-4,42,38,1,50,37,-4,46,46,-5,42,48,-4,38,35,-1,45,36,-7,41,44,-6,37,45,-3,32,32,-3,40,33,-7,39,40,-5,35,41,-3,Q
71,90,-1,64,90,-6,57,86,-10,54,83,-14,56,78,-18,56,66,-5,53,56,-10,53,51,-13,55,48,-15,62,64,-5,59,62,-11,59,75,-11,60,78,-10,68,64,-6,66,66,-12,65,77,-10,66,79,-7,73,66,-8,72,68,-11,71,75,-9,70,77,-7,27,59,0,37,60,-2,45,57,-4,52,54,-6,57,48,-9,45,41,3,51,37,-1,54,39,-3,55,43,-4,42,38,1,50,37,-3,46,46,-5,42,48,-4,38,35,-1,45,36,-6,41,44,-5,37,45,-3,32,32,-3,40,33,-7,38,40,-5,34,41,-3,Q
71,90,-1,64,90,-5,57,86,-8,54,82,-12,56,78,-16,56,65,-4,53,56,-10,54,51,-13,56,49,-15,62,63,-5,60,63,-11,60,75,-11,60,78,-10,67,63,-6,66,67,-11,66,77,-10,66,79,-7,73,65,-8,72,69,-11,70,76,-9,70,78,-7,27,59,0,37,60,-2,45,56,-4,52,53,-6,57,48,-8,45,41,2,51,37,-2,55,38,-4,56,42,-4,42,38,1,50,37,-4,46,46,-5,42,48,-5,38,35,-1,45,36,-7,41,44,-6,37,45,-4,32,32,-4,40,33,-7,38,40,-6,35,41,-3,Q
71,90,-1,64,90,-5,57,86,-9,54,82,-13,57,78,-17,56,66,-4,53,56,-10,54,52,-14,56,49,-15,62,64,-5,60,62,-11,60,74,-12,60,78,-11,68,64,-6,66,66,-12,66,77,-10,66,79,-7,73,66,-9,72,68,-11,71,76,-10,70,77,-7,28,59,0,37,60,-2,45,57,-3,52,53,-6,57,48,-8,46,42,2,51,37,-1,54,39,-3,55,42,-3,42,38,1,50,37,-4,46,46,-5,42,48,-4,38,35,-1,45,36,-6,42,44,-5,37,45,-3,32,32,-3,40,33,-7,39,40,-5,35,41,-3,Q
71,90,-1,64,90,-5,58,87,-9,54,83,-13,56,78,-17,56,66,-5,53,56,-10,54,51,-13,56,49,-15,62,63,-5,60,63,-11,60,74,-12,60,78,-10,68,63,-6,66,67,-12,65,77,-10,66,79,-7,74,65,-8,72,68,-11,71,76,-9,70,77,-7,28,60,0,37,60,-2,45,57,-3,52,53,-6,57,48,-8,45,41,2,50,37,-1,54,39,-3,56,43,-3,42,38,1,50,37,-4,46,46,-5,42,48,-4,38,35,-1,45,36,-7,41,44,-6,36,45,-3,32,32,-3,40,33,-7,38,40,-5,35,41,-3,Q
71,90,-1,64,90,-5,57,87,-9,54,83,-13,56,79,-17,56,66,-5,54,56,-10,54,51,-13,56,49,-15,62,64,-5,60,62,-11,60,74,-12,60,77,-10,68,64,-6,66,66,-12,65,77,-10,65,79,-7,74,66,-8,72,68,-11,70,76,-9,70,77,-7,27,59,0,37,60,-2,45,57,-3,52,53,-6,57,48,-7,45,42,3,51,37,0,54,39,-2,55,43,-3,42,39,2,50,37,-3,46,46,-4,42,48,-3,38,35,-1,45,36,-6,41,45,-5,37,45,-3,32,32,-3,40,33,-6,38,40,-5,34,41,-3,Q
71,90,-1,64,90,-5,57,86,-9,54,83,-12,55,78,-16,56,65,-4,53,55,-10,54,51,-13,56,49,-14,62,63,-5,60,63,-11,59,74,-11,60,77,-10,68,63,-6,66,68,-11,65,77,-9,65,79,-7,73,65,-8,72,69,-10,70,76,-9,70,77,-6,27,60,0,37,60,-2,45,57,-4,52,53,-6,57,48,-8,45,41,2,50,37,-1,54,38,-3,56,42,-3,42,38,1,50,37,-4,46,46,-5,43,48,-4,38,35,-1,45,36,-6,41,44,-6,37,45,-3,32,32,-3,40,33,-7,38,40,-5,35,41,-3,Q
71,90,-1,64,90,-5,57,87,-9,54,82,-14,57,78,-18,56,66,-4,53,56,-10,54,51,-13,56,49,-15,62,63,-5,60,63,-11,60,74,-11,60,77,-10,68,63,-6,66,67,-12,66,77,-10,66,79,-7,73,65,-8,72,68,-11,71,76,-9,70,77,-7,27,60,0,37,60,-2,45,57,-3,52,53,-5,57,48,-7,45,41,3,50,37,-1,54,38,-3,55,42,-3,42,38,1,50,37,-4,46,47,-5,42,48,-4,37,35,-1,45,36,-7,41,45,-6,36,45,-3,32,32,-4,40,34,-7,38,40,-5,34,40,-3,Q
71,90,-1,64,90,-5,57,86,-9,54,83,-13,56,78,-16,56,65,-4,54,56,-10,54,51,-13,56,49,-15,62,63,-5,60,63,-11,60,74,-12,60,78,-11,68,63,-6,66,67,-12,66,77,-10,66,79,-7,74,65,-8,72,68,-11,71,76,-9,70,78,-7,27,59,0,37,60,-2,45,57,-4,52,54,-6,57,48,-8,45,42,2,51,37,-2,55,39,-3,55,42,-4,42,38,1,50,37,-4,46,46,-5,42,48,-4,38,35,-2,45,36,-7,41,45,-6,37,45,-3,32,32,-4,40,33,-7,38,40,-5,34,41,-3,Q
71,90,-1,64,90,-5,57,86,-9,54,83,-13,56,79,-16,57,65,-4,54,56,-9,54,51,-12,55,48,-14,62,63,-5,60,63,-11,59,74,-11,60,77,-10,68,64,-6,66,66,-12,65,77,-10,65,78,-7,74,66,-8,72,68,-11,70,75,-9,70,77,-6,27,59,0,37,60,-2,45,57,-4,51,54,-7,57,48,-9,45,42,2,50,37,-2,54,38,-3,55,42,-3,41,38,1,50,37,-4,46,46,-5,42,48,-3,37,35,-2,45,36,-7,41,45,-6,37,45,-3,32,32,-4,40,33,-7,38,40,-6,35,41,-3,Q
71,90,-1,64,89,-5,57,86,-9,54,82,-13,56,78,-16,56,65,-4,53,55,-10,53,51,-13,55,48,-15,62,62,-5,60,63,-11,59,75,-12,60,78,-11,68,62,-6,66,67,-11,65,77,-10,65,79,-7,73,64,-8,72,69,-10,70,77,-9,70,78,-7,27,59,0,37,60,-2,45,57,-4,51,53,-6,57,48,-8,45,41,2,50,36,-1,54,38,-3,55,42,-4,41,38,1,49,37,-4,46,46,-5,42,48,-4,37,35,-1,45,36,-7,41,44,-6,36,45,-4,32,32,-4,40,33,-7,38,40,-6,35,41,-3,Q
71,90,-1,64,89,-5,57,86,-8,53,83,-12,55,77,-16,56,65,-4,53,56,-10,53,51,-13,55,49,-15,61,63,-4,60,63,-10,60,74,-11,60,77,-10,67,63,-6,66,66,-11,65,77,-9,66,78,-6,73,65,-8,72,68,-10,70,76,-8,70,77,-6,27,59,0,37,59,-2,45,57,-4,51,53,-6,56,48,-8,45,42,2,50,37,-1,54,38,-3,55,42,-4,41,38,1,49,36,-4,46,46,-5,42,48,-4,37,35,-1,45,35,-7,41,44,-6,36,45,-3,32,32,-3,40,33,-7,38,40,-5,34,41,-3,Q
71,90,-1,63,89,-5,57,86,-8,53,83,-12,55,77,-16,56,65,-4,53,55,-10,53,51,-14,55,48,-16,61,63,-5,59,62,-11,59,74,-12,60,77,-11,67,64,-6,66,66,-12,65,76,-10,65,78,-7,73,66,-8,71,67,-11,70,75,-9,70,77,-6,27,59,0,36,59,-2,45,56,-4,51,53,-7,56,47,-9,45,41,1,50,36,-2,54,38,-4,55,42,-4,41,38,0,49,37,-4,46,46,-5,42,48,-4,37,35,-1,44,35,-7,41,44,-6,37,44,-3,32,32,-3,39,32,-7,38,40,-5,34,40,-3,Q
70,90,-1,63,89,-5,56,85,-8,52,82,-12,53,76,-15,55,65,-4,53,56,-10,53,51,-13,55,49,-15,61,63,-5,59,62,-11,59,74,-12,59,78,-11,67,63,-6,65,66,-12,65,76,-10,64,79,-8,73,66,-8,71,67,-11,70,75,-9,69,77,-7,26,59,0,36,59,-2,44,56,-3,51,53,-6,56,47,-8,44,41,2,49,36,-1,53,38,-3,54,42,-4,41,38,1,49,36,-4,45,45,-5,41,47,-4,37,35,-1,44,35,-7,40,44,-6,36,44,-3,31,31,-4,39,33,-7,38,39,-6,34,40,-3,Q
70,89,-1,62,89,-5,56,85,-8,53,82,-12,55,77,-15,55,64,-4,52,55,-9,52,51,-13,54,49,-14,61,62,-4,59,62,-10,59,74,-11,59,78,-10,67,62,-6,65,66,-11,64,76,-9,65,79,-7,72,65,-8,71,68,-10,69,76,-9,69,77,-6,26,59,0,36,59,-2,44,56,-4,50,52,-6,56,47,-8,44,41,2,49,36,-2,53,38,-3,54,42,-4,41,38,1,48,36,-4,45,45,-5,41,48,-4,36,35,-1,44,35,-7,40,44,-6,35,44,-3,31,31,-3,39,32,-7,37,39,-5,33,40,-3,Q
70,89,-1,63,89,-5,56,86,-9,53,83,-13,54,78,-16,55,64,-5,52,56,-10,52,51,-14,54,48,-16,60,62,-5,58,62,-11,58,74,-12,59,77,-11,66,63,-6,65,65,-12,64,76,-10,64,78,-7,72,65,-8,71,67,-11,69,74,-9,69,76,-7,26,59,0,36,59,-2,44,56,-4,50,53,-7,55,47,-9,44,41,1,49,36,-2,53,38,-4,54,42,-4,40,38,0,48,37,-4,44,46,-5,40,47,-3,36,34,-2,44,35,-7,40,44,-6,35,44,-3,31,31,-4,38,33,-7,37,40,-5,33,40,-3,Q
70,89,-1,62,89,-5,56,85,-8,52,81,-12,55,77,-15,55,64,-4,52,55,-10,52,51,-13,54,48,-15,60,61,-5,58,62,-11,58,74,-12,58,77,-11,66,62,-6,65,66,-12,64,76,-10,64,78,-7,72,64,-8,70,68,-11,69,76,-9,69,77,-7,26,59,0,35,59,-2,44,56,-4,50,53,-6,55,47,-9,43,41,2,49,36,-2,53,38,-4,54,42,-4,40,38,1,48,37,-4,44,46,-5,40,47,-4,36,34,-2,43,35,-7,39,44,-6,35,44,-3,30,31,-4,38,32,-7,37,39,-6,33,40,-3,Q
69,89,-1,62,88,-5,56,85,-8,52,82,-12,55,77,-15,54,64,-4,52,55,-9,52,51,-13,54,48,-14,60,61,-5,58,62,-11,58,73,-12,58,77,-11,66,62,-6,64,66,-11,64,76,-10,64,78,-8,72,64,-8,70,67,-11,69,75,-9,68,77,-7,26,60,0,35,60,-2,44,57,-4,50,53,-7,55,47,-9,44,41,2,49,36,-2,52,38,-4,53,42,-4,40,38,1,48,37,-4,44,46,-5,40,48,-3,36,35,-1,43,35,-7,39,44,-6,35,44,-3,30,32,-4,38,33,-7,36,40,-5,32,40,-3,Q
69,89,-1,62,88,-5,56,85,-9,53,82,-13,54,77,-17,55,64,-4,52,55,-10,52,51,-13,54,49,-15,60,61,-5,58,62,-11,58,73,-12,58,76,-10,66,62,-6,64,66,-12,63,76,-10,64,77,-7,71,64,-8,70,68,-11,68,75,-9,68,76,-6,26,59,0,35,60,-3,44,57,-4,50,53,-7,55,47,-9,44,41,1,48,36,-2,52,38,-4,53,42,-4,40,38,0,48,37,-4,44,46,-5,40,48,-3,36,35,-2,43,36,-7,39,44,-6,35,44,-3,30,32,-4,38,33,-7,36,40,-5,32,40,-3,Q
69,89,-1,61,88,-5,55,85,-9,51,82,-13,54,77,-17,54,63,-4,53,55,-10,52,51,-13,54,49,-14,60,61,-5,57,62,-11,57,74,-11,58,77,-9,66,62,-6,64,66,-11,63,76,-9,63,78,-6,71,64,-8,70,68,-11,68,75,-9,68,76,-6,25,59,0,36,60,-2,44,57,-4,50,53,-6,55,47,-8,44,41,2,49,36,-1,53,38,-3,54,42,-4,40,38,1,48,37,-4,44,46,-4,40,48,-3,36,34,-1,43,36,-6,39,44,-5,35,44,-3,30,32,-3,38,33,-7,36,40,-5,32,40,-3,Q
69,88,-1,62,88,-5,55,85,-9,51,82,-13,54,77,-16,54,63,-4,52,55,-10,52,51,-13,53,48,-15,60,61,-5,57,61,-11,57,73,-11,58,77,-10,66,62,-6,64,66,-11,63,76,-10,63,78,-7,71,64,-8,69,67,-11,68,75,-9,68,76,-6,26,59,0,35,60,-2,44,56,-4,50,53,-7,55,47,-9,44,41,2,48,36,-2,52,38,-4,53,42,-4,40,37,0,48,37,-4,44,46,-5,40,47,-3,36,34,-2,43,36,-7,39,44,-6,35,44,-3,30,32,-4,38,33,-7,36,40,-5,33,40,-3,Q
69,89,-1,62,88,-5,55,85,-9,51,81,-13,54,77,-16,54,64,-4,52,55,-10,52,51,-13,53,49,-14,60,62,-5,57,61,-11,57,72,-11,58,76,-10,66,63,-6,63,65,-12,63,75,-10,63,78,-7,71,65,-8,69,66,-11,68,74,-9,67,77,-6,25,59,0,35,59,-2,44,56,-4,50,52,-6,55,47,-8,43,41,2,48,35,-2,53,37,-4,54,41,-4,40,38,1,48,36,-4,44,46,-5,40,47,-4,36,34,-2,43,35,-7,39,44,-6,35,44,-3,30,32,-4,38,33,-7,36,40,-6,32,40,-3,Q
68,89,-1,61,88,-5,54,85,-9,51,82,-13,53,76,-17,55,63,-4,53,53,-9,52,49,-12,53,47,-14,60,62,-5,57,61,-11,56,73,-12,57,77,-10,66,63,-6,63,66,-12,62,76,-10,63,79,-7,71,65,-8,69,67,-11,67,75,-9,67,77,-7,26,59,0,36,59,-2,44,55,-3,50,52,-5,55,46,-7,43,40,2,48,35,-1,52,37,-3,54,41,-4,40,37,1,48,36,-4,44,45,-5,40,47,-4,36,34,-1,43,35,-7,39,43,-6,35,44,-3,30,31,-4,38,32,-7,36,39,-6,33,40,-3,Q
68,90,-1,61,89,-5,55,85,-8,52,82,-12,52,77,-16,54,64,-4,52,54,-9,51,50,-12,52,48,-13,60,63,-4,56,61,-11,56,73,-11,57,77,-9,65,63,-6,62,65,-12,62,76,-10,62,79,-6,71,66,-8,68,67,-11,67,75,-9,67,77,-6,26,59,0,36,58,-2,44,55,-4,50,52,-6,55,46,-9,43,40,2,48,34,-2,52,36,-3,53,40,-4,40,36,1,47,35,-4,44,45,-4,40,46,-3,36,34,-1,43,35,-7,39,43,-5,35,43,-3,30,31,-3,38,32,-7,36,39,-5,33,39,-3,Q
68,90,-1,61,89,-4,54,85,-8,51,82,-11,53,77,-15,54,65,-3,52,55,-8,51,51,-11,51,48,-13,59,64,-4,56,61,-10,55,73,-11,56,77,-10,65,64,-6,62,65,-12,61,76,-9,62,79,-6,70,67,-8,67,67,-11,66,75,-9,66,77,-6,26,59,0,36,58,-2,44,54,-3,50,51,-5,55,45,-7,43,39,3,48,34,0,52,36,-2,54,40,-3,39,36,2,47,35,-3,44,44,-4,40,45,-3,35,33,-1,43,34,-6,39,43,-5,34,43,-3,30,31,-3,38,32,-7,36,38,-5,32,39,-2,Q
68,90,-1,60,89,-5,54,85,-8,50,81,-12,52,77,-15,54,64,-3,52,54,-9,52,49,-12,53,46,-13,59,63,-4,56,61,-11,55,73,-12,56,77,-10,65,64,-6,62,65,-12,61,76,-10,62,79,-7,70,66,-8,67,68,-11,66,75,-9,66,77,-6,25,59,0,36,58,-2,44,54,-3,50,51,-6,55,45,-8,43,39,3,48,34,-1,52,36,-3,54,40,-4,39,36,1,47,35,-3,44,44,-4,40,45,-4,35,33,-1,43,34,-6,39,43,-5,34,43,-3,30,30,-3,38,32,-7,36,38,-5,32,39,-3,Q
66,90,-1,60,89,-5,53,85,-8,50,81,-12,52,77,-16,53,64,-4,51,53,-9,50,48,-12,50,45,-13,59,63,-5,55,62,-11,55,74,-11,56,78,-10,64,64,-6,61,66,-12,61,77,-10,62,79,-6,70,66,-8,67,68,-11,66,76,-9,66,78,-6,26,59,0,36,58,-2,44,54,-3,50,51,-5,55,45,-7,43,39,3,48,34,-1,52,36,-3,54,40,-3,39,36,1,47,35,-3,44,44,-4,40,46,-3,35,33,-1,43,34,-6,39,43,-5,35,43,-3,30,31,-4,38,32,-7,36,38,-5,33,39,-3,Q
67,91,-1,60,90,-5,54,86,-9,50,83,-13,52,77,-16,53,65,-4,51,54,-10,50,49,-13,51,47,-14,59,63,-5,55,61,-11,54,73,-12,55,77,-11,65,64,-6,61,66,-12,61,76,-10,61,79,-7,70,66,-8,67,67,-11,66,75,-9,66,77,-6,25,59,0,36,58,-2,44,54,-3,50,51,-6,55,45,-8,43,39,3,48,34,-1,52,36,-3,53,40,-3,39,36,1,47,35,-3,44,44,-4,39,46,-3,35,33,-1,43,34,-6,39,43,-5,34,43,-3,30,31,-3,38,31,-7,36,38,-5,32,39,-3,Q
67,91,-1,60,90,-5,54,86,-8,50,82,-12,52,77,-15,54,64,-4,51,54,-9,50,49,-12,51,47,-14,59,63,-4,55,62,-11,54,73,-12,55,78,-10,65,64,-6,61,66,-12,61,76,-10,61,79,-7,70,66,-8,67,69,-11,66,76,-9,66,78,-6,25,59,0,36,58,-2,44,54,-3,50,51,-5,55,45,-8,43,39,3,48,34,-1,52,36,-3,54,40,-3,39,36,1,47,35,-3,44,44,-4,40,46,-3,35,33,-1,43,34,-6,39,43,-5,35,43,-3,30,31,-4,38,32,-7,36,39,-5,32,39,-3,Q
68,91,-1,61,90,-5,54,86,-8,50,82,-12,52,77,-16,53,65,-4,51,54,-9,50,50,-12,51,47,-13,59,63,-4,55,62,-11,55,73,-11,56,77,-10,65,64,-6,61,65,-12,61,76,-9,61,78,-6,70,66,-8,67,68,-11,66,75,-9,66,77,-6,25,59,0,35,58,-2,44,54,-3,50,51,-6,55,46,-8,43,39,2,48,34,-1,52,36,-4,53,40,-4,39,36,1,47,35,-4,44,44,-5,40,46,-4,35,33,-1,43,34,-7,39,43,-6,34,43,-3,30,31,-4,38,32,-7,36,39,-6,32,39,-3,Q
68,91,-1,61,90,-5,54,86,-9,50,82,-13,52,77,-16,54,64,-4,51,54,-9,51,50,-13,52,48,-14,59,62,-4,55,61,-11,55,73,-12,55,78,-11,65,63,-6,61,66,-12,61,77,-10,61,80,-7,70,66,-8,67,69,-11,66,76,-9,66,78,-7,25,59,0,35,59,-2,44,55,-3,50,51,-6,55,46,-8,43,39,2,48,34,-1,52,36,-4,53,40,-4,39,36,1,47,35,-4,43,45,-5,39,46,-4,35,33,-1,43,34,-7,39,43,-6,34,43,-3,30,31,-4,37,32,-7,36,39,-5,32,39,-3,Q
67,90,-1,60,89,-5,54,86,-8,50,82,-12,52,77,-16,54,65,-4,51,54,-9,50,49,-12,51,46,-14,59,63,-5,55,61,-11,55,73,-12,55,77,-11,65,64,-6,61,66,-12,61,76,-10,62,79,-7,70,66,-8,67,67,-11,66,75,-9,66,78,-7,25,59,0,36,58,-2,44,55,-3,50,51,-6,55,45,-8,43,39,2,48,34,-1,52,36,-3,53,40,-4,39,36,1,47,35,-4,43,45,-5,39,46,-3,35,33,-2,43,34,-7,39,43,-6,34,43,-3,29,31,-4,37,32,-7,36,39,-6,32,40,-3,Q
68,90,-1,61,89,-4,54,85,-8,50,82,-12,52,77,-16,54,64,-4,51,54,-9,51,50,-12,52,47,-14,59,63,-4,56,61,-11,55,73,-11,56,76,-9,65,63,-6,62,65,-12,61,76,-9,62,78,-6,70,66,-8,68,67,-11,66,75,-9,66,77,-6,25,59,0,36,58,-2,44,55,-3,50,51,-6,55,45,-8,43,39,2,48,34,-1,52,36,-3,53,40,-3,39,36,1,47,35,-3,43,45,-4,39,46,-3,35,33,-1,42,34,-7,39,43,-5,34,43,-3,29,31,-4,37,32,-7,36,39,-5,32,39,-3,Q
68,89,-1,61,88,-4,54,85,-8,50,81,-12,53,77,-16,54,63,-4,52,54,-9,50,49,-12,51,47,-13,60,62,-4,56,61,-10,56,73,-10,57,75,-9,65,63,-6,62,65,-12,62,75,-9,63,77,-6,71,65,-8,68,67,-11,67,74,-9,67,76,-6,25,58,0,35,58,-2,44,54,-3,50,51,-5,55,46,-7,43,40,3,48,35,-1,52,37,-3,53,41,-3,39,37,1,47,35,-3,44,44,-4,40,46,-3,35,34,-1,43,34,-6,39,43,-5,34,44,-3,29,31,-3,37,32,-6,36,39,-5,32,40,-3,Q
71,89,-1,63,89,-4,57,85,-7,55,82,-11,57,77,-14,55,65,-4,52,55,-10,51,49,-13,52,45,-15,61,63,-5,59,62,-11,60,73,-12,60,77,-12,67,64,-6,66,66,-12,66,76,-10,66,79,-8,73,65,-8,71,67,-11,70,75,-9,70,77,-7,24,58,0,35,58,-2,43,55,-3,49,51,-6,54,45,-8,42,39,3,47,34,-1,52,36,-2,53,40,-3,39,36,1,47,35,-3,43,44,-4,39,45,-3,34,33,-1,42,34,-6,38,43,-5,34,42,-2,29,30,-3,37,31,-7,35,38,-5,31,39,-2,Q
71,90,-1,64,90,-5,57,86,-8,55,83,-12,56,77,-15,56,66,-5,52,56,-10,51,51,-14,52,46,-16,62,65,-6,60,62,-12,60,73,-14,60,77,-13,68,65,-7,66,65,-13,66,76,-12,66,79,-9,74,67,-9,72,66,-12,71,74,-10,70,77,-8,25,59,0,35,58,-2,43,54,-3,49,51,-5,54,46,-7,43,39,2,48,34,-1,52,36,-3,53,40,-4,39,36,1,47,35,-4,43,44,-4,39,46,-4,35,33,-1,42,34,-6,39,42,-5,34,43,-3,29,30,-3,37,31,-7,35,38,-5,32,39,-3,Q
71,90,-1,64,89,-5,57,86,-8,54,82,-11,55,76,-14,56,66,-4,52,56,-10,52,51,-13,52,46,-15,62,64,-5,61,61,-12,60,72,-13,60,77,-13,68,64,-7,67,65,-12,66,76,-11,66,78,-9,74,66,-8,73,67,-11,71,74,-10,71,76,-8,24,59,0,35,59,-2,43,55,-4,49,51,-6,54,46,-9,43,40,3,48,35,-1,52,36,-3,53,40,-4,39,36,1,47,35,-3,43,44,-5,39,46,-4,34,33,-1,42,34,-6,39,43,-5,34,43,-3,29,31,-3,37,32,-6,35,39,-5,32,40,-3,Q
71,90,-1,64,89,-4,57,85,-7,55,82,-10,56,77,-13,56,65,-4,53,56,-9,52,51,-12,52,46,-14,62,63,-5,61,62,-11,61,73,-12,61,77,-12,68,64,-6,67,65,-12,66,76,-10,66,78,-8,74,66,-8,73,66,-11,71,74,-9,71,76,-7,25,59,0,35,59,-2,43,55,-4,49,52,-6,54,46,-9,43,40,2,48,34,-1,52,37,-4,53,41,-4,39,36,1,47,36,-4,43,45,-5,39,47,-4,34,33,-1,42,34,-7,38,43,-5,34,43,-3,29,31,-3,37,32,-7,35,39,-5,31,40,-3,Q
72,89,-1,65,88,-4,59,84,-7,56,81,-10,58,77,-13,57,65,-4,53,56,-9,52,51,-12,52,46,-14,63,63,-5,61,61,-11,61,72,-12,62,76,-11,69,64,-6,68,65,-12,67,76,-10,67,77,-8,74,66,-8,73,67,-11,72,74,-9,71,76,-7,25,59,0,35,59,-2,43,55,-4,50,52,-6,54,46,-9,43,40,2,48,35,-1,52,37,-3,53,41,-4,39,37,1,47,36,-4,43,45,-4,39,46,-3,35,34,-1,42,35,-7,38,44,-5,34,44,-3,29,31,-4,37,32,-7,35,40,-5,31,40,-3,Q
72,89,-1,65,88,-5,58,84,-8,56,80,-11,58,76,-14,57,65,-5,54,56,-10,52,51,-13,52,46,-15,63,64,-5,62,60,-12,62,71,-13,62,76,-13,69,65,-7,68,64,-13,68,75,-12,68,78,-9,75,67,-8,74,65,-12,73,73,-10,72,76,-8,25,60,0,35,59,-2,43,55,-4,49,52,-6,55,46,-9,43,40,3,47,35,-1,52,37,-3,53,41,-4,39,37,1,47,36,-3,43,45,-4,39,46,-3,34,34,-1,42,35,-7,38,44,-5,34,43,-3,29,31,-4,37,32,-7,35,39,-5,31,40,-3,Q
72,88,-1,65,87,-4,59,84,-7,57,80,-10,59,76,-12,58,64,-4,55,56,-9,53,51,-11,52,46,-13,64,62,-5,63,61,-11,62,71,-12,63,75,-12,70,63,-6,69,65,-12,68,74,-11,68,77,-9,75,65,-8,74,66,-11,73,74,-10,72,76,-8,24,60,0,35,59,-1,43,55,-3,49,52,-5,54,46,-8,42,40,4,47,35,0,51,37,-2,53,41,-2,38,36,2,47,36,-3,43,45,-4,39,46,-2,34,34,-1,42,35,-6,38,44,-5,33,44,-2,29,31,-4,37,33,-7,35,40,-5,31,40,-2,Q
72,88,-1,66,87,-4,59,83,-7,57,79,-10,60,76,-13,58,65,-4,55,56,-9,54,51,-12,52,47,-14,64,63,-5,63,59,-11,63,70,-12,63,75,-12,70,64,-6,69,63,-12,68,73,-11,68,77,-8,76,67,-8,75,65,-11,73,73,-10,72,76,-8,24,59,0,35,59,-2,43,55,-4,50,52,-6,54,46,-8,43,40,2,48,35,-1,52,37,-3,53,41,-4,39,37,1,47,36,-4,43,45,-4,39,47,-3,34,34,-1,42,35,-7,38,44,-5,34,44,-3,29,31,-4,37,33,-7,35,40,-5,31,40,-3,Q
73,88,-1,66,86,-4,60,83,-7,57,79,-10,60,75,-13,59,65,-4,56,56,-9,54,51,-11,53,46,-13,65,63,-5,63,59,-11,63,70,-12,64,75,-12,70,64,-6,69,63,-12,69,74,-11,69,77,-8,76,66,-8,75,65,-11,74,73,-10,73,76,-8,24,59,0,34,59,-2,43,55,-4,50,52,-7,55,47,-9,42,40,2,48,35,-1,52,37,-3,53,41,-4,39,37,1,47,36,-3,43,45,-4,39,46,-3,34,34,-1,42,35,-6,38,44,-5,34,44,-3,29,31,-3,37,33,-6,35,39,-5,31,40,-2,Q
72,87,-1,66,86,-5,60,83,-8,58,79,-11,60,75,-14,59,64,-5,56,56,-9,54,51,-12,53,47,-14,64,62,-5,63,60,-11,63,71,-12,64,75,-11,70,63,-6,69,63,-12,69,74,-10,69,76,-8,76,65,-8,75,66,-11,73,73,-10,73,75,-8,24,59,0,35,59,-2,43,55,-4,50,52,-7,55,46,-9,43,40,2,48,35,-1,52,37,-3,53,41,-4,39,37,1,47,36,-4,43,45,-5,39,47,-3,34,34,-1,42,35,-7,38,44,-5,34,44,-3,29,31,-3,37,33,-7,35,40,-5,31,40,-3,Q
73,88,-1,66,87,-5,60,83,-8,57,79,-12,59,75,-15,59,65,-5,56,56,-9,54,51,-12,52,46,-14,64,63,-5,63,59,-11,63,70,-13,63,75,-12,70,64,-6,70,63,-12,69,73,-11,69,77,-8,76,66,-8,75,65,-12,74,73,-10,73,76,-8,24,60,0,35,59,-2,43,55,-4,50,52,-7,55,47,-10,43,40,2,48,35,-2,52,37,-4,53,41,-4,39,37,1,47,36,-4,43,46,-4,39,46,-3,34,34,-1,42,35,-7,38,44,-5,34,44,-3,29,31,-4,37,33,-7,35,40,-5,32,40,-2,Q
73,88,-1,66,87,-5,60,83,-8,57,79,-11,60,75,-13,59,64,-4,56,56,-9,54,52,-12,53,47,-14,64,62,-5,63,60,-11,63,71,-13,63,75,-12,70,62,-6,70,64,-12,69,74,-11,68,78,-9,76,65,-8,75,66,-11,74,74,-10,72,77,-8,25,59,0,35,59,-2,43,55,-4,50,52,-7,55,46,-9,43,40,2,48,35,-1,52,37,-3,53,41,-4,39,37,1,47,36,-4,43,45,-4,39,47,-3,35,34,-1,42,35,-7,38,44,-5,34,44,-3,29,31,-3,37,33,-7,35,39,-5,31,40,-2,Q
72,87,-1,66,86,-5,60,83,-8,57,79,-11,60,75,-14,59,64,-5,56,56,-9,54,51,-12,53,46,-14,65,62,-5,63,60,-11,63,70,-13,63,75,-12,70,62,-6,70,64,-12,69,74,-11,68,78,-9,76,65,-8,75,66,-11,74,74,-10,73,76,-9,25,60,0,35,59,-2,43,56,-4,50,52,-7,55,47,-10,43,40,2,48,35,-2,52,37,-3,53,41,-4,39,37,1,47,36,-4,43,46,-4,39,47,-3,35,34,-1,42,35,-7,39,44,-5,34,44,-2,29,31,-4,37,33,-7,35,40,-5,32,40,-3,Q
73,87,-1,67,87,-5,61,83,-8,58,80,-11,60,76,-14,59,64,-5,56,56,-9,54,52,-12,53,47,-14,65,62,-5,64,61,-11,64,71,-12,64,75,-11,71,63,-6,70,65,-12,69,75,-10,69,77,-8,77,65,-8,76,67,-11,74,75,-10,73,76,-8,25,60,0,35,60,-2,44,56,-3,51,53,-6,55,48,-8,43,40,3,48,35,-1,52,38,-3,54,41,-3,39,37,1,47,36,-3,44,46,-4,40,47,-3,35,35,-1,43,35,-6,39,44,-5,35,44,-3,29,32,-3,38,33,-7,36,40,-5,32,41,-3,Q
73,88,-1,67,87,-5,61,83,-8,58,79,-11,61,76,-14,60,65,-5,57,57,-9,55,52,-12,53,47,-14,65,62,-5,64,60,-11,64,71,-12,64,75,-11,71,63,-6,71,64,-12,70,74,-10,69,77,-8,77,65,-8,76,66,-11,75,74,-10,74,76,-8,25,60,0,35,60,-2,44,56,-4,51,53,-7,55,47,-9,43,41,2,48,36,-1,52,38,-4,54,42,-4,39,37,1,47,37,-4,44,46,-4,40,47,-3,35,34,-1,43,36,-7,39,45,-5,34,44,-3,30,32,-4,38,33,-7,36,40,-5,32,41,-3,Q
73,87,-1,66,86,-5,61,83,-8,58,79,-11,62,75,-13,59,64,-5,57,56,-9,55,51,-12,53,46,-14,65,61,-5,64,61,-11,64,71,-13,64,76,-12,71,61,-6,71,65,-12,70,75,-11,69,78,-9,77,64,-8,76,67,-11,75,74,-10,74,76,-8,25,60,0,35,59,-2,43,56,-3,50,53,-6,55,47,-8,43,41,3,48,36,0,52,38,-2,54,42,-3,39,37,2,47,37,-3,44,46,-4,40,47,-3,35,35,-1,43,36,-6,39,45,-5,34,45,-3,30,32,-3,38,33,-7,36,41,-5,32,41,-2,Q
73,88,-1,66,87,-6,60,83,-9,58,79,-12,61,76,-15,59,64,-6,56,56,-10,54,51,-14,53,46,-16,65,62,-6,64,61,-12,64,71,-13,65,76,-12,71,62,-6,71,64,-12,70,74,-11,70,77,-9,77,65,-8,77,66,-12,75,74,-11,74,76,-9,25,60,0,36,60,-2,44,56,-3,51,53,-6,55,47,-8,43,41,3,48,36,-1,53,38,-3,54,42,-3,39,38,1,48,37,-3,44,46,-4,40,47,-3,35,35,-1,43,36,-6,39,45,-5,35,44,-3,30,32,-3,38,33,-7,36,40,-5,33,41,-2,Q
73,88,-1,67,87,-5,61,84,-9,58,80,-12,61,76,-16,59,66,-5,57,57,-10,55,52,-14,53,46,-16,65,64,-6,64,60,-12,64,71,-13,65,75,-12,71,64,-7,71,64,-13,70,74,-11,70,77,-8,77,66,-8,77,66,-12,75,74,-11,74,76,-9,25,60,0,35,60,-2,44,56,-4,50,52,-7,55,47,-10,43,40,2,48,36,-2,53,38,-4,54,42,-4,39,37,1,48,37,-4,44,46,-4,40,47,-3,35,34,-1,43,36,-7,39,45,-5,35,44,-3,30,32,-4,38,34,-7,36,41,-5,32,41,-3,Q
73,87,-1,66,87,-5,60,83,-7,58,79,-10,61,76,-13,59,64,-5,56,56,-9,55,51,-12,53,46,-14,65,62,-5,64,61,-11,64,72,-12,64,76,-12,71,62,-6,71,65,-12,70,75,-10,69,77,-8,77,65,-8,76,67,-11,75,74,-10,74,76,-8,25,60,0,36,60,-2,44,56,-3,51,53,-6,55,48,-8,43,41,3,48,36,-1,53,38,-3,54,42,-3,40,38,1,47,37,-3,44,46,-4,40,47,-3,35,35,-1,43,36,-6,39,44,-5,35,45,-3,30,32,-3,38,33,-6,36,40,-5,33,41,-3,Q
73,88,-1,66,87,-5,60,84,-9,57,80,-12,61,76,-15,59,65,-5,56,56,-10,55,51,-12,53,46,-14,65,62,-5,64,61,-11,64,72,-12,64,76,-11,71,63,-6,70,65,-12,69,75,-10,69,77,-8,77,65,-8,76,67,-11,75,75,-10,74,76,-8,25,61,0,36,60,-2,44,56,-3,51,53,-6,55,47,-9,43,41,4,48,36,0,53,38,-2,54,42,-3,39,38,2,48,37,-3,44,46,-4,40,47,-2,35,35,-1,43,36,-6,39,45,-5,35,45,-2,30,32,-3,38,33,-7,36,40,-5,33,41,-2,Q
73,88,-1,67,87,-6,61,84,-9,58,80,-13,61,77,-17,59,65,-5,57,57,-10,55,52,-13,53,47,-15,65,63,-6,64,61,-11,64,72,-12,64,76,-11,71,64,-6,70,65,-12,70,75,-10,69,78,-8,77,66,-8,76,67,-11,75,75,-10,74,77,-8,25,60,0,36,60,-2,44,56,-3,51,53,-6,56,48,-9,43,41,3,48,36,0,52,38,-2,54,42,-3,39,37,2,48,37,-3,44,46,-4,40,47,-2,35,35,-1,43,36,-6,39,45,-5,35,44,-2,30,32,-3,38,33,-6,37,40,-5,33,41,-2,Q
73,89,-1,67,88,-5,60,84,-9,57,80,-12,60,77,-15,59,65,-5,57,57,-9,55,52,-12,54,47,-14,65,63,-5,64,62,-11,64,72,-12,64,76,-11,71,63,-6,70,65,-12,69,75,-10,69,78,-8,77,66,-8,76,67,-11,74,75,-9,74,77,-8,25,61,0,35,60,-3,43,56,-5,50,53,-8,56,48,-10,44,41,2,48,36,-1,53,38,-3,54,42,-4,40,37,1,48,37,-3,44,46,-4,40,47,-3,35,35,-1,43,36,-6,39,45,-5,35,45,-3,30,32,-3,38,34,-7,36,41,-5,32,41,-2,Q
73,90,-1,66,89,-5,60,85,-8,57,81,-11,61,78,-14,59,66,-5,57,58,-9,55,52,-12,54,47,-14,65,64,-5,64,62,-11,64,73,-11,64,77,-10,71,65,-6,70,66,-11,69,77,-9,69,79,-7,77,67,-8,76,68,-11,74,76,-9,74,78,-7,25,60,0,35,60,-3,43,56,-5,50,52,-8,56,47,-11,43,40,2,48,35,-2,53,38,-4,54,41,-4,39,37,1,48,37,-4,44,46,-4,40,47,-3,35,34,-1,43,36,-7,39,45,-5,34,45,-3,30,32,-3,38,33,-7,36,40,-5,32,41,-2,Q
74,91,-1,67,90,-4,61,86,-7,58,81,-10,59,78,-13,60,67,-4,57,57,-8,55,52,-11,53,46,-12,66,65,-5,63,62,-10,62,73,-11,63,77,-9,72,66,-6,70,68,-11,68,78,-9,69,80,-7,78,69,-8,75,71,-11,74,78,-9,74,80,-6,25,60,0,35,59,-2,43,55,-4,50,52,-7,55,47,-10,43,40,2,48,35,-1,52,37,-3,54,41,-4,39,37,1,47,36,-3,43,46,-4,40,47,-3,35,34,-1,43,36,-6,39,44,-5,34,44,-2,30,31,-3,38,33,-7,36,40,-5,32,40,-2,Q
51,100,0,65,94,1,72,86,2,77,79,2,79,75,2,73,62,0,80,42,-2,84,32,-4,88,23,-5,69,59,-3,79,40,-9,86,28,-13,91,19,-14,64,62,-7,74,46,-11,82,38,-12,88,28,-12,59,71,-10,69,65,-11,71,65,-9,69,66,-7,63,72,0,61,61,-5,61,50,-8,60,41,-12,60,32,-15,71,43,-9,78,31,-14,82,24,-17,85,18,-20,75,47,-10,82,34,-15,87,26,-18,92,19,-21,77,53,-11,84,42,-15,89,34,-18,92,28,-20,79,60,-12,84,52,-16,88,46,-18,90,41,-19,R
50,99,0,65,93,2,72,86,3,78,78,4,79,75,5,73,62,1,81,42,-2,86,32,-4,89,24,-5,70,60,-3,80,40,-10,86,28,-13,91,18,-15,65,62,-7,75,45,-12,82,37,-11,88,27,-9,59,72,-11,68,63,-11,71,63,-8,70,63,-5,63,74,0,60,63,-4,60,52,-7,61,43,-10,61,34,-13,71,43,-8,77,31,-12,82,24,-15,85,18,-17,75,47,-9,82,34,-13,87,26,-16,91,19,-18,77,53,-10,84,41,-14,88,34,-16,92,28,-17,78,61,-12,84,52,-15,87,46,-16,90,41,-17,R
52,100,0,64,94,1,72,86,0,77,80,-1,80,74,-2,73,61,1,80,44,-2,85,33,-3,88,25,-5,70,59,-3,79,40,-7,86,28,-11,91,19,-12,65,61,-8,75,45,-12,83,36,-14,88,28,-16,60,69,-12,69,64,-14,70,65,-15,69,65,-15,64,78,0,60,67,-4,61,55,-6,62,45,-9,62,36,-11,71,44,-7,77,31,-10,82,24,-13,85,18,-15,75,47,-8,82,34,-11,87,26,-14,91,19,-15,77,53,-9,84,41,-12,88,34,-13,92,28,-15,78,61,-10,84,52,-13,87,46,-14,90,41,-15,R
51,99,0,65,94,2,71,86,3,77,79,3,80,75,3,73,62,1,81,42,-1,85,32,-2,89,24,-3,71,59,-3,80,40,-8,86,28,-11,91,19,-12,67,62,-7,76,45,-11,83,35,-10,88,27,-10,62,71,-11,69,60,-12,71,55,-10,72,52,-9,63,82,0,61,73,-5,63,61,-8,64,52,-11,65,42,-15,71,46,-8,77,32,-12,82,25,-16,86,18,-18,74,49,-9,82,35,-13,88,27,-16,92,19,-19,75,55,-10,84,43,-14,89,36,-16,92,29,-18,76,63,-12,83,55,-15,87,50,-17,89,45,-17,R
51,99,0,65,93,3,72,86,5,78,78,5,79,75,6,74,61,3,83,43,1,87,33,0,90,25,-1,71,58,-2,81,39,-8,86,28,-10,91,19,-11,66,60,-6,76,43,-10,82,34,-8,87,26,-6,60,69,-10,67,57,-11,69,53,-8,69,50,-6,64,74,0,61,63,-5,60,51,-8,60,41,-11,60,33,-14,71,44,-9,77,31,-13,81,24,-16,85,18,-17,75,48,-9,82,34,-13,87,26,-16,92,19,-18,78,54,-10,85,42,-14,89,34,-16,92,28,-18,79,61,-11,85,52,-14,88,46,-16,90,41,-18,R
53,100,0,64,94,1,71,86,1,76,79,0,80,76,-1,73,59,1,81,41,-1,85,32,-2,88,24,-3,70,57,-3,80,38,-7,87,27,-9,92,19,-11,66,60,-6,76,44,-9,84,36,-11,89,28,-11,61,69,-10,70,61,-11,73,59,-10,74,57,-9,63,73,0,60,63,-4,61,51,-7,61,42,-10,61,33,-13,71,42,-8,77,31,-12,82,24,-15,85,18,-18,75,46,-9,82,34,-13,87,26,-16,92,19,-18,77,53,-10,84,41,-14,88,34,-16,92,28,-18,78,60,-12,84,52,-15,87,46,-17,90,41,-18,R
53,101,0,64,97,-1,72,87,-2,78,79,-4,80,74,-6,74,60,0,80,41,-2,85,31,-4,88,23,-6,70,58,-3,79,39,-6,86,27,-8,91,19,-10,66,61,-6,77,44,-8,85,35,-10,89,28,-10,62,69,-10,72,61,-11,77,56,-11,79,52,-11,64,73,0,61,62,-3,61,50,-6,62,41,-8,61,33,-11,71,42,-7,78,30,-11,82,23,-14,86,17,-16,75,46,-8,82,33,-12,87,25,-14,92,18,-16,77,53,-10,84,41,-13,88,34,-15,92,28,-16,78,60,-12,84,52,-14,87,46,-15,90,40,-16,R
50,101,0,65,95,2,72,88,3,78,79,3,80,75,3,74,63,2,81,42,-1,85,32,-2,89,23,-3,70,60,-2,80,39,-8,85,27,-11,90,18,-12,65,63,-6,76,44,-9,83,35,-7,88,27,-6,61,72,-9,70,61,-10,75,56,-7,76,53,-4,64,73,0,61,61,-3,61,49,-5,61,40,-7,61,32,-10,71,42,-6,78,30,-10,82,23,-13,86,17,-15,75,46,-8,82,33,-11,87,25,-14,92,19,-16,77,52,-9,84,41,-12,88,34,-14,92,28,-15,78,60,-11,84,51,-14,87,45,-15,90,40,-15,R
52,100,0,65,93,0,72,86,0,78,80,-1,79,76,-2,73,60,0,79,40,-2,84,30,-3,88,22,-4,69,58,-3,78,38,-9,85,26,-12,91,18,-14,65,61,-6,74,45,-10,83,37,-10,89,29,-9,60,71,-9,69,64,-9,73,65,-7,72,67,-5,63,72,0,60,60,-3,61,49,-5,61,40,-7,61,32,-10,71,42,-7,78,30,-11,82,23,-13,86,17,-15,75,46,-8,82,33,-12,87,25,-14,92,19,-16,77,52,-10,84,41,-13,88,34,-15,92,28,-16,78,60,-12,84,51,-14,87,45,-15,90,40,-16,R
52,100,0,66,94,4,72,87,5,78,79,5,80,77,5,74,61,4,82,43,3,86,34,2,90,26,1,71,58,-1,81,39,-6,86,27,-9,91,18,-9,66,61,-5,75,43,-8,82,34,-7,87,25,-5,61,70,-10,68,59,-10,71,55,-7,71,52,-5,64,72,0,61,61,-3,61,49,-5,62,40,-8,61,32,-10,71,42,-6,78,30,-11,82,23,-14,86,17,-15,75,46,-8,82,33,-12,87,24,-14,92,18,-16,77,52,-9,84,40,-13,88,33,-15,92,27,-16,78,59,-11,84,51,-14,87,45,-15,90,40,-16,R
52,101,0,65,95,1,72,87,1,78,80,0,80,77,0,74,60,1,81,42,-1,86,32,-3,89,24,-4,70,58,-3,79,38,-8,86,26,-12,90,17,-13,65,61,-7,75,45,-11,82,36,-12,87,25,-12,59,71,-11,69,65,-12,71,66,-10,69,65,-9,65,72,0,61,61,-3,61,49,-5,61,40,-8,61,31,-10,71,42,-6,78,30,-10,82,23,-13,86,16,-15,75,45,-8,82,33,-11,87,25,-14,92,18,-15,77,51,-9,84,40,-12,88,33,-14,92,27,-15,79,59,-11,84,50,-14,87,44,-15,90,39,-15,R
54,100,0,65,94,0,73,87,0,78,81,-2,80,78,-3,74,58,2,81,39,0,85,29,-2,89,22,-3,70,56,-2,79,37,-5,86,25,-8,91,17,-9,66,61,-5,76,44,-7,84,34,-7,88,26,-7,63,71,-8,73,61,-8,78,57,-6,79,54,-4,64,71,0,61,60,-3,61,48,-5,62,39,-7,61,31,-10,71,41,-6,78,29,-10,82,22,-13,86,16,-15,74,45,-7,82,32,-11,87,24,-14,91,18,-15,77,51,-9,84,39,-12,88,33,-14,91,27,-15,78,58,-11,84,50,-14,87,44,-15,90,39,-16,R
54,104,0,65,99,-2,72,90,-4,79,84,-6,81,80,-7,74,63,-1,82,46,-4,86,37,-6,90,30,-8,69,59,-4,78,39,-10,85,26,-14,90,17,-16,63,63,-7,73,46,-11,81,35,-14,85,25,-15,59,71,-10,69,66,-12,72,66,-12,70,65,-11,64,70,0,61,59,-3,61,48,-5,61,40,-7,61,32,-10,71,41,-6,78,29,-10,82,22,-12,85,16,-14,74,45,-7,82,32,-11,87,24,-13,91,17,-15,77,50,-9,84,39,-12,88,32,-14,91,26,-15,78,58,-11,84,50,-13,87,44,-15,89,38,-15,R
54,107,0,67,99,0,73,91,1,79,84,0,82,80,0,73,62,2,80,42,0,84,31,-2,88,22,-3,69,61,-1,78,39,-5,85,27,-9,90,17,-10,65,65,-4,74,47,-7,82,35,-7,86,26,-7,61,75,-7,70,65,-7,74,63,-5,74,61,-3,63,69,0,60,59,-3,61,48,-5,61,39,-8,61,31,-10,71,40,-6,77,29,-10,81,22,-13,85,16,-15,74,44,-7,82,32,-11,86,23,-14,91,17,-15,77,50,-9,83,39,-12,87,32,-14,91,26,-15,78,58,-11,84,50,-14,87,44,-15,89,38,-16,R
53,106,0,67,99,0,74,92,0,80,84,0,82,80,0,75,66,0,82,45,-2,86,34,-3,90,26,-4,71,63,-3,79,40,-9,85,27,-12,89,17,-13,65,66,-6,72,47,-10,79,35,-11,84,26,-10,59,75,-9,66,65,-9,69,65,-7,69,67,-5,64,70,0,60,59,-3,60,48,-5,61,40,-7,60,32,-10,71,41,-6,77,29,-10,81,22,-13,85,16,-15,74,44,-8,81,32,-11,86,23,-14,91,17,-16,76,50,-9,83,39,-13,87,32,-15,91,26,-16,78,58,-11,83,50,-14,86,44,-16,89,38,-16,R
53,106,0,67,99,0,74,91,0,80,83,1,81,80,2,73,65,0,81,44,-4,85,33,-5,89,24,-6,70,63,-3,78,40,-11,85,27,-15,89,17,-17,64,66,-6,72,48,-12,80,38,-12,86,27,-11,58,76,-9,67,67,-9,69,70,-6,68,74,-3,63,70,0,60,59,-3,60,48,-5,61,40,-7,60,32,-10,71,40,-6,77,29,-10,81,22,-12,85,16,-14,74,44,-7,82,32,-11,86,24,-13,91,17,-15,76,50,-9,83,39,-12,87,32,-14,91,26,-15,78,58,-11,84,50,-14,87,44,-15,89,38,-15,R
53,103,0,67,96,1,74,90,1,80,83,1,81,80,1,74,63,1,82,43,-1,86,33,-2,90,25,-3,70,61,-2,79,39,-8,85,26,-12,90,17,-13,65,64,-6,73,46,-10,79,35,-10,85,25,-9,59,74,-9,66,63,-9,68,64,-5,68,66,-3,63,70,0,60,60,-3,60,48,-5,61,40,-8,60,32,-10,71,41,-6,77,29,-10,81,22,-13,85,16,-15,74,45,-7,81,32,-11,86,24,-13,91,17,-15,76,50,-9,83,39,-12,87,32,-14,91,26,-15,78,58,-11,84,50,-13,87,44,-15,89,38,-15,R
53,105,0,67,97,0,74,90,1,80,83,1,81,81,1,74,62,0,81,42,-2,85,32,-4,88,23,-5,69,61,-3,78,39,-10,85,26,-14,90,17,-16,63,65,-6,72,47,-11,79,37,-12,85,27,-12,59,75,-10,67,66,-10,70,67,-7,69,68,-5,63,70,0,60,59,-3,60,48,-5,61,40,-7,60,32,-10,71,41,-6,77,29,-10,81,22,-13,85,16,-14,74,44,-7,82,32,-11,86,24,-13,91,17,-15,77,50,-9,83,39,-12,87,32,-14,91,26,-15,78,58,-11,84,50,-14,87,44,-15,89,38,-16,R
55,104,0,67,98,-1,74,90,-2,80,83,-3,82,80,-4,75,61,0,81,43,-2,85,32,-4,89,24,-5,70,59,-3,79,38,-7,85,26,-10,90,17,-11,65,63,-6,73,46,-9,80,35,-11,84,25,-13,59,72,-9,67,67,-10,69,69,-9,67,71,-8,63,70,0,60,60,-3,60,48,-5,61,40,-7,60,32,-10,71,41,-6,77,29,-10,81,22,-13,85,16,-14,74,44,-7,82,32,-11,86,23,-13,91,17,-15,77,50,-9,83,39,-12,88,32,-14,91,26,-15,78,58,-11,84,50,-13,87,44,-15,89,38,-15,R
54,102,0,67,97,1,74,89,1,80,82,-1,82,79,-2,75,59,3,81,41,1,85,31,0,89,22,-2,71,57,-1,79,37,-4,85,26,-6,90,17,-7,66,61,-5,75,44,-7,82,33,-7,86,24,-7,62,71,-9,69,62,-9,73,57,-8,73,54,-7,64,70,0,60,60,-3,60,48,-6,61,40,-8,60,32,-10,71,41,-6,77,29,-10,81,22,-13,85,16,-15,74,44,-8,82,32,-11,86,23,-14,91,17,-16,77,50,-9,83,39,-12,87,32,-14,91,26,-16,78,58,-11,84,50,-14,87,44,-15,89,38,-16,R
52,103,0,67,95,1,74,88,2,79,81,3,81,79,4,74,61,1,80,41,-1,85,31,-3,88,24,-5,69,59,-2,79,38,-9,85,25,-14,89,16,-17,64,63,-6,74,44,-10,82,34,-10,87,24,-9,61,74,-9,71,63,-9,78,60,-5,78,58,-3,64,70,0,60,60,-3,60,48,-5,61,40,-7,60,32,-10,71,41,-6,77,29,-10,81,22,-13,85,16,-14,74,44,-7,82,32,-11,86,24,-13,91,17,-15,77,50,-9,84,39,-12,88,32,-14,91,26,-15,78,58,-11,84,50,-14,87,44,-15,89,38,-16,R
52,103,0,67,96,2,74,88,3,80,82,3,81,80,4,75,62,3,82,44,1,86,35,0,90,28,-1,70,60,-2,79,39,-8,85,26,-12,89,16,-13,64,63,-6,73,46,-10,79,36,-10,85,26,-9,59,73,-10,67,66,-10,69,68,-7,67,69,-4,64,70,0,60,60,-3,61,48,-5,61,40,-8,60,32,-10,71,41,-6,77,29,-10,81,22,-13,85,16,-15,74,44,-8,82,32,-11,86,24,-14,91,17,-16,77,50,-9,83,39,-13,87,32,-15,91,26,-16,78,58,-11,84,50,-14,87,44,-15,89,38,-16,R
52,103,0,67,96,2,75,89,3,80,82,3,80,78,4,74,63,2,82,44,0,86,34,-2,90,26,-3,70,60,-2,79,39,-9,85,26,-13,89,17,-14,65,63,-6,73,46,-11,79,35,-12,85,25,-11,59,73,-10,66,63,-11,70,62,-8,69,63,-6,65,71,0,61,60,-3,61,48,-5,61,40,-7,61,32,-10,71,41,-6,77,29,-10,81,22,-13,85,16,-14,75,44,-7,82,32,-11,87,24,-13,91,17,-15,77,50,-9,83,39,-12,88,32,-14,91,26,-15,79,58,-11,84,50,-14,87,44,-15,89,38,-16,R
53,102,0,66,95,2,73,88,3,79,81,3,80,78,4,74,62,1,82,43,-1,86,32,-1,89,24,-2,70,59,-2,79,39,-8,85,26,-11,90,17,-12,65,62,-6,73,45,-10,80,35,-10,86,25,-9,59,71,-9,66,62,-9,69,62,-6,68,63,-4,64,70,0,61,60,-3,61,48,-5,61,40,-8,61,32,-10,71,41,-6,78,29,-10,82,22,-13,85,16,-15,75,45,-7,82,32,-11,87,24,-13,91,17,-15,77,50,-9,84,39,-12,88,32,-14,91,26,-15,79,58,-11,84,50,-14,87,44,-15,89,38,-16,R
53,99,0,65,94,-1,73,86,-1,78,80,-3,80,76,-4,75,61,-1,82,43,-3,86,34,-5,90,26,-6,71,58,-4,79,38,-9,85,26,-12,90,17,-13,65,60,-7,73,44,-11,79,34,-13,84,24,-14,59,68,-10,65,62,-12,67,63,-11,66,64,-10,65,71,0,61,60,-3,61,49,-6,61,40,-8,61,32,-11,71,41,-7,77,29,-11,82,22,-14,85,16,-16,75,45,-8,82,32,-12,87,24,-14,91,18,-16,77,51,-10,84,39,-13,88,32,-15,91,26,-16,79,59,-11,84,50,-14,87,44,-16,90,39,-16,R
52,99,0,64,95,-1,72,86,-2,77,78,-3,79,74,-4,75,62,-1,83,47,-3,87,38,-5,91,31,-6,71,58,-4,80,39,-8,86,28,-11,91,18,-13,65,59,-7,74,43,-11,80,33,-14,85,23,-15,58,66,-10,65,60,-13,65,61,-13,64,61,-13,64,71,0,61,61,-4,61,49,-6,61,40,-9,61,32,-12,71,41,-7,78,30,-11,82,23,-15,86,17,-17,75,45,-8,82,33,-12,87,25,-15,91,18,-17,77,51,-10,84,40,-13,88,33,-15,91,27,-16,79,59,-12,84,51,-15,87,45,-16,89,39,-17,R
52,95,0,64,92,0,71,84,-1,76,77,-2,79,71,-4,75,59,0,82,43,-2,86,34,-4,89,26,-6,71,56,-3,81,38,-7,87,27,-10,92,19,-11,67,58,-6,76,42,-9,82,32,-11,87,25,-12,60,64,-10,67,55,-12,70,50,-12,73,46,-11,64,72,0,60,62,-5,61,50,-8,61,41,-11,61,32,-14,72,42,-8,78,30,-13,82,23,-16,86,17,-19,75,46,-9,82,33,-13,87,25,-16,91,18,-18,77,52,-10,84,41,-14,88,34,-16,92,27,-17,79,60,-11,84,51,-15,87,45,-16,90,39,-17,R
51,94,0,63,91,-1,70,83,-2,75,75,-3,77,68,-5,74,58,-1,81,41,-4,86,31,-5,90,23,-6,70,55,-4,80,37,-8,86,26,-11,91,18,-12,64,57,-7,75,42,-10,82,34,-12,87,25,-12,57,63,-9,65,58,-12,66,59,-12,65,59,-11,63,75,0,60,66,-5,61,54,-8,62,44,-11,63,35,-14,71,43,-8,78,31,-12,82,24,-15,86,18,-17,75,47,-9,82,34,-12,87,26,-15,91,19,-17,77,53,-9,84,41,-12,88,34,-14,92,28,-16,78,61,-10,84,52,-13,87,45,-15,90,40,-16,R
51,95,0,62,92,-2,70,83,-3,75,74,-3,78,68,-4,74,58,-1,82,42,-3,86,33,-5,90,25,-6,70,55,-3,80,38,-6,86,27,-9,91,19,-10,65,56,-6,75,42,-9,82,34,-12,87,25,-13,58,62,-9,66,59,-12,67,61,-12,66,61,-12,61,80,0,60,77,-7,64,70,-11,69,65,-14,72,58,-17,71,46,-7,78,33,-11,82,25,-15,86,19,-17,74,48,-7,82,34,-11,87,25,-14,92,18,-16,75,53,-8,84,40,-11,88,33,-13,92,27,-14,75,59,-8,83,51,-11,86,46,-13,89,41,-13,R
50,95,0,63,92,-1,70,83,-1,75,75,-2,78,68,-3,73,62,-2,82,45,-5,86,35,-6,90,27,-8,69,58,-5,79,39,-11,85,27,-14,90,17,-16,64,59,-8,74,41,-12,81,32,-13,86,23,-14,57,65,-10,64,56,-13,67,55,-12,66,53,-12,62,82,0,59,73,-6,61,64,-10,64,56,-13,67,47,-15,71,46,-7,78,31,-10,82,24,-12,86,17,-14,74,49,-6,81,34,-9,87,24,-12,91,17,-14,76,54,-6,84,41,-9,88,33,-11,92,26,-13,77,61,-7,83,51,-9,87,45,-11,89,39,-12,R
50,95,0,62,92,-2,70,83,-2,74,75,-4,78,68,-5,73,58,-1,80,42,-4,85,33,-6,88,24,-7,70,55,-4,79,37,-7,85,26,-10,90,17,-12,65,57,-7,75,41,-10,81,32,-12,86,23,-14,58,63,-10,64,57,-12,66,55,-13,65,53,-13,58,84,0,59,77,-6,62,69,-10,65,61,-12,68,52,-15,70,48,-7,77,32,-10,81,24,-12,85,18,-13,73,50,-7,81,33,-10,86,24,-13,90,17,-15,74,55,-7,82,40,-10,87,33,-12,91,26,-13,74,61,-7,82,51,-10,85,45,-11,88,40,-12,R
51,96,0,63,91,0,70,83,0,74,75,-1,78,68,-1,72,59,0,81,41,-3,85,31,-4,89,23,-5,69,56,-3,79,38,-9,86,26,-12,91,17,-13,65,58,-7,75,42,-10,81,33,-11,87,24,-11,58,66,-10,65,57,-11,67,57,-10,67,56,-8,65,70,0,61,60,-6,60,49,-11,60,41,-15,61,32,-20,70,42,-13,77,30,-19,81,23,-23,85,16,-26,74,46,-14,82,33,-20,87,25,-25,91,17,-28,77,52,-15,84,41,-20,88,33,-23,92,26,-26,79,60,-16,84,51,-20,87,44,-23,89,38,-25,R
51,95,0,62,93,-3,70,83,-4,75,75,-6,79,68,-7,74,59,-2,81,44,-4,86,35,-7,89,27,-9,70,56,-3,79,38,-7,86,27,-10,91,18,-11,65,57,-6,74,42,-10,81,34,-13,86,26,-16,58,63,-8,65,60,-12,66,61,-14,65,61,-15,62,69,0,59,62,-6,60,51,-10,61,42,-13,62,34,-16,71,42,-10,77,30,-15,81,23,-18,85,17,-20,75,45,-10,82,33,-14,86,25,-18,91,18,-20,77,51,-10,83,40,-14,88,33,-17,91,26,-18,78,59,-11,83,50,-15,86,44,-16,89,39,-18,R
51,96,0,62,92,-2,70,83,-2,74,76,-4,79,68,-5,73,58,-1,80,41,-4,84,31,-6,88,22,-7,69,56,-3,79,38,-7,85,26,-10,91,17,-12,65,58,-6,75,42,-10,82,35,-11,87,27,-12,58,65,-9,67,58,-12,70,58,-12,71,57,-11,62,76,0,59,66,-5,60,53,-8,61,43,-11,62,33,-14,71,43,-8,77,30,-12,81,23,-15,85,16,-17,74,46,-9,81,33,-13,87,24,-16,91,17,-18,76,52,-9,83,40,-13,88,32,-15,91,26,-16,77,60,-10,83,51,-13,86,44,-15,89,39,-15,R
51,95,0,62,93,-2,70,83,-3,75,75,-3,78,69,-4,74,58,-1,81,42,-3,85,33,-5,89,25,-6,70,55,-3,79,37,-6,86,26,-8,91,17,-10,65,56,-6,75,42,-10,82,33,-13,87,25,-15,58,63,-9,66,62,-13,67,63,-14,66,63,-15,59,84,0,59,75,-7,61,66,-10,64,57,-13,67,47,-16,70,47,-7,77,31,-10,82,23,-12,86,17,-14,74,50,-6,81,33,-9,87,24,-12,91,17,-14,75,55,-6,83,40,-9,88,32,-11,92,25,-13,76,61,-7,83,51,-9,87,44,-11,89,39,-12,R
51,97,0,63,93,-1,70,83,-1,75,76,-2,78,69,-2,73,59,0,80,41,-3,85,31,-4,88,23,-6,70,56,-4,79,37,-7,86,26,-10,91,17,-11,64,58,-7,75,43,-11,82,34,-13,87,25,-14,57,65,-10,65,60,-13,67,62,-12,66,63,-12,61,77,0,58,67,-7,60,58,-10,62,50,-14,64,42,-17,71,44,-8,77,30,-12,81,23,-14,85,17,-16,75,48,-8,82,33,-11,87,24,-14,91,17,-17,77,53,-8,84,40,-11,88,33,-14,92,26,-16,78,61,-8,84,51,-11,87,44,-13,90,39,-14,R
51,96,0,62,92,-1,70,84,-2,75,77,-4,77,69,-5,73,59,-2,79,41,-5,83,31,-6,86,22,-8,69,56,-5,78,37,-9,84,26,-12,89,16,-13,64,58,-8,73,41,-11,79,32,-13,84,23,-14,57,65,-11,63,56,-13,64,53,-13,64,51,-13,63,72,0,60,61,-5,59,49,-10,59,40,-14,59,32,-18,69,42,-11,75,29,-17,79,22,-20,83,16,-23,73,46,-12,80,32,-18,85,24,-22,89,16,-24,75,52,-14,82,40,-18,86,32,-21,89,25,-24,77,60,-15,82,51,-19,85,44,-21,88,38,-23,R
48,96,0,62,93,0,68,85,1,74,76,1,76,71,1,72,62,0,81,45,-3,85,36,-3,89,29,-4,68,57,-3,79,38,-10,84,27,-12,89,17,-13,63,58,-6,72,40,-10,78,31,-11,83,21,-10,55,64,-9,61,53,-11,62,51,-9,61,49,-8,61,71,0,58,60,-3,58,48,-6,58,39,-8,57,30,-12,68,41,-8,75,29,-13,79,21,-16,83,15,-18,72,45,-10,80,32,-14,85,23,-17,90,17,-19,74,51,-11,81,39,-15,86,32,-17,90,25,-18,76,59,-13,82,50,-16,85,44,-17,88,39,-18,R
49,96,0,62,93,-1,68,85,-1,73,77,-2,76,70,-2,73,60,0,81,44,-2,85,35,-4,89,28,-5,69,56,-3,79,38,-8,85,27,-11,90,18,-12,64,56,-6,72,39,-10,78,29,-11,83,21,-11,56,62,-9,61,50,-11,62,46,-10,63,44,-9,60,73,0,57,60,-2,57,49,-5,58,39,-8,57,31,-11,68,42,-8,75,29,-13,79,22,-16,83,15,-19,71,45,-10,80,32,-16,85,24,-20,89,16,-23,74,52,-12,81,39,-16,86,32,-18,90,25,-19,75,60,-13,81,50,-17,85,44,-17,88,38,-18,R
50,97,0,62,93,0,69,85,0,74,77,-1,76,70,-2,73,59,1,81,41,-1,85,32,-2,88,24,-3,69,55,-2,79,37,-6,84,26,-8,90,17,-9,64,57,-6,73,40,-9,79,30,-8,84,22,-7,57,64,-9,62,53,-11,64,48,-9,65,44,-8,60,75,0,57,63,-3,57,51,-6,57,41,-8,57,32,-11,68,42,-7,75,29,-11,79,22,-14,83,15,-16,72,46,-9,80,32,-13,85,23,-17,89,16,-19,74,52,-10,81,40,-14,86,32,-15,90,25,-17,76,61,-12,82,51,-14,85,44,-15,88,38,-16,R
51,97,0,63,93,-1,69,86,-2,74,77,-3,76,71,-4,73,58,1,81,41,-1,85,31,-3,88,23,-4,70,55,-2,79,36,-5,84,26,-7,90,17,-7,65,56,-4,73,39,-7,79,30,-6,84,22,-6,57,63,-7,62,52,-9,64,47,-7,65,44,-6,59,77,0,56,63,-1,56,51,-3,57,40,-6,56,32,-8,68,43,-6,75,29,-10,79,22,-12,83,15,-14,71,46,-8,80,32,-13,85,24,-16,89,16,-18,74,53,-10,81,40,-13,86,32,-14,90,25,-15,75,61,-12,82,51,-14,85,45,-14,88,39,-14,R
51,100,0,62,95,-1,69,86,-1,73,78,-3,76,72,-4,72,60,0,79,41,-2,84,31,-4,87,22,-5,68,57,-2,78,38,-7,84,26,-9,90,17,-11,64,60,-5,74,42,-8,81,33,-8,86,25,-7,58,67,-8,67,56,-9,72,53,-8,75,50,-6,61,80,0,57,65,-1,57,53,-3,57,42,-5,58,33,-7,68,44,-5,75,29,-9,79,22,-11,83,16,-13,71,47,-7,80,32,-13,85,24,-16,90,16,-18,74,53,-9,82,40,-12,86,32,-12,90,25,-13,75,62,-10,82,51,-12,86,44,-11,88,38,-11,R
49,101,0,62,94,2,69,87,2,75,78,3,76,72,4,71,59,1,79,39,-1,83,29,-2,88,21,-3,68,57,-2,78,37,-7,85,26,-10,90,17,-10,64,60,-5,75,43,-8,82,34,-6,88,26,-4,60,70,-8,70,57,-9,77,52,-6,80,48,-3,62,82,0,59,70,-4,58,58,-6,58,47,-9,59,37,-11,68,45,-7,75,30,-10,80,23,-13,84,16,-15,72,48,-7,80,32,-12,85,24,-15,90,16,-16,75,53,-8,82,40,-11,87,32,-12,90,25,-13,76,62,-10,83,51,-11,86,44,-11,89,39,-12,R
50,102,0,64,96,0,71,88,0,76,79,1,77,75,2,73,63,0,82,45,-3,87,35,-4,90,27,-5,69,60,-4,79,40,-10,85,27,-15,90,17,-17,63,62,-6,72,44,-11,80,35,-12,87,24,-12,56,70,-9,66,61,-10,70,64,-7,69,67,-5,63,72,0,59,62,-6,57,51,-10,56,41,-14,55,33,-18,69,43,-11,76,31,-16,80,23,-19,84,18,-21,73,47,-11,81,33,-16,86,24,-19,91,17,-21,76,53,-12,84,41,-16,88,33,-18,92,26,-20,79,61,-13,84,51,-16,88,45,-18,91,39,-19,R
53,100,0,65,93,1,71,86,1,76,78,0,77,71,-1,73,59,1,81,40,0,85,31,-2,89,23,-3,70,57,-2,80,38,-7,86,27,-9,91,18,-10,65,60,-6,75,44,-9,83,35,-8,88,27,-7,60,69,-9,68,58,-10,73,54,-7,75,53,-5,63,72,0,59,62,-4,58,50,-8,57,41,-11,56,32,-15,69,42,-9,77,30,-14,81,23,-17,85,17,-19,74,47,-10,82,34,-15,87,25,-17,91,18,-19,77,53,-11,84,41,-15,89,33,-17,92,27,-18,79,61,-13,85,52,-16,88,46,-17,91,40,-18,R
53,101,0,65,95,2,71,87,2,77,79,2,78,73,2,74,59,2,81,40,1,86,31,0,90,23,-1,70,57,-1,81,38,-5,87,28,-8,92,19,-9,67,60,-5,77,44,-7,85,34,-6,90,26,-5,63,69,-8,75,57,-8,82,51,-5,86,47,-3,63,74,0,59,61,-3,58,50,-6,58,40,-9,56,32,-12,70,43,-8,77,31,-12,82,24,-15,86,18,-18,74,47,-9,83,34,-14,88,26,-17,92,18,-19,77,53,-11,85,41,-14,89,33,-16,93,27,-16,79,61,-12,85,51,-15,89,45,-15,92,40,-15,R
52,101,0,66,94,4,72,86,5,79,78,6,79,74,7,75,60,4,83,41,2,88,32,0,92,24,-1,71,58,-1,82,38,-6,88,28,-9,93,18,-10,66,61,-5,77,44,-8,84,34,-6,90,26,-3,62,71,-9,72,58,-8,79,54,-4,82,52,-1,62,74,0,59,61,-2,58,51,-5,58,41,-8,57,33,-11,71,44,-7,78,31,-11,83,24,-14,87,18,-16,75,47,-9,83,34,-14,89,26,-18,93,18,-20,77,53,-10,85,41,-14,90,33,-15,93,26,-16,78,61,-12,85,52,-14,89,46,-15,92,40,-15,R
52,99,0,67,91,4,73,85,5,79,77,5,80,73,6,75,59,4,83,41,2,87,32,0,91,24,-1,72,57,-1,83,38,-6,89,28,-9,94,18,-10,67,60,-5,78,44,-8,85,34,-6,91,26,-4,63,70,-9,74,57,-8,81,54,-4,84,52,-1,62,76,0,59,63,-3,58,52,-6,58,42,-9,58,34,-12,72,44,-8,79,31,-11,84,24,-14,87,18,-16,76,47,-9,84,34,-13,89,25,-17,94,18,-19,78,53,-10,86,41,-13,91,33,-15,95,26,-16,79,61,-11,86,51,-13,90,45,-14,93,39,-14,R
53,99,0,67,91,1,74,85,2,79,77,1,81,74,2,76,59,1,84,41,-1,89,31,-3,93,24,-4,72,57,-2,83,38,-9,89,28,-12,94,18,-13,67,60,-6,77,44,-10,85,35,-8,91,27,-6,61,70,-10,70,59,-9,74,58,-5,74,59,-1,64,79,0,61,67,-3,59,56,-6,60,46,-9,60,38,-12,73,44,-7,80,31,-10,84,24,-12,88,18,-14,77,48,-8,85,34,-13,90,26,-16,95,18,-18,79,54,-9,87,41,-12,92,33,-13,96,26,-14,80,62,-10,87,51,-12,91,45,-12,94,39,-12,R
53,102,0,67,93,3,74,85,4,80,76,4,81,73,5,75,60,2,83,40,-1,88,31,-2,92,23,-4,72,58,-2,83,38,-9,89,28,-12,95,18,-14,66,61,-6,78,44,-10,86,35,-7,92,27,-5,63,72,-10,74,59,-9,82,57,-5,84,55,-2,65,84,0,62,73,-4,62,61,-7,63,50,-10,63,40,-12,73,45,-6,81,31,-9,85,24,-12,90,18,-14,77,48,-6,86,34,-10,91,26,-13,96,19,-15,79,54,-7,88,41,-10,93,34,-11,96,27,-12,80,62,-8,88,52,-10,91,46,-11,94,41,-11,R
57,100,0,70,92,2,76,85,2,81,76,2,81,71,2,77,59,2,85,40,-1,90,31,-2,94,24,-3,73,57,-2,83,38,-8,89,27,-11,95,18,-12,68,61,-5,77,44,-9,85,35,-8,91,26,-6,63,71,-9,71,59,-9,75,56,-5,76,56,-2,64,88,0,63,78,-4,65,67,-8,66,57,-11,68,49,-13,73,47,-6,81,33,-10,87,25,-13,91,19,-15,76,50,-7,85,35,-12,92,26,-15,96,19,-17,77,56,-8,87,42,-11,93,35,-12,97,28,-13,77,65,-9,86,55,-11,91,50,-11,94,45,-11,R
63,103,0,75,96,-3,81,88,-5,86,79,-6,89,73,-7,78,63,-3,85,44,-7,91,35,-10,95,29,-12,73,61,-5,81,41,-11,89,31,-15,95,24,-17,68,64,-7,78,53,-12,84,53,-13,87,51,-13,65,72,-10,76,70,-12,79,76,-12,76,80,-11,70,74,0,66,63,-8,64,53,-14,63,43,-18,63,35,-23,78,42,-13,85,31,-17,90,24,-19,94,19,-21,83,47,-12,90,35,-15,96,27,-18,100,20,-21,86,54,-11,93,43,-13,98,36,-16,102,29,-19,87,61,-10,94,53,-13,98,47,-15,102,41,-16,R
65,99,0,76,93,-2,83,83,-4,87,75,-6,88,70,-8,80,57,-1,86,40,-4,91,31,-7,96,24,-9,75,56,-3,83,38,-6,90,29,-9,95,22,-11,70,59,-6,79,49,-10,83,49,-12,85,48,-13,67,66,-9,78,67,-13,79,72,-13,78,77,-14,69,70,0,65,61,-7,64,50,-12,64,41,-15,63,33,-19,78,40,-11,85,29,-15,90,23,-18,94,18,-20,82,45,-10,91,33,-13,95,26,-16,99,19,-18,85,51,-9,93,40,-12,98,32,-14,102,26,-15,87,57,-9,94,49,-11,97,43,-12,101,38,-13,R
65,99,0,76,93,-2,82,83,-3,87,75,-5,89,70,-6,81,58,-2,87,40,-5,92,31,-8,96,24,-10,75,57,-4,82,38,-10,89,28,-13,94,22,-16,70,61,-7,77,49,-12,83,49,-13,85,48,-14,67,68,-10,77,68,-13,79,73,-14,77,76,-14,70,68,0,66,58,-5,64,48,-9,63,39,-13,62,31,-16,78,40,-9,85,29,-14,90,23,-17,94,18,-19,82,44,-10,91,33,-14,96,25,-17,100,19,-19,85,50,-10,93,39,-13,98,32,-16,102,26,-17,86,57,-11,93,49,-14,97,43,-15,101,38,-15,R
64,99,0,76,93,-1,81,83,-2,86,74,-4,89,70,-5,80,59,-2,86,40,-5,91,31,-8,95,24,-10,74,57,-4,82,38,-10,89,28,-15,94,21,-18,69,61,-7,77,49,-11,83,49,-13,85,47,-13,67,68,-10,77,69,-13,80,73,-14,77,75,-14,70,68,0,65,58,-6,64,48,-10,63,39,-13,62,31,-16,77,40,-10,85,29,-14,90,23,-18,94,18,-20,82,44,-10,90,33,-14,95,25,-17,100,19,-19,85,50,-10,93,39,-13,98,32,-16,102,26,-17,86,57,-11,93,48,-13,97,42,-15,101,37,-16,R
66,99,0,77,92,-2,83,83,-3,87,75,-5,88,69,-7,80,59,-1,87,41,-5,92,32,-7,96,25,-9,75,58,-4,82,38,-8,89,28,-12,94,21,-14,71,61,-7,78,49,-11,83,49,-13,86,49,-14,67,68,-10,77,68,-13,79,72,-14,78,76,-15,69,67,0,65,58,-6,64,47,-10,63,39,-14,62,31,-18,77,39,-10,85,29,-15,90,23,-19,94,17,-21,82,44,-10,90,33,-15,95,25,-18,100,19,-20,85,50,-11,93,40,-14,98,33,-16,102,27,-18,86,57,-11,93,49,-14,97,44,-15,101,39,-16,R
66,97,0,76,92,-2,82,82,-3,86,74,-4,88,70,-5,81,57,-1,87,39,-5,92,30,-7,96,23,-9,76,56,-4,83,38,-8,90,28,-12,95,21,-14,71,60,-6,78,49,-10,83,48,-11,85,47,-12,67,67,-9,76,66,-12,78,71,-12,77,74,-12,70,68,0,66,58,-6,64,48,-10,64,39,-14,62,31,-17,77,40,-11,85,29,-15,89,23,-19,94,17,-21,82,44,-11,90,33,-15,95,25,-19,100,18,-21,85,50,-11,93,39,-15,98,32,-17,102,25,-19,86,57,-12,93,48,-14,97,42,-16,101,37,-17,R
65,98,0,77,92,-1,82,83,-2,86,74,-4,88,69,-5,81,58,-1,87,40,-5,92,31,-7,96,24,-9,76,56,-4,83,37,-9,90,28,-13,95,20,-16,71,60,-7,77,47,-11,83,48,-13,86,47,-14,67,67,-10,76,66,-13,78,70,-14,76,72,-15,69,67,0,65,57,-6,64,47,-10,64,39,-14,62,31,-18,77,40,-11,85,29,-16,90,23,-20,94,17,-22,82,44,-11,90,33,-16,95,25,-20,100,18,-23,85,50,-11,93,40,-15,98,32,-17,102,26,-19,86,57,-12,93,49,-15,97,43,-16,101,38,-16,R
66,98,0,77,92,-2,82,83,-3,86,75,-5,89,70,-6,80,58,-1,86,40,-5,91,31,-7,95,24,-9,75,56,-4,82,37,-9,89,28,-12,94,21,-14,71,60,-7,78,48,-11,83,47,-12,86,45,-13,67,67,-10,76,67,-13,79,71,-13,77,74,-13,70,68,0,65,58,-6,64,48,-10,64,39,-14,62,31,-18,77,40,-11,85,29,-16,90,23,-20,94,17,-22,82,44,-11,90,33,-17,96,25,-20,100,18,-23,85,50,-12,93,39,-16,98,32,-18,102,25,-20,86,57,-12,93,49,-15,97,42,-17,101,37,-18,R
66,97,0,76,92,-2,82,82,-4,86,74,-6,88,70,-7,80,57,-1,86,39,-5,91,30,-7,95,23,-9,75,56,-4,82,37,-8,89,28,-11,95,21,-13,71,59,-6,79,48,-10,84,47,-12,87,45,-13,67,67,-10,77,67,-13,79,72,-13,77,75,-14,70,68,0,66,58,-5,64,48,-9,63,39,-12,62,31,-16,77,40,-10,85,29,-14,90,23,-18,94,17,-20,82,44,-10,90,33,-14,95,25,-17,100,18,-20,85,50,-10,93,39,-14,98,32,-16,102,25,-17,86,57,-11,93,48,-14,97,42,-15,101,37,-15,R
64,97,0,76,92,-2,81,84,-3,86,76,-5,88,70,-6,79,58,-1,85,39,-5,91,30,-8,95,23,-10,75,57,-4,83,38,-9,90,28,-13,95,21,-15,71,60,-7,79,48,-11,86,46,-12,89,43,-13,67,68,-10,76,67,-12,79,71,-12,79,74,-12,70,68,0,66,58,-6,64,48,-10,64,39,-13,62,31,-17,77,40,-10,85,29,-15,90,23,-18,94,17,-21,82,44,-10,91,33,-15,95,25,-18,99,19,-21,85,50,-11,93,40,-14,98,32,-17,102,26,-18,86,58,-11,93,49,-14,97,43,-16,100,38,-16,R
64,99,0,76,93,-1,82,83,-2,86,75,-4,88,71,-4,80,58,-1,86,40,-5,91,31,-7,95,24,-9,75,57,-4,82,38,-10,89,28,-15,94,21,-18,70,61,-7,77,48,-11,83,48,-12,84,46,-13,67,68,-10,76,67,-13,78,71,-13,76,74,-12,69,68,0,65,58,-5,64,48,-9,64,39,-13,62,31,-16,77,40,-10,85,29,-15,90,23,-18,94,17,-21,82,44,-11,90,33,-15,96,25,-19,100,18,-22,85,50,-11,93,39,-15,98,32,-17,102,25,-19,86,57,-12,93,48,-15,97,42,-16,100,37,-16,R
65,98,0,75,93,-3,82,83,-5,86,75,-7,89,70,-9,81,58,-2,88,40,-6,92,31,-8,96,24,-10,76,56,-4,83,38,-8,90,28,-11,95,22,-13,71,60,-7,78,48,-12,83,48,-14,85,48,-15,67,67,-10,76,68,-14,78,73,-16,76,76,-16,69,68,0,65,57,-5,64,48,-9,63,39,-12,62,31,-15,77,40,-10,85,29,-14,90,23,-18,94,17,-20,82,44,-10,90,33,-15,95,25,-19,100,18,-21,84,50,-11,92,39,-14,97,32,-16,102,25,-18,86,57,-11,93,48,-14,97,43,-15,100,37,-16,R
65,99,0,76,93,-2,82,83,-3,86,75,-5,88,70,-7,80,58,-1,85,40,-5,91,30,-8,95,23,-10,74,57,-4,82,38,-9,89,28,-13,95,21,-15,70,60,-7,78,48,-11,83,48,-13,86,46,-13,67,67,-10,76,67,-13,78,72,-14,77,75,-14,70,69,0,65,59,-6,64,48,-10,63,39,-13,62,31,-17,77,40,-10,85,29,-15,89,23,-18,93,17,-21,82,44,-10,90,32,-15,95,25,-19,100,18,-21,84,50,-11,92,39,-15,97,31,-17,101,25,-19,86,57,-11,93,49,-15,97,43,-16,100,37,-17,R
64,98,0,75,93,-3,81,84,-4,86,75,-7,89,70,-8,80,58,-2,86,41,-6,91,31,-9,95,24,-11,75,57,-4,83,38,-9,90,28,-13,96,21,-15,70,60,-7,79,48,-11,87,44,-13,91,40,-15,66,67,-10,76,67,-13,79,71,-14,77,74,-14,69,69,0,65,58,-5,64,48,-8,63,39,-11,62,32,-15,77,41,-9,85,29,-14,89,23,-17,93,17,-20,81,44,-10,90,33,-15,95,25,-19,99,18,-21,84,50,-11,92,39,-15,97,32,-17,101,25,-18,85,58,-12,92,48,-15,96,42,-16,100,37,-16,R
65,97,0,74,91,-2,81,82,-4,85,74,-5,88,70,-7,80,56,-1,86,39,-4,91,29,-6,95,23,-8,76,55,-3,84,37,-7,91,28,-10,96,20,-12,71,58,-6,80,46,-10,88,42,-12,92,36,-13,67,66,-9,76,66,-12,78,70,-12,77,73,-12,70,69,0,65,59,-5,64,48,-8,63,39,-11,62,32,-15,77,40,-9,84,29,-13,89,23,-16,93,17,-18,81,44,-9,90,32,-13,95,24,-16,99,18,-18,84,50,-10,92,39,-13,97,31,-15,101,25,-17,86,57,-11,92,48,-14,96,42,-15,99,37,-15,R
64,98,0,75,92,-1,81,82,-2,85,74,-4,87,71,-5,79,57,-1,85,38,-4,90,29,-7,95,22,-9,74,56,-4,82,37,-9,90,27,-14,95,21,-16,69,60,-7,77,47,-11,84,45,-13,87,43,-14,66,68,-10,75,65,-13,78,70,-13,76,74,-12,69,70,0,65,59,-5,64,49,-9,63,40,-12,62,32,-15,77,41,-9,84,29,-13,89,23,-17,93,17,-19,81,44,-10,90,33,-14,95,25,-18,99,18,-20,84,50,-10,92,39,-14,96,32,-16,100,25,-17,85,58,-11,91,49,-14,95,43,-15,99,38,-15,R
64,98,0,75,92,-3,81,82,-4,85,74,-6,88,70,-8,80,56,-1,85,39,-4,90,29,-7,94,22,-9,75,55,-3,83,37,-7,90,27,-10,96,20,-12,70,59,-6,79,46,-10,87,41,-12,92,37,-14,66,66,-10,76,66,-13,78,69,-13,78,73,-13,70,71,0,65,59,-4,64,49,-7,63,40,-10,62,32,-14,77,40,-8,84,29,-12,89,22,-15,93,17,-17,81,44,-9,90,31,-14,95,24,-17,99,17,-19,84,50,-10,92,38,-14,96,30,-15,100,24,-17,85,57,-11,91,48,-14,95,42,-15,98,36,-15,R
64,97,0,75,91,-3,81,82,-3,85,74,-5,87,71,-5,80,56,0,86,38,-3,91,29,-5,94,21,-6,75,55,-2,83,37,-6,90,27,-9,96,19,-11,71,59,-5,79,46,-8,87,41,-11,92,36,-12,66,67,-7,76,65,-10,78,70,-10,78,75,-9,68,71,0,64,58,-3,63,48,-6,63,39,-9,62,31,-12,76,41,-8,84,29,-12,89,22,-15,93,17,-17,81,44,-9,89,32,-14,94,24,-17,99,17,-20,83,50,-10,91,39,-13,96,31,-15,100,24,-16,84,58,-11,91,49,-14,95,42,-14,98,36,-15,R
63,98,0,74,92,-2,80,83,-3,85,75,-5,88,70,-6,79,57,-1,85,38,-5,90,29,-8,94,22,-10,73,56,-4,82,37,-9,89,27,-13,95,20,-16,69,60,-7,77,47,-11,85,46,-13,88,43,-14,65,68,-10,75,66,-13,78,70,-13,76,74,-12,68,71,0,65,60,-5,63,49,-8,63,39,-11,61,32,-14,77,40,-8,84,28,-12,89,22,-15,93,16,-17,81,44,-9,89,31,-13,95,24,-16,99,17,-18,84,50,-9,91,38,-13,96,30,-15,100,24,-16,85,57,-11,91,48,-13,95,41,-14,98,36,-14,R
63,98,0,75,92,-2,81,83,-3,85,74,-5,87,70,-7,79,57,-1,84,39,-4,89,29,-6,93,22,-9,74,56,-3,82,38,-7,90,28,-11,96,20,-14,69,59,-6,78,47,-9,87,42,-10,92,37,-11,65,67,-9,76,66,-10,79,69,-9,79,73,-9,68,71,0,64,59,-4,63,49,-7,63,39,-10,61,32,-13,77,40,-7,84,28,-11,89,22,-14,93,17,-16,81,44,-8,89,31,-12,94,24,-15,99,17,-17,83,50,-9,91,38,-12,96,30,-14,100,24,-15,84,57,-11,91,48,-13,95,41,-14,98,36,-14,R
63,98,0,75,90,-1,80,82,-1,84,74,-2,87,70,-2,79,56,1,85,38,-2,90,28,-5,94,21,-7,74,55,-2,83,37,-7,90,26,-12,96,19,-14,69,59,-5,79,46,-8,88,39,-9,93,32,-10,66,68,-8,76,64,-9,80,67,-7,79,70,-6,67,70,0,64,58,-3,63,48,-6,63,39,-9,62,32,-12,76,40,-7,84,29,-11,89,22,-14,93,17,-16,81,44,-9,89,31,-13,94,24,-17,99,17,-19,83,50,-10,91,38,-13,96,31,-15,100,24,-16,84,57,-11,91,48,-13,94,42,-14,97,37,-14,R
62,99,0,74,92,-1,80,83,-1,85,75,-2,87,71,-3,80,58,0,86,39,-3,91,30,-5,94,22,-7,74,56,-3,83,38,-8,90,27,-13,95,20,-16,69,60,-6,77,47,-10,85,44,-12,88,40,-12,65,68,-9,75,65,-11,78,70,-11,76,74,-10,68,71,0,64,59,-4,63,49,-7,62,39,-10,61,31,-13,76,40,-8,84,29,-12,88,22,-15,92,17,-17,80,44,-9,89,31,-13,94,24,-16,98,17,-18,83,50,-10,91,38,-13,96,31,-15,100,24,-16,84,57,-11,91,48,-13,94,41,-14,97,36,-15,R
63,98,0,73,92,-2,80,83,-3,85,74,-4,86,71,-5,79,56,0,85,39,-3,91,30,-5,95,23,-7,74,54,-2,83,36,-6,90,26,-9,96,18,-11,69,58,-6,79,46,-9,87,40,-11,92,33,-12,65,66,-9,75,65,-11,77,70,-11,75,73,-10,68,71,0,64,59,-3,63,48,-6,62,39,-9,61,32,-12,76,40,-7,84,29,-11,88,22,-14,92,17,-16,80,44,-8,89,31,-12,94,24,-15,98,17,-17,83,49,-9,91,38,-12,95,30,-14,99,24,-15,84,57,-11,91,47,-13,94,41,-14,97,36,-14,R
61,98,0,74,90,1,79,82,1,84,74,2,86,71,2,79,56,2,85,38,0,91,29,-1,94,22,-3,74,55,-1,84,37,-6,91,26,-10,96,18,-12,70,59,-4,78,45,-8,87,40,-8,93,33,-8,65,68,-8,75,63,-8,78,66,-6,77,70,-4,67,70,0,63,58,-3,62,48,-6,63,39,-8,61,32,-11,76,40,-7,83,28,-10,88,22,-13,92,17,-15,80,43,-8,88,31,-12,93,24,-15,98,18,-17,82,49,-9,90,38,-12,95,30,-14,99,24,-15,83,57,-10,90,47,-12,94,41,-13,97,36,-13,R
60,99,0,74,91,0,79,82,1,84,73,2,85,72,4,79,58,1,86,39,-1,91,30,-3,95,23,-4,74,56,-2,83,38,-8,90,26,-13,95,18,-15,69,60,-5,77,47,-9,85,43,-9,90,37,-8,65,70,-8,74,64,-8,78,67,-5,76,71,-3,68,71,0,64,59,-3,62,48,-6,62,39,-8,61,32,-11,75,40,-7,83,28,-11,88,22,-13,92,17,-15,79,43,-8,88,31,-12,93,24,-15,98,18,-17,82,49,-9,90,38,-12,95,31,-14,99,24,-15,84,57,-11,90,47,-13,94,41,-14,97,36,-14,R
59,99,0,74,91,0,79,83,1,84,75,1,84,72,3,78,58,1,86,40,-2,91,31,-3,95,24,-4,73,56,-2,83,38,-8,90,26,-13,94,18,-15,68,60,-5,77,47,-9,85,41,-9,90,33,-8,64,70,-8,74,64,-7,77,67,-4,75,71,-2,67,71,0,63,59,-4,62,49,-7,62,39,-10,61,32,-13,75,40,-7,83,29,-11,87,22,-14,91,17,-16,80,44,-8,88,31,-13,93,24,-16,97,17,-18,82,50,-9,90,38,-13,95,30,-14,98,24,-16,84,57,-11,90,48,-13,94,41,-14,97,36,-14,R
61,98,0,73,90,1,79,82,1,84,74,1,85,72,1,78,55,3,84,37,1,89,28,0,93,21,-1,73,54,-1,83,36,-5,90,25,-8,95,17,-10,69,59,-4,79,45,-7,88,37,-8,93,29,-7,66,68,-8,77,63,-7,80,65,-5,79,67,-3,68,70,0,63,59,-4,62,48,-7,62,39,-10,60,32,-13,75,40,-7,82,28,-11,87,22,-13,91,17,-15,79,43,-8,88,31,-11,93,24,-14,97,18,-15,82,49,-9,90,38,-12,95,31,-13,98,24,-14,84,57,-10,90,48,-13,94,41,-13,97,36,-14,R
62,100,0,73,92,-1,79,83,-3,84,75,-4,86,71,-6,77,55,0,83,37,-3,88,28,-6,93,21,-7,72,54,-3,82,36,-7,90,25,-10,95,18,-12,69,59,-6,79,45,-10,88,38,-11,93,30,-12,65,68,-10,76,65,-11,79,66,-10,79,68,-9,68,71,0,63,59,-3,62,48,-6,62,39,-9,61,31,-11,75,40,-7,82,29,-10,87,23,-13,91,17,-15,79,44,-8,87,31,-12,93,24,-15,97,18,-17,82,50,-9,90,38,-12,94,31,-14,98,24,-15,83,57,-11,90,48,-13,94,42,-13,97,36,-14,R
63,99,0,73,92,-4,79,83,-6,83,75,-9,86,71,-11,77,54,-1,83,37,-4,88,28,-7,92,20,-10,73,54,-3,82,36,-6,90,26,-10,96,19,-12,70,58,-6,80,44,-9,89,36,-11,95,30,-13,67,67,-9,78,64,-11,83,64,-11,84,65,-11,67,72,0,63,60,-3,62,49,-6,62,40,-9,60,32,-11,75,40,-6,82,29,-10,86,23,-13,90,17,-15,79,44,-7,87,31,-11,92,24,-14,96,17,-15,82,50,-9,89,38,-12,94,31,-13,97,24,-14,83,57,-10,90,48,-13,93,42,-13,96,36,-14,R
62,100,0,72,91,-1,78,84,-3,83,77,-4,85,73,-6,77,54,1,83,36,-2,88,27,-5,93,20,-6,73,54,-2,83,36,-7,90,25,-10,96,18,-12,70,59,-5,80,45,-9,89,36,-10,94,27,-10,67,69,-9,77,63,-10,81,63,-8,82,64,-6,67,73,0,63,60,-3,61,50,-5,61,40,-8,60,33,-10,74,41,-6,82,29,-10,86,23,-12,90,17,-14,78,44,-8,87,32,-11,92,24,-14,96,17,-16,81,50,-9,89,38,-12,94,31,-13,97,24,-14,83,58,-11,90,48,-13,93,42,-13,96,37,-13,R
61,99,0,72,90,1,77,83,0,82,76,-2,85,73,-3,76,54,2,83,36,0,88,28,-2,92,20,-4,72,54,-1,83,36,-6,90,25,-10,96,18,-12,69,59,-5,80,45,-9,89,36,-9,94,27,-8,66,69,-9,77,63,-9,82,62,-6,82,62,-4,67,72,0,62,60,-3,61,50,-5,61,40,-7,59,33,-10,74,41,-6,81,29,-9,86,23,-12,90,17,-14,78,45,-7,87,32,-11,92,24,-14,96,17,-16,81,50,-9,89,38,-12,93,31,-13,97,25,-14,83,58,-11,89,48,-13,93,42,-13,96,37,-13,R
60,99,0,72,90,0,78,83,0,83,76,-2,85,73,-2,77,55,2,83,37,-1,88,28,-3,93,21,-4,73,54,-1,83,36,-7,90,26,-10,96,18,-12,69,60,-5,79,45,-8,88,36,-9,94,27,-8,66,70,-8,76,63,-8,80,63,-5,80,65,-3,67,73,0,63,61,-3,61,50,-6,60,41,-8,59,34,-11,74,41,-6,81,29,-10,86,23,-13,90,17,-15,78,45,-8,86,32,-11,92,24,-14,96,17,-15,81,50,-9,88,39,-12,93,31,-13,96,25,-14,83,58,-11,89,48,-13,93,42,-13,95,37,-13,R
60,99,0,73,90,1,78,83,2,83,76,2,84,73,2,77,55,3,84,37,1,89,28,0,93,21,-1,73,54,0,83,37,-5,90,26,-8,95,18,-9,70,60,-4,79,45,-7,88,35,-7,93,26,-6,67,71,-7,77,61,-7,83,60,-3,83,61,0,67,73,0,62,60,-3,61,50,-5,60,41,-8,59,34,-10,74,42,-6,81,30,-10,85,23,-13,90,17,-15,78,45,-8,86,32,-12,91,24,-14,96,18,-16,81,51,-9,88,39,-12,93,32,-13,96,25,-14,83,59,-11,89,49,-13,93,43,-13,95,38,-13,R
63,95,0,74,90,-4,80,81,-6,85,73,-8,88,67,-10,77,54,-1,81,37,-5,86,28,-8,91,21,-10,73,54,-3,81,35,-7,89,25,-11,94,17,-13,70,57,-6,80,44,-9,88,36,-12,93,30,-14,67,64,-9,77,63,-11,80,65,-12,81,67,-12,68,78,0,65,68,-7,64,58,-12,63,48,-16,63,40,-21,74,42,-11,81,29,-14,85,22,-17,90,17,-19,79,46,-10,86,31,-14,91,23,-17,95,15,-19,81,52,-10,89,38,-12,93,31,-14,97,24,-16,83,59,-9,89,49,-12,93,43,-13,95,38,-14,R
62,97,0,72,92,-5,80,83,-7,85,77,-10,88,72,-13,77,53,-3,82,37,-7,86,26,-11,90,19,-13,73,53,-5,83,37,-8,90,27,-12,94,19,-14,69,57,-8,82,48,-12,89,42,-15,94,38,-17,66,66,-11,77,69,-15,78,73,-16,77,77,-16,70,72,0,65,62,-5,64,51,-8,63,42,-11,61,35,-15,76,42,-7,82,30,-11,86,22,-14,89,16,-16,81,45,-8,88,33,-11,93,24,-13,97,18,-15,84,51,-8,91,39,-11,96,32,-13,99,25,-15,87,57,-10,92,48,-12,96,42,-13,99,37,-14,R
62,102,0,73,97,-4,82,87,-7,87,79,-10,88,74,-13,77,58,-4,82,40,-9,86,28,-12,89,20,-15,72,59,-6,79,42,-11,87,36,-15,92,33,-16,68,63,-8,80,56,-15,85,61,-16,87,67,-16,64,71,-12,76,73,-16,77,80,-17,75,85,-16,74,76,0,69,64,-4,66,53,-7,65,43,-9,64,36,-11,78,43,-5,83,31,-9,87,23,-11,90,17,-13,84,46,-6,90,34,-8,94,27,-10,98,21,-12,88,52,-7,94,42,-9,98,36,-10,102,31,-11,90,59,-8,95,52,-9,99,48,-10,102,45,-9,R
64,103,0,71,96,-5,78,85,-8,82,77,-11,83,70,-14,80,61,-5,85,43,-10,90,30,-14,94,21,-16,78,61,-6,87,45,-10,93,34,-14,99,27,-15,75,64,-8,86,55,-12,94,52,-13,99,50,-14,71,72,-10,81,70,-13,86,69,-13,88,69,-12,77,79,0,72,68,-5,69,57,-8,68,46,-11,67,39,-13,81,46,-7,86,34,-11,90,26,-14,94,20,-17,87,50,-7,93,39,-10,96,32,-12,100,26,-14,91,55,-7,96,46,-10,100,40,-11,104,36,-11,94,63,-8,98,56,-10,101,52,-10,104,49,-10,R
65,102,0,70,93,-4,75,80,-6,78,71,-9,77,64,-11,78,60,-4,85,42,-8,90,29,-11,94,20,-14,78,60,-5,88,49,-9,95,45,-12,100,43,-14,77,64,-7,89,56,-10,96,52,-11,101,50,-12,75,71,-9,86,70,-11,91,69,-11,94,69,-11,77,79,0,71,68,-5,69,57,-8,68,47,-11,67,39,-13,82,45,-6,87,34,-9,90,26,-13,94,20,-15,87,49,-6,93,38,-8,97,32,-10,101,26,-12,92,55,-6,97,46,-8,101,40,-9,105,35,-10,95,63,-7,100,56,-9,103,51,-9,106,48,-9,R
74,102,0,83,92,-2,90,80,-3,93,69,-6,93,60,-8,89,60,-3,93,42,-7,96,31,-10,98,23,-11,83,61,-6,89,46,-14,95,56,-17,97,67,-18,77,65,-9,82,54,-16,89,64,-17,92,72,-16,71,71,-11,71,58,-16,72,51,-16,72,45,-16,80,81,0,76,72,-5,73,61,-10,72,53,-15,71,43,-20,87,49,-12,92,38,-19,95,30,-23,97,24,-27,87,52,-14,93,46,-22,97,50,-25,99,54,-27,85,60,-16,89,58,-23,94,65,-25,97,70,-25,82,68,-18,85,67,-24,87,70,-25,89,73,-25,R
39,73,-1,46,76,-2,54,75,-2,59,74,-3,64,73,-3,55,66,1,60,66,-2,56,69,-3,52,71,-4,53,62,0,59,63,-3,54,68,-4,49,70,-3,51,59,-1,57,60,-4,52,65,-4,47,68,-2,48,55,-2,53,57,-5,51,62,-4,48,65,-3,66,39,-1,63,31,-1,59,23,-2,55,17,-3,52,14,-4,56,26,-6,47,29,-8,50,30,-8,52,30,-7,56,32,-7,48,35,-8,50,36,-7,52,35,-7,57,39,-7,49,40,-8,51,41,-7,53,41,-6,57,44,-8,50,46,-8,47,46,-8,45,46,-8,S
39,73,-1,46,76,-2,54,75,-2,60,74,-3,65,73,-4,55,65,1,60,65,-2,56,69,-3,52,70,-4,53,62,0,59,62,-3,54,67,-4,49,70,-3,51,58,-1,57,59,-4,52,65,-4,48,68,-2,48,55,-2,53,57,-5,51,62,-4,48,65,-3,66,39,-1,63,31,-1,59,22,-2,55,16,-3,52,15,-4,56,26,-6,48,29,-7,50,30,-8,52,29,-7,56,32,-6,48,35,-8,50,36,-7,52,35,-7,57,38,-7,49,40,-8,51,41,-7,53,41,-6,57,44,-8,50,45,-8,47,46,-8,45,46,-8,S
39,73,-1,46,76,-2,54,75,-2,60,74,-3,64,73,-3,55,65,1,60,65,-2,56,69,-3,52,70,-4,53,61,0,58,62,-3,53,67,-4,49,69,-3,51,58,-1,56,58,-4,51,64,-4,47,67,-2,47,54,-2,53,55,-4,51,59,-4,49,62,-3,66,39,-1,63,31,-1,59,23,-2,56,17,-3,52,15,-4,56,26,-6,48,29,-7,50,30,-7,52,30,-7,56,32,-6,48,35,-8,50,36,-7,52,35,-7,57,39,-7,49,40,-8,51,41,-7,53,41,-6,57,44,-7,50,46,-8,47,46,-8,45,46,-8,S
39,73,-1,46,76,-2,54,75,-2,60,74,-3,65,73,-3,55,65,1,60,65,-2,56,69,-3,52,70,-3,53,62,0,58,62,-3,53,67,-3,49,69,-3,51,58,-1,56,58,-4,52,64,-3,48,67,-2,47,54,-2,53,55,-4,51,59,-4,49,62,-2,66,39,-1,63,31,-1,59,22,-2,55,16,-3,52,15,-4,56,26,-5,47,29,-7,50,30,-7,52,30,-7,57,32,-6,48,35,-8,50,36,-7,52,35,-7,57,38,-7,49,40,-8,51,41,-7,53,40,-6,57,44,-7,50,45,-8,48,46,-8,46,46,-7,S
39,73,-1,47,76,-2,54,75,-2,60,74,-3,65,73,-3,55,65,1,61,65,-2,57,69,-3,53,70,-3,54,62,0,59,62,-3,54,67,-4,50,69,-3,51,58,-1,57,59,-4,52,65,-4,48,68,-2,48,55,-2,53,56,-5,51,62,-4,49,65,-3,66,39,-1,63,31,-1,59,22,-2,55,16,-3,52,13,-4,56,26,-6,47,29,-8,49,30,-8,52,29,-8,56,32,-6,48,35,-8,50,35,-7,53,35,-7,57,38,-7,49,40,-8,51,41,-7,53,40,-6,57,44,-7,50,45,-8,47,46,-8,46,46,-7,S
40,72,-1,47,76,-2,55,75,-2,60,73,-3,65,73,-4,56,65,1,61,65,-2,57,69,-3,52,70,-4,54,62,0,59,62,-3,54,67,-4,50,69,-3,51,58,-1,57,59,-4,53,65,-4,48,67,-2,48,54,-2,54,56,-5,51,61,-4,49,64,-3,66,39,-1,62,31,-1,58,22,-2,55,16,-3,51,14,-4,56,26,-6,47,29,-7,49,30,-8,52,30,-7,56,32,-6,47,35,-8,49,36,-7,52,35,-7,56,38,-7,48,40,-8,50,41,-7,53,40,-6,57,44,-7,50,45,-8,47,46,-8,45,45,-8,S
40,72,-1,47,76,-2,55,74,-2,61,73,-3,65,72,-4,56,64,0,61,64,-3,57,68,-4,53,70,-4,54,61,-1,59,61,-4,54,67,-4,50,69,-4,51,57,-2,57,57,-5,53,64,-4,48,67,-3,48,54,-3,53,55,-5,52,60,-5,50,64,-4,66,39,-1,62,31,-1,58,22,-2,55,16,-3,51,13,-4,55,26,-5,47,29,-7,49,30,-7,52,30,-7,56,32,-6,47,35,-8,49,36,-7,52,35,-7,56,38,-7,48,40,-8,50,41,-7,53,40,-6,56,44,-7,50,46,-8,47,46,-8,45,46,-8,S
41,72,-1,48,75,-1,55,74,-2,61,73,-3,65,72,-3,56,65,1,62,64,-2,58,68,-3,54,70,-4,54,61,0,60,61,-3,55,67,-4,51,69,-3,52,58,-1,58,58,-5,53,64,-4,49,67,-2,49,54,-3,54,55,-5,52,61,-4,50,64,-3,66,39,-1,62,31,-1,58,22,-2,54,16,-3,51,13,-4,55,26,-6,46,29,-7,48,31,-7,51,30,-7,55,32,-6,47,35,-8,49,36,-7,52,35,-7,56,38,-7,48,40,-8,50,41,-7,53,41,-6,57,44,-7,50,46,-8,47,46,-8,44,46,-8,S
41,72,-1,48,75,-2,55,74,-2,61,72,-3,65,71,-4,56,64,0,62,64,-2,58,68,-4,54,69,-4,54,61,0,60,61,-3,55,66,-4,51,68,-3,52,57,-1,58,57,-5,53,63,-4,49,66,-2,48,54,-3,54,54,-5,52,59,-4,50,63,-3,65,39,-1,62,31,-1,58,22,-2,54,16,-3,51,13,-4,55,26,-6,46,29,-7,48,31,-7,51,30,-7,55,32,-6,47,35,-8,49,36,-7,51,35,-7,56,38,-7,48,40,-8,50,41,-7,52,41,-6,57,44,-8,50,46,-9,47,46,-8,44,46,-8,S
41,72,-1,48,75,-2,56,74,-2,61,72,-3,66,72,-3,57,64,0,62,63,-3,58,68,-4,54,69,-4,54,60,0,60,60,-3,55,66,-4,51,68,-3,52,57,-1,57,56,-5,53,63,-4,49,66,-2,48,53,-2,53,53,-5,52,58,-4,50,61,-3,65,39,-1,62,31,-1,58,22,-2,54,16,-3,51,13,-4,55,26,-5,46,29,-7,48,30,-7,51,30,-7,56,32,-6,46,35,-8,49,36,-8,52,35,-7,56,38,-7,48,40,-8,50,41,-7,53,41,-6,57,44,-8,50,46,-9,47,46,-8,46,45,-8,S
41,72,-1,48,75,-2,56,74,-3,61,72,-3,66,71,-4,57,64,0,62,63,-3,58,67,-4,54,69,-4,54,60,0,60,60,-3,55,66,-4,51,68,-3,52,57,-1,57,56,-5,53,63,-4,49,66,-2,48,53,-2,53,53,-5,52,58,-4,50,61,-3,65,39,-1,62,31,-1,58,23,-2,55,17,-3,52,14,-4,55,26,-5,46,29,-7,49,31,-7,51,30,-7,55,32,-6,47,35,-8,49,36,-8,52,35,-7,56,38,-7,48,40,-9,50,41,-7,52,41,-7,56,44,-8,50,46,-9,47,46,-9,44,46,-9,S
41,72,-1,48,75,-2,56,74,-2,61,72,-3,66,71,-3,57,63,0,62,63,-2,58,67,-4,54,69,-4,55,60,0,60,60,-3,55,66,-4,51,68,-3,52,56,-1,58,57,-5,53,63,-4,49,67,-2,48,53,-2,54,54,-5,52,60,-4,50,63,-3,65,39,-1,62,31,-1,58,23,-2,54,16,-3,51,14,-4,55,26,-6,47,29,-7,49,30,-7,51,30,-7,56,32,-7,47,35,-8,49,36,-7,52,35,-7,56,38,-7,48,40,-8,50,41,-7,52,41,-6,56,44,-8,50,46,-9,46,46,-8,44,45,-8,S
41,71,-1,48,75,-2,56,73,-2,61,72,-3,66,71,-4,57,63,0,62,63,-3,58,67,-4,54,69,-4,55,60,0,60,60,-4,55,66,-4,51,68,-3,52,56,-1,58,56,-5,53,63,-4,49,67,-3,48,53,-2,54,54,-5,52,59,-5,50,62,-4,65,39,-1,62,31,-1,58,23,-2,54,16,-3,51,13,-4,55,25,-6,47,28,-8,49,30,-8,52,30,-7,56,32,-7,47,34,-8,49,36,-8,52,35,-7,56,38,-7,48,40,-9,50,41,-7,52,41,-6,57,44,-8,50,46,-9,47,46,-9,44,45,-9,S
41,72,-1,48,75,-2,56,73,-2,61,72,-3,66,71,-4,56,63,0,62,63,-2,58,67,-4,54,69,-4,54,60,0,60,60,-3,55,65,-4,51,68,-3,52,56,-1,57,56,-5,53,63,-4,49,66,-2,48,53,-2,54,54,-5,52,60,-5,49,64,-3,65,39,-1,62,31,-1,58,23,-2,55,17,-3,52,14,-4,56,26,-6,47,28,-8,49,30,-7,51,30,-7,56,32,-7,47,34,-9,49,36,-8,52,35,-7,56,38,-8,48,40,-9,50,41,-7,52,41,-7,57,44,-8,50,45,-9,47,46,-9,44,45,-9,S
40,72,-1,47,75,-2,55,73,-2,61,71,-3,65,71,-4,56,62,1,61,62,-2,57,67,-3,54,69,-4,54,59,0,59,60,-3,54,66,-4,50,68,-3,51,56,-1,56,57,-4,52,63,-4,48,67,-2,48,52,-2,53,54,-4,51,59,-4,49,62,-3,65,39,-1,62,31,-1,58,23,-2,55,16,-3,52,12,-4,56,26,-7,47,28,-8,49,30,-8,52,30,-7,56,32,-7,47,34,-9,49,36,-8,52,35,-7,57,38,-8,48,39,-9,50,41,-7,53,41,-7,57,44,-8,50,46,-10,47,46,-9,44,45,-9,S
40,71,-1,47,75,-2,55,73,-3,61,71,-3,65,71,-4,56,62,0,61,62,-2,57,67,-4,53,69,-4,54,59,0,59,59,-3,54,65,-4,50,68,-3,51,55,-1,56,56,-4,52,63,-4,48,67,-2,48,52,-2,52,53,-5,51,59,-4,49,62,-3,65,39,-1,62,31,-1,58,23,-2,55,16,-3,52,12,-4,56,26,-6,47,28,-8,49,30,-8,52,30,-7,56,32,-7,47,34,-9,49,35,-8,52,35,-7,57,38,-8,48,39,-9,50,41,-7,53,40,-6,57,44,-8,50,45,-9,47,46,-9,44,45,-9,S
40,71,-1,47,75,-2,55,73,-2,61,71,-3,65,70,-4,56,63,0,61,62,-2,57,67,-4,53,69,-4,54,59,0,59,59,-3,54,65,-4,50,68,-3,51,55,-1,56,56,-4,51,63,-4,48,67,-2,47,52,-2,52,51,-4,52,55,-4,51,57,-3,65,39,-1,62,31,-1,58,23,-2,55,16,-3,52,12,-4,56,26,-6,47,28,-8,49,30,-7,52,30,-7,56,32,-7,47,34,-9,49,36,-8,52,35,-7,57,38,-8,48,39,-9,50,41,-7,53,40,-6,57,44,-8,50,45,-9,47,46,-9,44,45,-9,S
40,71,-1,47,75,-2,55,73,-2,61,71,-3,65,70,-3,56,63,1,61,62,-1,57,66,-3,54,69,-3,54,59,1,59,59,-2,54,65,-3,50,68,-2,51,56,0,56,56,-4,52,63,-3,48,66,-2,48,52,-1,53,53,-4,51,58,-4,49,62,-3,65,39,-1,62,31,-1,58,22,-2,55,16,-3,52,13,-4,56,25,-5,47,28,-7,49,30,-7,52,29,-6,56,31,-6,47,34,-8,49,35,-7,52,35,-7,56,37,-7,48,39,-8,50,40,-7,52,40,-6,57,43,-8,50,45,-9,46,45,-8,44,45,-8,S
40,71,-1,47,74,-2,55,73,-2,61,71,-3,65,69,-3,56,63,1,61,62,-1,57,66,-3,53,69,-3,54,59,1,59,59,-2,54,65,-3,50,68,-3,51,55,0,56,56,-4,51,62,-4,47,66,-2,48,52,-2,53,52,-4,52,56,-4,49,59,-2,66,39,-1,63,31,-1,59,22,-2,55,16,-3,52,13,-4,56,25,-5,47,28,-7,49,30,-7,52,29,-7,56,31,-6,47,34,-8,49,35,-7,52,34,-7,56,37,-7,48,39,-8,50,40,-7,52,40,-6,57,43,-7,50,45,-8,46,45,-8,44,45,-8,S
40,71,-1,47,74,-2,55,72,-2,61,70,-3,65,69,-3,56,61,0,61,60,-3,57,65,-4,53,68,-4,53,58,0,58,57,-4,53,63,-4,50,67,-3,50,54,-1,55,54,-5,51,61,-4,47,65,-2,47,51,-2,51,48,-4,52,48,-3,52,48,-2,65,39,-1,62,31,-1,58,22,-2,55,15,-4,53,10,-5,57,24,-7,47,28,-8,49,30,-8,52,30,-8,57,30,-7,48,34,-9,49,36,-8,52,35,-8,57,37,-8,49,39,-9,50,40,-8,52,40,-7,57,42,-8,50,44,-9,47,45,-9,44,44,-9,S
40,71,-1,47,74,-2,55,71,-2,61,70,-3,65,69,-3,56,61,0,61,60,-2,57,65,-3,53,67,-3,53,58,0,58,57,-3,53,63,-4,49,67,-3,50,54,-1,54,54,-5,50,61,-4,47,65,-2,47,51,-2,51,48,-4,52,48,-3,52,48,-2,65,39,-1,63,31,-1,58,22,-2,55,15,-4,53,10,-5,57,24,-7,47,28,-9,50,30,-8,52,30,-8,57,30,-8,48,34,-9,50,35,-8,52,35,-8,57,36,-8,49,39,-10,50,40,-8,53,40,-7,57,42,-9,50,44,-10,47,44,-9,44,44,-9,S
40,71,-1,47,74,-2,55,71,-2,61,70,-2,65,69,-3,56,61,0,61,60,-2,56,65,-3,53,68,-3,53,57,0,58,57,-3,53,63,-4,49,67,-3,50,54,-1,55,54,-4,51,61,-4,47,65,-2,47,51,-2,51,47,-4,52,47,-3,53,47,-2,65,39,-1,63,31,-1,58,22,-3,55,15,-4,53,10,-5,57,24,-7,47,28,-9,50,30,-8,52,29,-8,57,30,-7,48,34,-9,50,35,-8,52,35,-8,57,36,-8,49,38,-9,50,40,-8,53,40,-7,57,42,-8,50,44,-10,47,44,-9,45,44,-9,S
40,70,-1,47,74,-2,55,72,-2,60,70,-2,65,69,-2,56,61,0,61,60,-2,56,65,-3,53,68,-3,53,58,0,58,57,-3,53,64,-3,49,67,-3,50,54,-1,55,54,-4,51,61,-4,47,65,-2,47,51,-2,51,48,-4,52,49,-3,51,49,-2,65,39,-1,62,31,-1,58,22,-3,55,15,-4,53,10,-5,57,24,-7,47,28,-9,50,30,-9,52,29,-8,57,30,-8,48,34,-9,50,35,-9,52,35,-8,57,36,-8,49,38,-10,50,40,-8,53,39,-7,57,42,-8,51,44,-10,47,44,-9,45,43,-9,S
40,71,-1,47,74,-2,55,72,-2,61,70,-3,65,69,-3,56,61,0,61,61,-2,57,65,-3,53,68,-3,53,58,0,58,57,-3,53,64,-4,49,67,-3,50,54,-1,54,54,-4,50,61,-4,47,65,-2,47,51,-2,51,47,-4,52,46,-3,52,46,-2,65,39,-1,62,31,-1,58,22,-3,55,15,-4,53,9,-5,57,24,-7,48,27,-9,50,30,-9,53,29,-8,57,29,-7,48,33,-9,50,35,-9,53,34,-8,58,36,-8,49,38,-10,51,40,-8,53,39,-7,58,42,-8,51,43,-10,47,44,-10,45,43,-9,S
40,71,-1,47,74,-2,55,72,-2,60,70,-3,65,70,-3,56,61,0,61,61,-2,57,66,-3,53,68,-3,53,57,0,58,58,-4,53,64,-4,49,68,-3,50,54,-1,54,55,-5,50,61,-4,47,65,-3,47,51,-3,51,46,-4,53,44,-4,54,42,-3,65,38,-1,62,31,-1,58,22,-3,55,15,-4,53,9,-5,57,23,-6,48,27,-8,50,29,-8,53,29,-8,57,29,-7,48,33,-9,50,34,-8,53,34,-8,57,35,-7,49,38,-9,51,39,-8,54,38,-7,57,41,-8,50,43,-9,47,43,-9,46,42,-9,S
40,72,-1,47,75,-2,55,72,-2,60,71,-3,65,70,-3,56,61,0,61,61,-3,56,66,-3,53,69,-3,54,57,-1,57,59,-4,53,65,-4,49,68,-3,50,54,-2,54,55,-5,50,62,-4,47,66,-3,47,52,-3,51,46,-4,53,44,-3,54,43,-3,65,38,-1,62,30,-1,58,21,-2,55,15,-4,53,9,-5,57,23,-6,48,26,-8,50,29,-8,53,28,-8,57,28,-7,48,32,-9,50,34,-8,53,33,-8,58,34,-7,49,37,-9,51,39,-8,54,38,-7,57,40,-8,50,43,-10,47,43,-9,45,42,-9,S
40,71,-1,47,74,-2,55,72,-2,60,71,-3,65,70,-3,56,61,0,60,61,-3,56,66,-3,53,68,-3,53,57,0,58,59,-4,53,65,-4,49,68,-3,50,54,-1,55,55,-4,51,62,-4,47,66,-2,47,51,-2,52,46,-4,54,45,-3,55,44,-2,65,38,-1,62,30,-1,58,21,-2,55,14,-3,53,9,-5,57,23,-6,48,26,-8,50,28,-8,53,28,-8,57,28,-6,48,32,-8,50,34,-8,53,33,-8,57,34,-7,49,37,-9,51,39,-8,54,38,-7,57,40,-8,50,42,-9,48,43,-9,47,42,-9,S
40,72,-1,47,75,-2,55,72,-2,60,71,-3,65,70,-3,56,61,0,61,61,-2,57,66,-3,53,69,-3,54,58,0,58,59,-3,53,65,-4,49,68,-3,51,54,-1,55,55,-4,51,62,-4,47,66,-2,47,52,-2,51,46,-3,53,45,-3,54,44,-2,65,38,-1,62,30,-1,58,21,-2,55,14,-3,53,9,-5,57,23,-6,48,26,-8,50,28,-8,53,27,-8,57,28,-7,48,32,-8,50,33,-8,53,32,-8,57,35,-7,49,37,-9,51,38,-8,54,37,-7,57,41,-8,50,43,-9,48,42,-9,47,41,-9,S
41,72,-1,47,75,-2,55,72,-2,61,70,-3,65,70,-3,56,62,0,61,62,-2,57,66,-3,53,69,-3,54,58,-1,58,59,-4,53,65,-4,50,68,-3,51,55,-1,55,55,-5,51,62,-4,48,66,-3,47,52,-2,51,46,-4,52,45,-4,54,43,-3,65,37,-1,62,29,-1,58,20,-2,55,14,-4,53,8,-5,57,22,-6,48,26,-8,50,27,-8,53,27,-8,57,28,-7,48,31,-8,50,32,-8,53,31,-7,57,35,-7,49,36,-9,51,37,-8,53,37,-7,57,41,-8,50,42,-9,48,41,-9,48,40,-9,S
41,72,-1,48,75,-2,55,73,-2,61,71,-3,65,70,-3,56,62,0,61,62,-2,57,66,-3,54,69,-3,54,58,-1,58,59,-4,54,65,-4,50,68,-3,51,55,-1,56,55,-4,52,62,-4,48,66,-2,47,52,-2,51,46,-4,53,45,-3,53,44,-2,65,37,-1,62,29,-1,58,20,-2,55,13,-4,52,8,-5,57,22,-6,48,25,-8,50,27,-8,53,26,-8,57,28,-7,48,31,-8,50,32,-8,53,31,-7,57,35,-7,48,36,-9,51,37,-7,53,36,-7,57,41,-8,49,42,-9,48,42,-9,49,40,-8,S
41,72,-1,48,75,-2,56,73,-2,61,71,-2,65,70,-2,57,62,0,61,62,-2,57,66,-3,54,69,-2,54,59,-1,59,59,-3,54,65,-4,50,68,-3,51,55,-1,56,55,-4,52,62,-4,49,66,-2,48,52,-2,52,46,-4,54,44,-3,55,43,-2,65,37,-1,62,29,-1,58,20,-2,55,13,-3,53,8,-5,57,22,-6,48,25,-7,50,27,-8,53,26,-8,57,29,-6,48,31,-8,50,32,-7,53,31,-7,57,35,-7,49,36,-8,51,36,-7,54,36,-6,56,41,-8,50,41,-9,51,41,-8,54,41,-7,S
41,72,-1,48,75,-2,56,73,-2,61,71,-2,65,70,-2,57,62,0,61,62,-2,57,66,-3,54,69,-3,55,59,-1,59,59,-3,54,65,-4,50,68,-3,52,55,-1,56,55,-4,52,62,-4,49,66,-2,48,52,-2,52,46,-4,53,44,-3,54,43,-3,65,37,-1,62,29,-1,58,20,-2,55,14,-4,52,8,-5,57,22,-6,48,26,-8,50,27,-8,53,26,-8,57,29,-7,48,31,-8,50,32,-8,53,31,-7,57,35,-7,48,36,-9,51,37,-7,53,36,-6,57,41,-8,50,42,-9,50,41,-9,51,41,-8,S
42,72,-1,48,75,-2,56,73,-2,61,71,-3,65,70,-3,57,63,0,62,63,-3,58,67,-3,54,70,-3,55,59,0,59,60,-3,54,65,-4,50,68,-3,52,56,-1,56,55,-4,53,62,-4,49,66,-2,48,52,-2,52,47,-3,54,46,-3,54,45,-2,65,37,-1,62,29,-1,58,20,-2,54,14,-4,52,8,-5,57,23,-6,48,26,-8,50,27,-8,53,26,-8,57,29,-7,48,31,-8,50,32,-7,53,31,-7,57,35,-7,48,36,-9,51,37,-7,53,36,-6,57,41,-8,50,42,-9,49,42,-8,49,41,-8,S
42,73,-1,48,76,-2,56,74,-2,61,72,-3,65,71,-3,57,64,0,62,63,-3,57,68,-3,54,70,-3,55,60,-1,59,60,-4,54,66,-4,51,69,-4,52,56,-1,56,56,-4,53,62,-4,49,67,-3,48,53,-2,52,47,-4,54,44,-4,55,43,-3,65,37,-1,62,29,-1,58,20,-2,54,14,-4,52,8,-5,56,23,-5,48,26,-7,50,27,-7,53,26,-7,57,29,-6,48,31,-8,50,32,-7,53,31,-7,57,35,-7,48,36,-8,51,36,-7,54,36,-6,57,41,-8,50,42,-9,51,42,-8,52,41,-8,S
42,73,-1,48,77,-2,56,75,-2,61,72,-3,65,71,-3,57,64,0,62,64,-2,58,69,-3,54,71,-3,55,61,-1,59,61,-4,55,67,-4,51,70,-4,52,57,-2,57,57,-5,53,63,-4,49,67,-3,49,54,-2,52,47,-4,54,45,-4,55,43,-3,65,37,-1,62,29,-1,58,20,-2,55,14,-3,52,8,-5,56,23,-5,48,26,-7,50,27,-7,53,26,-7,57,29,-6,48,31,-8,50,32,-7,53,31,-7,57,35,-7,48,36,-8,51,36,-7,54,36,-6,57,41,-7,50,42,-9,51,42,-8,53,41,-7,S
42,74,-1,49,77,-2,56,75,-2,61,73,-3,65,71,-3,58,65,0,62,65,-2,58,69,-3,54,71,-3,56,61,-1,60,62,-4,55,68,-4,51,70,-4,53,58,-2,57,57,-5,53,64,-5,50,67,-3,49,55,-3,52,48,-5,54,45,-5,55,43,-4,65,37,-1,62,29,-1,58,20,-2,54,14,-4,52,8,-5,56,23,-5,48,26,-7,50,27,-7,53,27,-7,56,30,-6,48,31,-8,50,32,-7,53,31,-7,57,36,-7,48,36,-8,51,37,-7,54,36,-6,57,42,-8,50,43,-9,51,42,-8,53,42,-7,S
42,74,-1,49,77,-2,56,75,-2,61,73,-2,65,72,-3,58,66,0,62,66,-3,58,70,-3,54,72,-3,56,62,-1,60,63,-4,55,68,-4,51,70,-4,53,58,-2,57,58,-5,54,64,-5,50,68,-3,49,56,-3,52,49,-5,53,46,-5,54,44,-4,66,37,-1,62,29,-1,58,20,-2,54,14,-3,52,9,-5,56,24,-5,48,26,-7,50,28,-7,53,27,-7,56,30,-6,48,31,-7,50,32,-7,53,31,-7,57,36,-7,48,36,-8,51,37,-7,54,36,-6,57,42,-7,51,43,-8,50,43,-8,50,42,-8,S
42,75,-1,49,78,-1,56,75,-2,61,73,-2,66,72,-3,58,66,0,62,66,-2,58,70,-3,54,72,-3,56,62,-1,60,63,-4,55,69,-4,51,70,-4,53,59,-2,58,58,-5,54,65,-5,50,68,-3,49,56,-3,52,49,-5,54,46,-5,56,44,-4,65,36,-1,62,28,-1,58,20,-2,54,14,-4,52,8,-5,56,23,-5,48,26,-7,50,27,-7,53,27,-7,56,30,-6,48,31,-8,50,32,-7,53,31,-7,57,36,-7,48,36,-8,51,37,-7,54,36,-6,57,42,-8,51,44,-8,49,44,-8,48,43,-8,S
42,75,-1,49,78,-2,57,75,-2,62,73,-2,66,72,-3,58,65,0,62,66,-3,58,70,-3,54,72,-3,55,62,-1,60,63,-4,55,69,-4,51,70,-4,53,59,-2,58,58,-5,54,65,-5,50,68,-3,49,56,-3,52,49,-5,54,46,-5,56,44,-5,65,36,-1,62,28,-1,57,20,-2,54,14,-3,52,8,-5,56,23,-5,48,26,-7,50,27,-7,52,27,-7,56,30,-6,47,31,-7,49,32,-7,52,32,-7,56,36,-7,48,36,-8,50,37,-7,53,37,-6,57,42,-8,51,44,-8,49,44,-8,49,43,-7,S
43,75,-1,50,78,-2,57,76,-2,62,73,-2,66,72,-3,58,66,-1,62,66,-3,58,70,-3,55,72,-3,56,62,-1,60,63,-4,55,69,-5,52,70,-4,53,59,-2,58,58,-5,54,64,-5,51,68,-4,49,56,-3,52,49,-5,53,46,-5,55,44,-5,65,35,-1,61,27,-1,57,20,-2,54,13,-3,52,8,-5,55,23,-5,47,26,-7,49,27,-7,52,26,-7,56,30,-6,47,31,-7,49,32,-7,52,31,-7,56,36,-7,48,36,-8,50,36,-7,53,36,-6,57,42,-8,50,44,-9,49,44,-8,50,43,-8,S
43,75,-1,50,78,-1,57,76,-1,62,73,-2,67,73,-2,58,66,0,63,66,-2,59,70,-3,55,72,-2,56,62,-1,61,64,-4,56,69,-4,52,71,-4,53,59,-2,59,59,-5,55,65,-5,51,68,-3,50,57,-3,52,49,-5,54,47,-5,56,45,-5,65,35,-1,61,27,-1,57,19,-2,53,13,-3,51,8,-5,55,23,-5,47,26,-6,49,27,-7,51,26,-7,55,30,-6,47,31,-7,49,32,-6,51,31,-6,56,36,-7,48,36,-7,50,36,-6,53,36,-5,56,41,-7,51,43,-8,51,43,-7,52,43,-7,S
43,76,-1,51,79,-1,58,76,-1,63,73,-2,67,73,-2,58,66,0,63,66,-2,59,71,-2,55,72,-2,56,63,-1,61,64,-3,56,69,-4,52,71,-4,54,60,-2,59,59,-5,55,65,-4,51,69,-3,50,57,-3,53,50,-5,55,47,-5,56,45,-4,65,35,-1,61,27,-1,57,20,-2,53,14,-4,51,9,-5,55,23,-5,47,26,-6,49,27,-7,51,26,-7,55,30,-6,47,31,-7,49,32,-6,52,31,-6,56,36,-6,48,36,-7,50,37,-6,53,36,-5,57,41,-7,51,43,-7,53,42,-7,55,42,-6,S
43,76,-1,50,79,-1,58,76,-1,63,73,-2,67,73,-2,58,66,0,63,67,-2,59,71,-2,55,72,-2,57,63,-1,61,64,-4,56,70,-4,53,71,-4,54,60,-2,59,60,-5,55,66,-5,51,69,-3,50,58,-3,53,50,-5,55,48,-5,56,46,-5,65,35,-1,61,27,-1,56,20,-2,53,14,-4,50,9,-5,55,24,-5,47,27,-7,49,27,-7,51,26,-7,55,30,-6,47,32,-7,49,32,-7,52,31,-7,56,36,-7,48,37,-7,50,36,-6,53,36,-5,57,42,-7,51,43,-8,53,42,-7,55,41,-6,S
43,76,-1,50,79,-1,58,76,-2,63,74,-2,67,73,-2,59,67,0,63,67,-2,59,71,-3,55,73,-3,57,63,-1,61,65,-4,57,70,-4,53,71,-4,54,60,-2,59,60,-5,55,66,-5,51,69,-3,50,58,-3,53,51,-5,55,48,-5,56,45,-5,65,35,-1,61,27,-1,57,20,-2,53,14,-4,51,9,-5,55,24,-5,47,27,-7,49,27,-7,51,27,-7,55,30,-6,47,32,-7,49,32,-6,52,31,-6,56,36,-6,48,37,-7,50,37,-6,53,36,-5,57,42,-7,51,43,-7,53,42,-7,55,41,-6,S
44,76,-1,50,79,-1,58,76,-2,63,74,-2,67,72,-2,59,67,0,63,67,-2,59,71,-3,55,73,-3,57,63,-1,61,65,-4,56,70,-4,53,71,-4,54,60,-2,59,60,-5,55,66,-5,51,69,-3,50,57,-3,53,51,-5,55,48,-5,56,45,-5,65,35,-1,61,27,-1,57,20,-2,53,14,-4,51,9,-5,55,24,-5,47,27,-6,49,28,-7,51,27,-7,55,30,-5,47,32,-7,49,32,-6,52,31,-6,56,36,-6,48,37,-7,50,37,-5,53,36,-5,57,42,-6,52,43,-7,54,42,-6,56,41,-6,S
43,76,-1,51,79,-2,58,76,-2,63,73,-2,67,72,-2,59,66,0,63,67,-2,59,71,-3,55,73,-2,57,63,-1,61,65,-3,56,70,-4,53,71,-3,54,60,-1,59,60,-5,55,66,-4,51,69,-3,51,57,-2,53,50,-4,55,48,-5,56,45,-4,65,35,-1,61,27,-1,57,20,-2,53,14,-4,50,9,-5,55,24,-5,47,27,-6,49,28,-7,51,27,-7,55,30,-5,47,32,-7,49,32,-6,52,32,-6,56,36,-6,48,37,-7,50,37,-5,53,36,-5,57,42,-6,52,42,-7,54,41,-6,56,41,-6,S
44,76,-1,51,78,-2,58,75,-2,63,73,-2,67,71,-2,59,66,0,63,67,-2,59,71,-3,55,73,-3,57,63,-1,61,64,-4,56,70,-4,53,71,-3,54,60,-2,59,60,-5,55,66,-4,51,69,-3,50,57,-3,53,50,-5,55,47,-5,56,45,-4,65,35,-1,61,27,-1,57,20,-2,53,14,-4,51,9,-5,55,24,-5,47,27,-6,49,28,-7,51,27,-7,55,30,-5,47,32,-7,49,32,-6,52,32,-6,56,36,-6,48,37,-7,50,37,-5,54,36,-5,57,42,-6,52,42,-7,54,41,-6,56,41,-6,S
44,76,-1,51,78,-2,58,75,-2,63,72,-3,67,71,-3,59,66,0,63,66,-3,59,70,-4,55,72,-3,57,63,-1,61,63,-4,56,69,-5,52,71,-4,54,59,-2,59,59,-5,55,65,-5,51,69,-3,50,56,-3,53,49,-5,54,47,-5,56,44,-4,65,35,-1,61,27,-1,57,20,-2,53,14,-4,51,9,-5,55,23,-5,47,27,-6,49,28,-7,52,27,-7,55,30,-5,47,32,-7,49,32,-6,52,31,-6,56,36,-6,48,37,-7,51,36,-5,54,36,-5,57,42,-6,52,42,-7,54,41,-7,57,40,-6,S
44,75,-1,51,78,-2,59,76,-3,66,74,-4,71,73,-5,59,65,-1,64,65,-3,59,70,-5,56,72,-5,57,62,-1,62,63,-4,57,68,-5,53,71,-5,54,58,-2,59,58,-5,55,64,-4,51,68,-3,50,56,-3,54,50,-4,55,48,-4,56,46,-3,64,36,-1,61,29,-1,55,23,-2,52,17,-3,50,11,-5,54,25,-4,46,29,-6,48,30,-7,51,29,-7,55,31,-5,46,34,-7,48,34,-6,51,33,-6,55,36,-6,47,38,-7,50,39,-6,53,38,-6,56,42,-7,51,44,-8,52,43,-8,55,42,-7,S
43,73,-1,50,75,-2,59,74,-3,65,73,-4,70,72,-5,59,65,1,64,64,-2,59,68,-4,56,70,-5,57,61,0,62,62,-3,57,67,-4,53,69,-3,54,58,-1,60,58,-4,55,64,-4,51,68,-2,51,54,-2,56,56,-4,54,61,-4,51,64,-2,65,39,-1,61,31,-1,56,24,-2,53,18,-3,50,13,-4,54,26,-5,46,30,-6,49,31,-7,51,30,-7,55,32,-6,47,35,-7,49,36,-6,52,35,-6,56,38,-6,48,40,-8,51,40,-6,54,40,-5,56,44,-7,50,45,-8,52,45,-7,55,45,-6,S
38,47,0,44,49,-1,49,48,-2,53,49,-4,56,49,-6,52,37,-2,58,35,-5,62,34,-7,66,34,-8,50,35,-4,55,41,-8,53,46,-8,50,46,-8,47,35,-6,52,43,-9,49,46,-8,47,46,-7,44,37,-7,48,42,-9,47,45,-8,45,45,-7,67,79,-1,61,72,-1,58,66,-2,57,61,-3,55,57,-5,64,56,-2,62,48,-5,61,43,-6,61,38,-8,65,58,-4,56,57,-7,54,63,-8,54,66,-7,65,61,-5,57,64,-8,57,68,-7,58,70,-6,65,65,-6,58,68,-8,58,71,-8,59,72,-7,T
38,47,0,44,49,-1,49,49,-2,53,49,-4,56,49,-6,52,38,-3,58,35,-5,62,34,-7,66,33,-8,50,36,-4,56,42,-8,53,46,-8,51,47,-8,47,36,-6,52,43,-9,49,47,-8,47,47,-7,44,37,-7,48,43,-9,47,46,-8,45,46,-7,67,79,-1,61,73,0,58,66,-2,56,61,-3,55,57,-4,63,56,-2,62,49,-5,61,43,-6,61,38,-7,65,58,-4,56,58,-7,54,63,-7,54,67,-7,65,61,-5,57,64,-7,56,68,-7,58,70,-6,65,65,-6,58,68,-8,57,70,-8,58,72,-7,T
38,47,0,44,50,-1,49,49,-2,53,49,-4,56,49,-6,52,38,-3,58,36,-5,62,34,-7,66,33,-8,50,36,-4,55,42,-7,53,46,-8,50,47,-8,47,36,-6,52,44,-9,49,47,-8,47,47,-7,45,38,-7,48,44,-9,47,47,-8,45,47,-7,67,79,-1,60,73,-1,58,66,-2,56,61,-3,54,57,-4,63,57,-2,62,49,-5,62,43,-6,61,38,-7,65,58,-4,56,58,-7,54,63,-7,54,67,-7,65,62,-5,56,64,-8,56,68,-7,57,70,-6,65,66,-6,58,68,-8,57,71,-8,57,72,-7,T
38,48,0,45,50,-1,50,50,-2,53,50,-4,57,49,-6,52,38,-3,58,36,-5,62,34,-7,66,33,-8,50,36,-4,56,43,-8,53,47,-8,51,48,-8,47,36,-6,52,44,-9,49,48,-8,47,48,-7,45,38,-7,48,44,-9,47,47,-8,45,47,-7,66,79,-1,60,73,-1,57,66,-2,55,61,-3,53,57,-5,63,57,-3,62,49,-5,62,43,-6,61,38,-8,65,58,-4,56,58,-7,53,63,-8,53,67,-8,65,62,-5,56,64,-8,56,68,-7,57,70,-6,64,66,-6,58,68,-8,56,71,-8,57,72,-7,T
38,48,0,44,50,-1,50,50,-2,53,50,-4,56,49,-6,52,39,-2,58,36,-5,62,35,-7,65,33,-8,50,37,-4,56,43,-7,53,47,-8,51,48,-8,47,37,-6,52,44,-9,49,48,-8,47,48,-7,45,38,-7,48,44,-9,47,47,-8,45,47,-7,66,79,-1,60,73,-1,57,67,-1,55,62,-3,53,58,-4,62,57,-2,62,49,-5,62,43,-6,62,38,-7,64,58,-3,56,59,-7,53,63,-7,52,67,-7,65,62,-5,56,64,-7,55,68,-7,56,71,-6,64,66,-6,57,68,-8,56,71,-8,56,72,-7,T
37,48,0,44,50,-1,49,50,-2,53,50,-4,56,49,-6,52,39,-2,58,37,-5,62,36,-7,65,35,-8,50,37,-4,55,43,-7,52,48,-8,50,48,-8,47,37,-5,51,44,-8,49,48,-7,47,48,-6,44,39,-7,48,44,-9,47,47,-8,45,48,-7,65,80,-1,59,74,0,56,67,-1,54,62,-2,51,58,-4,61,58,-2,61,51,-4,61,45,-6,61,40,-6,63,60,-3,55,59,-6,52,64,-7,51,67,-7,63,63,-4,55,65,-7,54,69,-6,55,71,-5,63,67,-6,56,68,-7,56,71,-7,57,73,-6,T
38,48,0,44,50,-1,49,50,-2,52,51,-4,56,50,-6,52,40,-3,58,38,-5,62,36,-7,65,35,-8,50,38,-4,55,44,-8,53,49,-8,50,49,-8,47,38,-6,51,45,-9,49,49,-8,47,49,-7,44,39,-7,48,45,-9,47,48,-8,46,48,-7,65,81,-1,58,74,0,55,68,-1,53,63,-3,51,59,-4,61,58,-2,61,51,-4,61,45,-6,61,40,-7,63,60,-3,54,59,-6,51,64,-7,50,68,-7,63,63,-4,55,66,-7,54,70,-7,55,72,-6,62,67,-6,56,69,-8,56,72,-7,57,73,-6,T
38,48,0,44,51,-1,49,51,-2,53,51,-4,56,52,-6,52,40,-3,58,38,-5,62,36,-7,65,35,-8,50,38,-4,55,44,-7,53,49,-8,51,49,-8,47,38,-6,52,45,-9,49,49,-8,47,49,-6,44,39,-7,48,45,-9,47,48,-8,45,48,-7,65,81,-1,58,74,0,55,68,-1,53,63,-3,51,59,-4,61,58,-2,60,51,-4,61,45,-5,61,40,-6,62,60,-3,54,60,-6,51,64,-7,50,68,-7,63,63,-4,54,66,-7,54,70,-6,55,72,-5,62,67,-6,56,69,-7,56,73,-7,57,74,-6,T
38,48,0,44,51,-1,49,51,-2,53,51,-4,56,51,-6,52,40,-2,58,38,-5,62,37,-6,65,35,-7,50,38,-4,55,44,-7,53,49,-8,50,50,-8,47,38,-5,52,45,-8,49,49,-7,47,49,-6,44,39,-7,48,45,-9,47,48,-8,45,49,-7,64,81,-1,58,75,0,55,68,-1,53,63,-3,51,59,-4,61,59,-2,60,51,-4,61,45,-5,61,41,-6,62,60,-3,54,60,-6,51,64,-7,50,68,-7,62,63,-4,54,66,-7,54,70,-7,56,72,-6,62,67,-6,55,70,-8,55,73,-7,57,74,-6,T
38,48,0,44,51,-1,49,51,-2,53,51,-4,56,52,-6,52,40,-2,58,38,-5,62,37,-6,65,35,-8,50,38,-4,55,44,-7,53,49,-8,50,50,-8,47,38,-6,52,46,-9,49,49,-8,47,49,-6,44,39,-7,48,45,-9,47,48,-8,45,49,-7,64,81,-1,58,75,0,55,69,-1,53,64,-3,51,59,-4,61,59,-2,60,51,-4,60,46,-5,60,41,-6,62,60,-3,54,60,-6,51,64,-7,49,68,-8,62,64,-4,54,67,-7,54,71,-7,55,73,-6,61,68,-6,55,70,-8,55,73,-7,57,74,-6,T
37,48,0,44,51,-1,49,51,-2,52,51,-4,55,52,-6,52,40,-2,58,39,-5,62,37,-6,65,35,-7,50,38,-4,55,44,-7,53,49,-8,50,50,-8,47,38,-6,52,46,-9,49,49,-8,47,49,-6,44,39,-7,48,45,-9,47,48,-8,45,48,-7,64,81,-1,58,75,0,55,69,-1,52,64,-3,50,60,-4,60,59,-2,60,52,-4,60,46,-5,60,42,-6,62,61,-3,53,60,-6,51,65,-7,50,68,-7,62,64,-4,54,67,-7,54,71,-7,55,73,-6,61,68,-6,55,70,-8,55,73,-7,57,74,-6,T
37,49,0,44,52,-1,49,52,-2,52,52,-4,56,52,-6,52,41,-2,58,40,-5,62,39,-7,65,37,-8,50,39,-4,55,46,-7,53,50,-8,50,51,-8,47,39,-6,52,47,-9,49,51,-8,47,50,-6,44,41,-7,48,47,-9,47,50,-8,45,49,-7,63,83,-1,57,76,-1,54,70,-1,52,65,-3,50,61,-4,60,60,-2,60,53,-4,60,47,-5,60,43,-6,62,62,-3,53,61,-7,50,65,-7,49,69,-8,62,65,-4,53,68,-7,53,72,-7,55,74,-6,61,69,-5,54,71,-8,54,74,-7,56,76,-6,T
38,49,0,44,52,-1,49,52,-2,52,52,-4,56,52,-6,52,42,-2,58,40,-5,62,39,-7,65,37,-8,50,39,-4,55,46,-7,53,50,-8,51,51,-8,47,39,-6,52,47,-8,49,51,-7,47,51,-6,44,41,-7,48,47,-9,47,50,-8,45,50,-7,63,83,-1,57,76,0,54,70,-1,52,65,-3,50,60,-4,60,61,-2,60,53,-4,60,48,-5,60,43,-6,62,62,-3,53,61,-7,50,65,-8,49,69,-8,62,65,-4,53,67,-7,53,72,-7,55,74,-6,61,69,-6,54,71,-8,54,74,-7,56,76,-6,T
37,49,0,44,52,-1,49,52,-2,53,53,-4,56,51,-6,52,42,-2,58,40,-5,62,39,-7,65,37,-8,50,39,-4,55,46,-7,53,50,-8,50,51,-8,47,39,-6,52,47,-9,49,51,-8,47,51,-6,44,41,-7,48,47,-9,47,50,-8,45,50,-7,63,83,-1,57,76,0,54,70,-1,52,65,-3,50,60,-4,60,61,-2,59,53,-4,59,48,-5,59,44,-6,62,62,-3,53,61,-6,50,66,-7,49,69,-7,62,65,-4,53,68,-7,53,72,-7,55,74,-6,61,69,-6,54,71,-8,54,74,-7,56,76,-6,T
38,49,0,44,52,-1,49,52,-2,53,53,-4,56,52,-6,52,42,-2,58,40,-5,62,39,-7,65,37,-8,50,39,-4,55,46,-7,53,50,-8,50,51,-8,47,40,-6,52,47,-9,49,51,-8,47,51,-6,44,41,-7,48,47,-9,47,50,-8,45,50,-7,63,83,-1,57,76,0,54,70,-1,52,65,-3,50,60,-4,60,61,-2,59,53,-4,60,48,-5,60,43,-6,62,62,-3,53,61,-7,50,66,-7,49,69,-8,62,65,-4,53,68,-7,53,72,-7,55,74,-6,61,69,-6,54,71,-8,54,74,-7,56,76,-6,T
37,50,0,44,52,-1,49,52,-2,52,53,-4,56,52,-6,52,42,-2,58,40,-5,62,39,-7,65,37,-8,50,40,-4,55,46,-7,53,50,-8,50,51,-8,47,40,-6,52,47,-9,49,51,-8,47,51,-6,44,41,-7,48,47,-9,47,50,-8,45,50,-7,63,83,-1,57,76,0,54,70,-1,52,65,-2,50,61,-4,60,61,-2,59,53,-4,60,48,-5,60,44,-5,62,62,-3,53,61,-6,50,66,-7,49,70,-7,62,66,-4,53,68,-7,53,72,-7,55,74,-6,61,69,-6,54,71,-8,54,74,-7,56,76,-6,T
37,50,0,44,52,-1,49,52,-2,52,53,-4,56,52,-6,52,42,-2,58,40,-5,62,39,-6,65,37,-8,50,40,-4,55,46,-7,53,51,-8,50,51,-8,47,40,-6,52,47,-9,49,51,-8,47,51,-6,44,41,-7,48,47,-9,46,50,-8,45,50,-7,63,83,-1,57,76,0,54,70,-1,52,65,-3,50,60,-4,60,61,-2,60,53,-4,60,48,-5,60,43,-6,62,62,-3,53,61,-7,50,66,-8,49,70,-8,62,65,-4,53,67,-8,53,72,-7,55,75,-6,61,69,-6,54,71,-8,54,75,-8,56,76,-7,T
37,50,0,44,52,-1,49,52,-2,52,53,-4,56,52,-6,52,42,-2,58,40,-5,62,39,-7,65,37,-8,50,40,-4,55,46,-7,53,51,-8,50,52,-8,47,40,-6,52,47,-9,49,51,-8,47,51,-6,44,41,-7,48,47,-9,46,50,-8,45,50,-7,63,83,-1,57,77,0,54,70,-1,52,65,-3,50,60,-4,60,61,-2,60,53,-4,60,48,-5,60,43,-6,62,62,-3,53,61,-7,50,66,-8,49,70,-8,62,66,-4,53,67,-8,53,72,-7,55,75,-6,61,69,-6,54,71,-8,54,75,-8,56,77,-7,T
37,50,0,44,52,-1,49,52,-2,53,53,-4,56,52,-6,52,42,-2,58,41,-5,62,39,-6,65,37,-7,50,40,-4,55,46,-7,53,51,-8,50,51,-8,47,40,-5,52,47,-8,49,51,-7,47,51,-6,44,41,-7,48,47,-9,46,50,-8,45,50,-7,63,83,-1,57,77,0,54,70,-1,52,65,-3,50,60,-4,60,61,-2,60,53,-4,60,48,-5,60,43,-6,62,62,-3,53,61,-6,50,66,-7,49,70,-7,62,66,-4,53,67,-7,53,72,-7,54,75,-6,61,69,-5,54,71,-8,54,75,-7,56,77,-6,T
37,50,0,44,52,-1,49,52,-2,53,52,-4,56,51,-6,52,42,-2,58,41,-5,62,39,-6,65,37,-7,50,40,-4,55,46,-7,52,51,-8,50,52,-8,47,40,-6,52,47,-9,49,51,-8,47,51,-6,44,41,-7,48,47,-9,46,50,-8,44,50,-7,63,84,-1,57,77,-1,54,70,-2,52,65,-3,50,60,-4,60,61,-2,60,54,-4,60,48,-5,60,43,-6,62,63,-3,53,61,-7,50,66,-8,48,70,-8,62,66,-4,53,68,-7,53,73,-7,55,76,-6,61,69,-5,54,71,-8,54,75,-7,56,77,-6,T
37,50,0,44,52,-1,49,52,-2,53,52,-4,56,51,-6,52,42,-2,58,41,-5,62,39,-6,65,38,-7,49,39,-4,55,46,-7,52,50,-8,50,51,-8,47,40,-5,52,47,-8,49,51,-7,47,51,-6,44,41,-7,48,47,-9,46,50,-8,44,50,-7,63,84,-1,57,77,0,54,70,-1,52,65,-3,50,61,-4,60,61,-2,60,54,-3,60,48,-5,60,44,-5,62,63,-3,53,61,-6,50,66,-7,48,70,-7,62,66,-4,53,68,-7,53,73,-7,55,76,-6,61,70,-5,54,71,-8,54,75,-7,56,77,-6,T
37,50,0,44,52,0,49,52,-2,53,52,-4,56,51,-5,52,41,-2,58,41,-5,62,39,-6,65,38,-7,50,39,-4,55,46,-7,52,50,-8,50,51,-8,47,40,-5,52,47,-8,49,51,-7,47,51,-6,44,41,-7,48,47,-9,46,50,-8,44,50,-7,63,84,-1,57,77,0,54,71,-1,52,66,-3,50,61,-4,60,62,-1,60,54,-3,60,48,-5,60,44,-5,62,63,-3,53,62,-6,50,66,-7,49,70,-7,62,66,-4,53,68,-7,53,73,-7,55,76,-6,61,70,-5,54,71,-8,54,75,-7,56,77,-6,T
37,50,0,44,52,0,49,52,-2,53,52,-3,56,51,-5,52,41,-2,58,41,-4,62,39,-6,65,38,-7,49,39,-4,55,46,-7,52,50,-8,50,51,-7,47,39,-5,52,47,-8,49,51,-7,47,51,-6,44,41,-7,48,47,-9,46,50,-8,44,50,-7,63,84,-1,57,78,0,54,71,-1,52,66,-2,51,61,-4,60,62,-1,60,54,-3,60,49,-4,60,44,-5,62,63,-3,54,61,-6,50,66,-7,49,70,-7,62,66,-4,54,68,-7,53,73,-7,55,76,-6,61,70,-5,54,71,-8,54,75,-7,56,77,-6,T
37,50,0,44,52,-1,49,52,-2,53,52,-3,56,50,-5,52,41,-2,58,41,-4,62,39,-6,65,38,-7,50,39,-3,55,46,-7,52,50,-7,50,51,-7,47,39,-5,52,47,-8,49,50,-7,47,50,-6,44,41,-7,48,47,-8,46,50,-8,44,49,-7,63,84,-1,57,78,-1,54,71,-1,52,65,-3,51,61,-4,60,62,-2,60,54,-4,60,48,-5,60,44,-6,62,63,-3,54,61,-6,50,66,-7,49,70,-7,62,66,-4,54,68,-7,54,73,-7,55,76,-5,62,69,-6,55,71,-8,55,75,-7,56,77,-6,T
37,50,0,44,52,-1,49,52,-2,53,51,-3,56,49,-5,52,41,-2,58,40,-4,62,39,-6,65,38,-7,49,39,-3,55,45,-7,52,50,-7,50,51,-7,47,39,-5,52,46,-8,49,50,-7,47,50,-6,44,41,-7,48,47,-8,46,49,-8,44,49,-6,63,84,-1,57,78,-1,54,71,-2,52,65,-3,51,61,-4,60,62,-2,60,54,-4,60,48,-5,60,44,-6,62,63,-3,54,61,-7,50,66,-7,49,70,-7,63,66,-4,54,67,-7,54,73,-7,55,76,-6,62,70,-5,55,71,-8,55,75,-7,56,77,-7,T
37,50,0,44,52,-1,49,51,-2,53,50,-3,56,48,-5,52,41,-2,58,40,-4,62,39,-5,65,38,-6,49,39,-3,54,45,-6,52,49,-7,50,50,-7,47,39,-5,51,46,-8,49,50,-7,47,50,-5,44,41,-6,48,46,-8,46,49,-7,44,49,-6,63,84,-1,57,77,-1,54,71,-2,53,65,-3,51,60,-4,60,62,-2,60,54,-4,60,48,-5,60,43,-6,62,63,-3,54,61,-6,50,66,-7,49,70,-7,63,66,-4,54,67,-7,54,73,-7,55,76,-6,62,69,-5,55,71,-8,55,75,-7,56,77,-6,T
37,50,0,43,52,-1,49,51,-2,53,50,-3,56,48,-5,51,40,-2,57,40,-4,61,39,-5,65,38,-6,49,38,-3,54,44,-6,52,49,-7,50,50,-7,47,39,-5,51,46,-8,49,50,-7,47,50,-5,44,40,-6,48,46,-8,46,49,-7,44,49,-6,63,84,-1,57,77,-1,54,71,-2,53,65,-3,51,60,-4,60,62,-2,60,54,-4,60,48,-5,60,43,-6,62,63,-3,54,61,-7,51,66,-8,49,70,-8,63,66,-4,54,67,-8,54,73,-7,55,76,-6,62,70,-5,55,71,-8,55,75,-7,56,77,-6,T
37,50,0,43,52,-1,49,51,-2,53,50,-3,56,47,-5,51,40,-2,57,40,-4,61,40,-5,65,38,-6,49,38,-3,54,44,-6,52,49,-7,50,50,-7,46,38,-5,51,45,-8,49,50,-7,46,50,-6,44,40,-6,48,46,-8,46,49,-7,44,49,-6,63,84,-1,57,78,-1,54,71,-2,53,65,-3,51,60,-5,60,62,-2,60,54,-4,60,48,-5,60,43,-6,62,63,-3,54,61,-7,50,66,-8,49,70,-8,63,66,-4,54,67,-8,54,73,-7,55,76,-6,62,69,-5,55,71,-8,55,75,-7,57,77,-6,T
37,50,0,44,52,0,49,51,-2,53,51,-3,56,49,-5,52,41,-2,58,41,-4,62,40,-5,65,39,-6,49,39,-3,55,45,-6,52,49,-7,50,50,-7,47,39,-5,52,46,-8,49,50,-7,47,49,-6,44,41,-7,48,47,-8,46,49,-8,44,49,-6,63,84,-1,57,77,-1,55,71,-2,53,65,-3,51,60,-4,61,62,-2,60,53,-4,60,48,-5,60,43,-6,63,63,-3,54,61,-7,51,66,-8,49,70,-8,63,66,-4,54,67,-8,54,72,-7,55,76,-6,63,69,-6,55,71,-8,55,75,-8,56,77,-7,T
37,50,0,44,52,0,49,51,-2,53,51,-3,56,50,-5,52,41,-2,58,41,-4,62,40,-6,65,38,-7,49,39,-4,55,45,-7,52,49,-7,50,50,-7,47,39,-5,52,46,-8,49,50,-7,47,50,-6,44,41,-7,48,47,-9,46,49,-8,45,49,-7,63,84,-1,57,77,-1,55,71,-2,53,65,-3,51,60,-4,61,62,-2,61,53,-4,61,48,-5,61,43,-6,63,63,-3,54,61,-7,51,66,-8,49,70,-8,63,66,-4,54,67,-8,54,72,-7,55,76,-6,63,69,-6,55,71,-8,55,75,-8,56,77,-7,T
37,50,0,44,52,-1,49,51,-2,53,51,-4,56,50,-5,52,41,-2,58,41,-4,62,40,-6,65,38,-7,49,39,-4,55,45,-7,52,50,-8,50,51,-7,47,39,-5,52,46,-8,49,50,-7,47,50,-6,44,41,-7,48,47,-9,46,50,-8,45,49,-7,63,84,-1,57,77,0,55,71,-1,53,65,-3,51,60,-4,61,62,-2,61,53,-4,61,48,-5,61,43,-6,63,63,-3,54,61,-7,51,66,-8,49,70,-8,63,66,-4,54,67,-8,54,72,-7,55,76,-6,63,70,-6,55,71,-8,55,75,-8,56,77,-7,T
37,50,0,44,52,-1,49,52,-2,53,51,-4,56,50,-5,52,41,-2,58,41,-4,62,40,-6,65,38,-7,49,39,-3,55,45,-7,52,50,-7,50,51,-7,47,39,-5,52,46,-8,49,50,-7,47,50,-6,44,41,-7,48,47,-9,46,49,-8,45,49,-7,63,84,-1,57,77,-1,55,71,-1,53,65,-3,51,60,-4,61,62,-2,61,53,-4,61,48,-5,61,43,-6,63,63,-3,54,61,-7,51,66,-8,49,70,-8,63,66,-4,54,67,-8,54,73,-7,55,76,-6,63,70,-6,55,71,-8,55,75,-8,57,77,-6,T
37,50,0,44,52,-1,49,52,-2,53,51,-4,56,50,-5,52,41,-2,57,40,-4,62,40,-6,65,39,-7,49,39,-3,55,45,-7,52,50,-7,50,51,-7,47,39,-5,52,46,-8,49,50,-7,47,50,-6,44,41,-7,48,46,-9,46,49,-8,45,49,-6,63,84,-1,57,77,-1,55,71,-2,53,65,-3,51,60,-5,61,62,-2,61,53,-4,61,48,-5,61,43,-6,63,63,-3,54,61,-7,51,66,-8,49,70,-8,63,66,-4,54,67,-8,54,73,-7,55,76,-6,63,70,-6,56,71,-8,55,75,-8,57,77,-7,T
37,50,0,44,52,-1,49,51,-2,53,51,-3,56,49,-5,52,41,-2,58,40,-4,62,40,-6,65,38,-7,49,39,-3,55,45,-7,52,50,-7,50,51,-7,47,39,-5,52,46,-8,49,50,-7,47,50,-6,44,41,-7,48,46,-8,46,49,-7,45,49,-6,63,84,-1,57,78,-1,55,71,-2,53,65,-3,51,60,-5,61,62,-2,61,53,-4,61,48,-5,61,43,-6,63,63,-3,55,61,-7,51,66,-8,50,70,-8,63,66,-4,55,67,-8,54,73,-7,55,76,-6,63,70,-6,56,71,-8,55,75,-7,57,77,-6,T
37,50,0,44,52,-1,49,51,-2,53,51,-3,56,50,-5,52,41,-2,58,40,-4,62,39,-6,65,38,-7,49,39,-3,55,45,-7,52,49,-7,50,50,-7,47,39,-5,52,46,-8,49,50,-7,47,50,-6,44,41,-7,48,46,-8,46,49,-8,44,49,-6,63,84,-1,57,77,-1,55,71,-2,53,65,-3,51,60,-5,60,62,-2,61,53,-4,61,48,-5,61,43,-6,63,63,-3,55,61,-7,51,66,-8,50,70,-8,63,66,-4,55,67,-8,54,73,-7,56,76,-6,63,70,-6,56,71,-8,56,75,-8,57,77,-6,T
37,50,0,44,52,-1,49,52,-2,52,52,-4,56,51,-6,52,41,-2,58,40,-5,62,39,-6,65,38,-7,49,39,-4,55,45,-7,52,50,-8,50,50,-8,47,39,-5,52,47,-8,49,50,-7,47,50,-6,44,41,-7,48,47,-9,46,50,-8,45,49,-7,63,84,-1,57,77,-1,55,71,-2,53,65,-3,51,60,-5,61,61,-2,61,53,-4,61,47,-6,61,42,-7,63,63,-3,55,61,-7,51,66,-8,50,70,-8,63,66,-4,55,67,-8,54,72,-7,55,76,-6,63,69,-6,56,70,-8,56,74,-8,57,77,-6,T
37,50,0,43,52,-1,49,52,-2,52,52,-4,56,51,-6,51,41,-2,57,40,-5,62,39,-7,65,39,-8,49,39,-4,55,45,-7,52,50,-8,50,51,-8,47,39,-5,52,47,-8,49,51,-7,47,51,-6,44,41,-7,48,47,-9,46,50,-8,45,50,-7,64,84,-1,57,77,-1,55,70,-2,53,65,-3,51,60,-5,61,61,-2,61,53,-4,61,47,-6,61,42,-7,63,62,-3,55,61,-7,51,66,-8,50,70,-8,64,65,-4,55,67,-8,55,72,-7,56,76,-6,64,69,-6,57,70,-8,56,74,-8,58,76,-6,T
37,50,0,43,52,0,48,52,-2,52,52,-4,55,51,-6,51,41,-2,57,40,-5,61,39,-7,65,39,-8,49,39,-4,54,46,-7,52,50,-8,49,51,-8,46,40,-6,51,47,-9,49,51,-8,46,51,-6,44,41,-8,48,47,-9,46,50,-8,45,51,-7,64,84,-1,58,77,-1,55,70,-2,54,65,-3,52,60,-5,61,61,-2,61,53,-4,61,47,-6,61,42,-7,63,62,-3,55,61,-7,51,66,-8,50,70,-8,64,65,-4,55,67,-8,55,72,-7,56,75,-6,64,69,-6,57,70,-8,57,74,-7,58,76,-6,T
37,51,0,43,53,0,49,53,-2,52,54,-4,56,54,-6,51,42,-2,57,40,-5,62,40,-7,65,40,-8,49,40,-4,55,47,-7,52,52,-8,50,52,-7,46,41,-6,52,49,-9,49,52,-8,47,52,-6,44,42,-8,48,49,-9,46,52,-8,45,51,-7,64,84,-1,58,78,-1,55,71,-2,53,66,-3,52,61,-5,61,62,-1,61,54,-4,61,48,-5,60,43,-6,63,63,-3,55,61,-6,51,66,-8,50,70,-8,63,66,-4,55,67,-8,54,73,-7,56,76,-6,63,69,-6,56,70,-8,56,74,-7,58,77,-6,T
37,51,0,43,53,0,49,53,-2,52,54,-4,56,54,-6,51,42,-2,57,40,-5,62,40,-6,65,40,-7,49,40,-4,55,47,-7,53,52,-8,50,52,-7,46,41,-6,52,49,-9,49,52,-7,47,52,-6,44,43,-8,48,49,-9,47,52,-8,45,52,-7,63,84,-1,57,78,-1,55,71,-2,53,66,-3,51,61,-5,61,62,-2,61,53,-4,61,48,-6,61,43,-7,63,63,-3,55,61,-7,51,66,-8,50,70,-8,63,66,-4,55,67,-8,54,73,-7,55,76,-6,63,70,-6,56,71,-8,56,74,-8,58,77,-6,T
37,51,0,43,54,0,49,54,-2,52,54,-4,56,55,-6,51,42,-2,57,40,-5,62,40,-7,65,40,-8,49,41,-4,55,47,-7,53,52,-8,50,53,-8,46,41,-6,52,49,-9,49,53,-8,47,53,-6,44,43,-8,48,49,-9,47,52,-8,45,52,-7,64,84,-1,57,78,-1,55,71,-2,53,65,-3,51,60,-5,60,61,-2,61,53,-4,61,48,-6,61,43,-7,63,63,-3,55,62,-7,51,66,-8,50,70,-8,63,66,-4,55,67,-8,54,73,-7,55,76,-6,63,69,-5,57,71,-8,56,74,-7,58,77,-6,T
37,51,0,44,54,0,49,54,-2,53,54,-4,57,55,-6,51,42,-2,57,40,-5,62,40,-7,65,40,-8,49,41,-4,55,48,-7,53,52,-8,50,53,-8,46,42,-6,52,50,-9,49,53,-8,47,53,-6,44,44,-8,48,50,-9,46,52,-8,45,52,-7,64,84,-1,57,78,-1,55,71,-2,53,66,-4,51,61,-5,60,61,-2,61,53,-5,61,47,-6,61,43,-7,63,63,-3,55,62,-7,51,66,-8,49,70,-9,64,66,-4,55,67,-8,54,73,-8,55,77,-6,64,70,-6,56,71,-8,56,75,-8,58,77,-7,T
37,52,0,43,54,-1,49,54,-2,53,54,-4,57,55,-7,51,42,-2,57,40,-5,62,40,-7,65,40,-8,49,41,-4,55,48,-7,53,53,-8,50,54,-8,46,42,-6,52,50,-9,49,54,-8,47,54,-6,44,44,-8,48,50,-9,47,53,-8,45,53,-7,64,84,-1,58,78,-1,55,71,-2,53,66,-3,51,61,-5,60,62,-2,61,53,-4,61,48,-6,61,43,-7,63,63,-3,55,62,-7,51,66,-8,49,70,-9,63,66,-4,55,67,-8,54,73,-8,55,77,-6,64,70,-6,56,71,-8,56,75,-8,57,77,-7,T
36,52,0,43,55,-1,49,54,-2,53,55,-5,56,55,-7,51,43,-2,57,40,-5,61,40,-7,65,40,-8,49,41,-4,55,48,-8,53,53,-8,50,54,-8,46,42,-6,52,50,-9,49,54,-8,47,54,-6,43,44,-8,48,50,-10,46,53,-8,45,53,-7,64,85,-1,58,78,-1,55,71,-2,53,66,-4,51,61,-5,60,62,-2,60,54,-5,61,48,-7,61,43,-8,63,63,-3,55,62,-7,51,66,-9,49,70,-9,64,66,-5,55,68,-8,54,73,-8,55,77,-7,64,70,-6,57,71,-8,56,75,-8,57,78,-7,T
36,53,0,43,55,-1,49,54,-2,53,55,-4,56,54,-6,51,42,-2,57,40,-5,61,40,-7,64,40,-8,49,41,-4,55,48,-8,53,53,-8,50,55,-8,46,42,-6,52,50,-9,49,54,-8,47,55,-6,43,44,-8,48,50,-9,46,53,-8,44,53,-7,64,85,-1,58,78,-1,55,72,-2,53,66,-4,51,61,-5,60,62,-2,60,54,-5,61,48,-6,61,43,-7,62,63,-3,55,62,-7,51,66,-9,49,70,-9,63,67,-4,55,68,-8,54,73,-8,55,77,-6,64,70,-6,57,71,-8,56,75,-8,57,78,-7,T
36,53,0,43,55,0,48,55,-2,52,55,-4,56,55,-6,51,43,-2,57,40,-5,61,40,-7,64,41,-8,48,41,-4,55,48,-7,52,53,-8,50,55,-8,46,42,-6,51,50,-9,49,54,-8,47,55,-6,43,44,-8,47,51,-9,46,54,-8,44,53,-7,64,85,-1,58,79,-1,55,72,-2,53,67,-4,51,62,-5,60,62,-2,60,54,-4,60,48,-6,60,43,-7,62,63,-3,55,62,-7,51,66,-8,49,70,-9,64,67,-4,55,68,-8,54,74,-8,55,78,-6,64,70,-5,57,71,-8,56,75,-8,57,78,-6,T
36,53,0,43,55,0,48,54,-2,52,55,-4,56,55,-6,51,43,-2,57,40,-5,61,40,-7,64,41,-8,48,41,-4,54,48,-8,52,53,-8,50,55,-8,45,42,-6,51,50,-9,49,54,-8,46,55,-6,43,45,-8,47,51,-10,46,54,-8,44,53,-7,64,86,-1,58,79,-1,55,73,-2,53,67,-3,51,62,-5,60,62,-2,60,54,-4,60,48,-6,60,44,-7,62,64,-3,55,63,-7,51,67,-8,49,71,-8,64,67,-4,55,68,-8,55,74,-7,55,78,-6,65,70,-5,58,71,-8,57,75,-7,58,78,-6,T
35,53,0,43,55,0,48,54,-2,52,54,-4,56,55,-6,50,43,-2,56,40,-5,61,41,-7,64,42,-8,48,41,-4,54,48,-7,52,53,-8,50,55,-8,45,42,-6,51,50,-9,48,55,-7,46,55,-6,43,45,-8,47,51,-9,46,54,-8,44,53,-7,64,86,-1,58,80,-1,55,73,-2,53,68,-3,51,63,-5,60,63,-2,60,55,-4,60,49,-5,60,44,-6,62,64,-3,55,63,-6,51,67,-8,49,71,-8,64,67,-4,56,68,-7,54,74,-7,55,78,-6,65,70,-5,58,71,-8,57,75,-7,58,79,-6,T
35,53,0,42,55,0,48,54,-2,52,54,-4,56,55,-6,50,43,-3,56,40,-5,61,41,-7,64,42,-8,47,41,-4,54,48,-8,52,53,-8,49,55,-8,45,42,-6,51,50,-9,48,55,-8,46,55,-6,42,45,-8,47,50,-10,45,54,-8,44,54,-7,64,86,-1,58,80,-1,55,73,-2,53,68,-4,52,63,-5,60,63,-2,60,55,-4,60,49,-6,60,44,-7,63,64,-3,55,63,-7,52,67,-8,49,71,-8,65,67,-4,56,68,-8,54,74,-8,54,78,-7,66,70,-5,59,71,-8,57,75,-8,57,79,-7,T
35,54,0,42,55,0,47,55,-2,51,55,-4,55,55,-6,49,43,-2,56,41,-5,60,41,-7,64,42,-8,47,41,-4,53,47,-8,51,53,-8,49,55,-8,44,42,-6,50,50,-9,48,55,-8,46,56,-6,42,45,-8,46,50,-10,45,54,-8,43,54,-7,65,88,-1,59,81,-1,56,74,-2,54,68,-3,52,63,-5,61,64,-1,59,56,-3,59,50,-5,59,45,-6,63,64,-2,56,63,-6,52,67,-7,50,71,-8,65,67,-3,57,67,-7,54,73,-7,53,78,-7,66,70,-5,60,71,-7,58,75,-7,58,79,-6,T
33,68,0,38,62,1,43,59,1,46,57,1,49,56,1,48,54,1,55,50,0,59,46,-1,62,44,-2,48,54,-1,56,50,-3,61,46,-4,65,42,-5,49,57,-3,57,54,-5,63,52,-6,67,49,-7,48,60,-5,55,61,-7,59,62,-7,63,62,-8,73,57,0,48,52,-2,49,47,-4,48,42,-6,46,39,-8,53,48,-6,56,43,-8,57,40,-10,59,37,-11,54,50,-6,58,44,-9,61,40,-11,63,36,-12,54,53,-7,59,49,-10,62,46,-12,65,43,-12,54,57,-8,58,56,-10,61,55,-11,64,54,-12,W
34,67,0,39,64,2,43,60,2,47,58,2,50,57,1,47,53,1,54,50,0,58,48,-1,61,45,-2,48,53,-2,56,50,-3,61,47,-4,65,44,-5,48,55,-4,57,52,-6,62,50,-7,66,47,-8,48,59,-6,54,58,-8,59,57,-9,62,56,-9,73,72,-1,66,72,-1,62,67,-1,60,63,-2,57,60,-2,61,58,-1,56,53,-2,52,50,-4,49,48,-5,61,57,-2,57,52,-3,52,49,-4,49,46,-5,62,57,-3,58,52,-4,54,50,-5,51,48,-6,62,58,-4,58,55,-5,55,53,-6,53,51,-6,W
34,68,0,39,64,2,43,60,3,47,58,2,50,56,1,47,54,1,50,49,0,51,45,-2,51,41,-3,48,54,-1,55,48,-3,60,44,-4,64,41,-5,48,56,-4,57,51,-6,61,47,-8,65,44,-9,48,59,-7,54,58,-8,59,56,-9,62,54,-10,72,73,0,67,74,0,62,68,1,60,64,0,58,61,0,61,61,1,56,56,0,52,53,-1,49,50,-2,62,58,0,56,53,-2,52,49,-3,49,46,-4,62,58,-2,58,52,-4,55,49,-5,52,47,-5,63,58,-4,59,55,-5,56,54,-6,53,52,-6,W
35,68,-1,40,63,3,44,58,4,47,56,4,50,54,3,47,53,2,51,47,0,50,43,-2,49,40,-3,48,54,-1,56,47,-3,60,43,-4,63,39,-5,48,56,-4,57,50,-6,61,46,-7,65,42,-8,48,59,-7,54,56,-9,59,54,-9,62,53,-10,72,72,0,65,72,1,61,67,1,60,63,1,57,61,0,61,58,0,56,54,-1,52,51,-3,48,48,-4,62,57,-2,55,52,-3,51,49,-5,48,46,-6,62,58,-3,56,54,-5,52,52,-6,48,50,-7,62,60,-5,57,58,-6,54,57,-7,51,55,-8,W
35,69,-1,41,68,2,45,64,3,48,61,3,51,59,2,47,54,1,52,49,-1,53,45,-2,54,42,-3,47,54,-2,55,47,-3,59,42,-5,63,38,-6,47,56,-5,56,49,-6,61,45,-8,65,41,-9,48,59,-7,54,56,-9,58,54,-10,62,52,-10,72,72,0,65,72,0,61,67,0,59,64,-1,57,61,-2,61,57,-1,56,53,-3,52,50,-5,49,47,-6,62,57,-3,55,52,-5,51,48,-7,47,45,-8,62,58,-4,56,55,-6,51,53,-7,48,53,-8,62,61,-5,57,60,-7,53,59,-7,50,58,-8,W
35,69,-1,41,68,3,46,66,3,50,64,3,52,62,3,48,54,1,52,48,0,53,44,-1,53,40,-2,48,54,-2,56,47,-3,60,42,-4,63,37,-5,48,56,-5,56,49,-6,61,45,-8,64,41,-9,48,59,-7,54,56,-9,59,54,-10,62,52,-11,72,72,0,65,72,0,61,66,-1,59,62,-1,56,59,-2,60,57,-2,55,52,-4,51,49,-5,47,46,-6,61,57,-3,55,52,-5,50,48,-7,46,45,-9,62,58,-4,55,55,-6,51,54,-7,47,52,-8,62,61,-5,56,60,-7,53,59,-8,50,58,-8,W
35,69,-1,42,68,3,47,65,4,50,63,3,53,60,3,48,54,1,50,47,-1,51,42,-2,50,37,-3,48,54,-2,55,46,-4,59,41,-5,62,36,-6,47,56,-5,56,49,-7,61,45,-9,65,41,-10,47,59,-7,54,56,-10,58,54,-11,62,51,-11,72,72,0,64,72,0,60,67,0,58,63,0,55,60,-1,60,58,-2,55,52,-4,51,49,-6,47,46,-7,61,57,-4,54,52,-6,49,48,-8,45,44,-10,62,58,-5,56,56,-7,51,55,-9,47,53,-10,63,62,-6,56,61,-7,53,61,-8,50,60,-9,W
35,69,-1,42,69,2,47,67,3,51,65,3,54,64,2,48,54,1,51,47,0,52,42,-2,51,38,-3,48,53,-2,56,46,-3,60,41,-4,63,37,-5,48,55,-4,57,49,-6,61,45,-8,65,41,-9,48,59,-7,54,56,-9,59,54,-10,62,52,-11,71,72,0,64,72,0,59,67,0,57,64,-1,54,61,-2,59,58,-3,53,53,-5,49,50,-6,46,46,-8,60,57,-4,53,53,-7,49,49,-9,45,45,-11,62,58,-5,56,57,-7,51,56,-9,48,55,-10,63,62,-6,57,62,-8,54,62,-8,52,62,-9,W
35,70,-1,42,69,2,47,65,3,50,64,3,53,62,2,48,54,1,51,47,0,51,42,-2,51,38,-3,48,54,-1,55,47,-3,59,41,-4,62,37,-5,48,56,-4,56,50,-6,61,45,-7,65,41,-9,48,59,-7,54,57,-8,59,55,-9,63,52,-10,72,72,0,64,73,0,59,67,-1,57,64,-2,54,61,-3,59,58,-3,54,53,-5,50,50,-7,46,46,-8,61,57,-4,54,52,-7,49,48,-9,45,44,-11,62,58,-5,55,56,-8,51,55,-9,47,54,-11,63,62,-6,57,62,-8,54,62,-9,51,62,-10,W
35,69,-1,43,69,2,48,67,3,51,66,2,54,65,2,48,54,2,51,47,0,51,42,-2,50,38,-3,48,53,-1,56,46,-3,60,41,-4,62,37,-6,48,56,-4,57,50,-6,61,45,-8,65,41,-9,48,59,-7,54,57,-9,59,55,-10,63,53,-11,71,72,0,63,72,0,59,67,-1,57,63,-1,54,60,-3,59,57,-3,54,52,-5,50,49,-7,46,46,-8,60,56,-4,53,52,-7,49,48,-9,45,43,-11,62,58,-5,55,56,-8,50,55,-9,47,53,-10,62,61,-6,56,62,-8,53,61,-9,50,60,-9,W
34,70,-1,42,69,2,47,67,3,50,65,2,53,64,1,48,55,1,51,48,-1,51,43,-2,50,38,-4,48,54,-1,55,47,-3,59,42,-4,62,37,-6,48,56,-4,56,51,-6,61,46,-8,65,42,-9,47,60,-7,54,58,-9,59,56,-9,63,54,-10,71,72,0,63,72,0,58,67,-1,56,64,-2,53,61,-3,59,57,-3,54,52,-5,50,48,-7,46,45,-8,60,56,-4,53,51,-7,49,47,-9,45,43,-11,62,58,-5,55,56,-8,51,55,-9,47,53,-10,62,62,-6,57,61,-8,53,61,-9,51,60,-9,W
35,69,-1,43,69,2,48,66,2,51,65,2,53,62,1,49,54,1,51,47,-1,51,43,-3,50,38,-4,49,53,-1,56,47,-3,60,42,-5,62,37,-6,48,56,-4,57,50,-7,61,46,-9,65,43,-10,47,60,-7,54,59,-9,59,57,-11,63,56,-12,71,72,0,64,72,0,59,67,-1,56,63,-2,53,60,-3,59,58,-2,53,53,-5,49,49,-6,46,46,-7,60,57,-4,54,52,-7,49,48,-9,45,43,-11,62,58,-5,56,56,-8,52,55,-9,48,53,-11,63,62,-6,58,62,-8,55,62,-9,53,61,-10,W
35,69,0,43,69,2,47,67,2,51,65,2,53,63,1,49,54,2,51,47,0,50,43,-3,49,39,-4,49,54,-1,56,47,-3,60,42,-5,62,38,-6,48,56,-4,57,51,-6,62,48,-8,65,44,-9,47,60,-7,54,59,-8,59,59,-9,63,58,-10,71,71,0,64,72,0,59,67,0,57,63,-1,54,61,-2,59,57,-2,54,52,-4,50,49,-5,46,46,-6,60,57,-4,54,51,-6,49,47,-8,45,43,-10,62,58,-5,56,55,-7,51,53,-9,47,52,-10,62,61,-6,57,61,-7,54,61,-8,51,60,-9,W
34,69,0,43,70,2,48,67,2,51,66,2,54,65,1,49,54,2,51,48,0,51,44,-2,50,40,-3,49,53,-1,55,47,-2,59,42,-4,62,38,-5,48,55,-4,57,52,-5,62,48,-7,66,45,-9,47,59,-6,54,60,-8,59,59,-8,63,58,-9,72,72,0,64,72,0,59,67,-1,57,64,-1,54,62,-2,59,58,-2,53,53,-4,50,50,-6,46,46,-7,60,57,-4,54,52,-6,49,48,-9,45,43,-10,61,58,-4,56,55,-7,51,53,-9,48,51,-10,62,61,-5,57,60,-7,54,60,-8,52,59,-9,W
34,69,0,42,70,2,47,67,3,50,66,2,53,65,2,48,54,2,50,48,1,50,44,-1,49,40,-2,48,53,0,55,48,-1,59,43,-3,62,38,-5,48,56,-3,56,52,-5,62,49,-7,65,45,-8,47,60,-6,54,60,-7,59,59,-8,63,59,-8,72,72,0,65,73,0,60,68,0,58,65,-1,56,62,-2,60,59,-2,54,54,-4,50,51,-5,47,47,-6,61,58,-3,54,52,-6,50,48,-8,46,44,-10,62,58,-4,57,55,-7,52,53,-8,48,52,-9,63,61,-5,58,60,-7,55,60,-8,52,59,-8,W
34,69,0,42,70,2,47,68,2,50,66,1,53,65,0,48,54,2,50,48,0,50,44,-2,50,41,-3,48,53,0,55,47,-2,59,43,-3,62,38,-5,48,55,-3,57,52,-5,62,49,-7,66,46,-8,47,59,-6,54,60,-7,59,60,-8,63,60,-9,72,72,0,65,72,0,61,68,0,58,64,-1,55,62,-2,60,59,-1,54,54,-3,50,51,-5,47,47,-5,61,58,-3,55,52,-5,50,48,-7,46,43,-9,63,58,-4,56,55,-6,52,53,-8,49,51,-9,63,60,-5,58,60,-7,55,59,-8,52,59,-8,W
34,69,0,42,70,2,47,67,2,51,66,2,54,64,1,48,54,2,51,48,1,51,45,-1,51,42,-2,48,53,0,55,48,-1,59,43,-3,62,39,-4,48,55,-3,57,52,-4,62,49,-6,65,46,-7,48,59,-5,55,60,-7,59,61,-7,63,61,-8,72,72,0,65,72,0,60,67,0,58,64,0,55,61,-1,60,58,-1,54,53,-3,50,50,-4,47,47,-5,61,57,-3,54,52,-5,50,47,-7,46,43,-9,62,58,-4,56,54,-6,52,52,-8,48,50,-9,62,60,-5,57,59,-7,54,58,-8,51,57,-8,W
33,69,0,42,69,2,47,67,3,50,66,2,53,64,2,48,54,3,51,48,1,51,45,-1,50,41,-2,48,53,0,55,48,-1,59,44,-3,63,39,-4,48,55,-3,56,52,-4,61,49,-6,65,46,-7,47,59,-5,54,60,-7,59,60,-7,62,60,-8,72,72,0,65,72,0,60,68,0,58,64,-1,55,62,-2,59,59,-2,53,54,-3,50,51,-5,47,47,-6,60,57,-3,54,52,-5,49,47,-7,46,43,-9,62,57,-4,56,53,-6,52,50,-7,49,47,-8,62,60,-5,57,57,-6,54,55,-7,52,53,-8,W
33,69,0,41,69,2,46,66,2,49,65,2,52,63,1,48,54,2,52,50,0,53,47,-1,54,43,-3,48,54,-1,55,49,-2,60,45,-4,63,40,-5,47,56,-4,56,52,-6,61,48,-7,65,45,-8,47,60,-6,53,59,-8,58,58,-9,62,57,-9,72,71,0,65,72,0,60,67,0,58,64,0,55,62,-1,59,58,-1,54,53,-3,50,50,-5,47,47,-6,60,56,-3,54,51,-5,50,47,-7,46,43,-9,62,57,-4,56,54,-6,52,51,-8,48,48,-9,62,60,-5,57,59,-7,54,57,-8,52,56,-9,W
33,69,0,40,69,2,45,66,2,48,64,1,50,62,1,47,55,1,54,51,-1,58,48,-2,61,45,-3,47,55,-2,55,50,-4,59,46,-5,63,42,-6,47,56,-4,55,52,-6,60,48,-7,64,44,-8,46,60,-7,53,58,-8,57,56,-9,61,55,-10,72,72,0,65,72,1,60,67,1,58,65,0,55,62,0,58,59,-1,53,54,-2,50,51,-4,47,47,-5,60,57,-2,54,52,-5,50,48,-7,46,43,-8,61,57,-4,56,54,-6,52,51,-7,48,48,-8,62,59,-5,58,58,-7,55,56,-8,52,54,-8,W
33,69,0,41,70,2,45,68,3,48,66,2,51,65,1,47,56,1,52,52,0,55,49,-2,56,45,-3,47,55,-2,55,50,-3,60,46,-5,63,41,-6,46,57,-5,55,52,-6,60,48,-8,64,44,-9,46,60,-7,52,58,-9,57,56,-10,61,54,-11,72,72,0,65,73,1,61,68,1,58,65,0,56,62,-1,60,59,-1,55,54,-2,51,51,-4,48,47,-5,61,57,-2,54,52,-5,50,48,-7,46,44,-8,62,58,-4,56,54,-6,51,52,-7,47,49,-8,62,60,-5,57,59,-7,53,58,-8,50,56,-8,W
33,69,0,40,69,2,44,66,3,47,65,3,50,64,2,46,56,2,52,52,0,55,49,-1,57,45,-2,47,55,-1,55,50,-3,59,46,-4,63,42,-5,46,57,-4,55,52,-6,60,48,-7,64,44,-8,46,60,-6,53,57,-8,57,56,-9,61,54,-10,72,72,0,65,72,-1,61,67,-1,58,63,-2,56,61,-3,60,58,-2,55,54,-4,51,51,-6,48,47,-7,61,57,-3,54,52,-6,50,48,-8,46,44,-10,62,58,-4,55,55,-7,51,53,-8,47,51,-9,62,60,-5,57,60,-7,53,59,-8,50,57,-8,W
34,69,0,40,70,2,45,68,3,48,67,2,51,66,2,47,56,1,53,52,-1,56,49,-2,59,45,-3,47,55,-2,56,51,-4,60,47,-5,64,42,-6,47,57,-5,55,52,-7,60,49,-8,64,45,-9,46,60,-7,53,57,-9,57,55,-10,61,54,-10,72,72,0,65,72,0,61,67,-1,59,64,-2,57,61,-3,60,58,-2,55,53,-4,51,50,-6,48,47,-7,61,57,-3,54,52,-6,50,49,-8,45,45,-9,62,58,-4,56,56,-7,52,55,-8,48,53,-9,63,61,-5,58,60,-7,54,60,-8,51,59,-8,W
33,69,0,39,69,2,44,66,3,47,65,3,50,63,2,46,56,2,51,51,0,53,48,-1,54,44,-2,47,56,-1,55,51,-3,59,46,-4,63,42,-5,46,57,-4,55,52,-5,60,49,-7,64,45,-8,46,60,-6,53,58,-8,57,56,-9,61,54,-9,72,72,0,65,72,0,61,67,-1,59,63,-1,57,60,-2,60,58,-2,55,53,-3,50,50,-5,47,47,-6,61,57,-3,54,53,-5,49,50,-7,45,46,-9,62,58,-4,55,56,-6,51,54,-8,47,53,-9,63,60,-5,57,60,-7,54,59,-8,51,58,-8,W
33,69,0,40,70,2,45,68,2,49,66,1,51,65,1,48,56,0,54,53,-1,59,50,-2,62,47,-3,47,56,-2,56,52,-4,60,48,-5,64,44,-6,47,57,-4,56,53,-6,61,49,-8,64,46,-9,46,60,-7,53,58,-9,57,57,-10,61,55,-11,72,72,0,66,73,0,62,68,-1,59,64,-2,58,61,-3,61,57,-1,55,53,-3,51,51,-5,47,48,-6,62,56,-3,54,52,-5,49,49,-7,45,46,-8,63,57,-4,55,54,-6,50,53,-8,46,51,-9,63,60,-6,56,59,-7,53,58,-8,49,57,-8,W
34,69,0,40,68,2,45,66,2,48,64,2,51,63,1,47,55,1,54,52,0,58,50,-2,61,47,-3,47,55,-2,56,51,-3,61,48,-4,65,44,-5,47,56,-4,56,53,-6,61,50,-7,65,46,-8,47,59,-6,53,58,-8,58,57,-9,62,55,-9,72,72,0,66,72,0,61,67,-1,59,63,-1,57,60,-2,60,59,-1,54,55,-2,50,52,-4,47,49,-5,61,58,-2,54,53,-4,49,49,-5,45,45,-7,62,58,-3,55,54,-5,51,52,-7,47,50,-8,63,59,-5,57,58,-6,53,57,-7,50,56,-8,W
34,69,0,40,70,1,45,68,1,48,67,0,51,65,-1,48,55,0,54,53,-1,59,50,-2,62,47,-4,47,54,-2,56,51,-4,61,48,-5,65,44,-6,47,56,-4,56,52,-6,61,49,-8,65,46,-9,47,59,-6,53,58,-8,58,57,-9,62,56,-10,72,72,0,65,72,0,61,67,-1,58,63,-1,56,60,-2,59,57,-1,54,53,-3,50,50,-4,46,47,-5,60,55,-2,54,50,-4,49,47,-6,45,43,-7,62,55,-4,55,52,-6,51,49,-7,47,47,-8,62,58,-5,57,57,-7,54,56,-8,50,56,-8,W
33,69,0,40,70,2,45,67,2,48,66,1,51,65,1,47,55,1,54,52,-1,59,49,-2,62,46,-2,47,55,-2,55,52,-3,60,49,-4,63,46,-5,47,56,-4,56,53,-6,61,50,-7,65,46,-8,46,60,-7,53,58,-8,58,57,-9,62,56,-10,72,72,0,65,72,0,61,67,-1,58,63,-1,56,59,-2,58,59,0,53,53,-2,50,50,-3,47,47,-4,60,56,-2,54,50,-3,50,45,-5,46,41,-6,61,56,-3,56,50,-5,52,48,-7,49,46,-8,62,57,-5,58,56,-6,54,56,-7,51,56,-8,W
33,69,0,40,70,1,45,68,2,48,67,1,51,66,0,47,55,1,54,52,0,59,50,-2,62,47,-3,47,55,-1,56,51,-3,61,48,-4,64,44,-5,47,56,-4,56,52,-6,61,49,-7,65,46,-8,47,59,-6,54,58,-8,58,57,-9,62,56,-10,72,73,0,65,72,1,60,67,1,58,63,1,56,59,0,58,59,1,53,53,0,50,50,-1,47,46,-2,59,57,-1,54,50,-2,51,44,-4,47,40,-5,61,56,-3,56,49,-5,53,45,-6,50,41,-7,62,57,-5,57,54,-6,53,54,-7,50,53,-8,W
33,69,0,40,70,1,45,68,2,48,67,1,51,66,0,47,55,1,54,52,0,58,49,-2,61,46,-3,47,54,-1,55,50,-3,60,47,-4,64,43,-5,47,56,-4,56,52,-6,61,49,-7,65,46,-8,47,60,-6,54,59,-8,58,58,-9,62,56,-9,72,73,0,65,72,3,61,67,4,58,63,5,56,60,5,58,59,4,53,53,4,50,49,4,47,46,3,59,56,1,54,49,1,51,43,0,48,39,-1,60,56,-2,56,48,-3,54,43,-4,53,40,-5,61,57,-5,56,53,-6,53,53,-7,50,52,-8,W
34,69,0,41,69,1,45,67,2,49,67,1,52,66,0,47,55,1,53,52,0,57,49,-2,59,45,-3,47,54,-1,55,50,-3,60,46,-4,63,42,-5,47,56,-4,56,52,-6,61,49,-7,65,45,-8,47,60,-6,54,59,-8,58,58,-9,62,56,-9,72,73,0,64,72,3,60,66,4,58,62,4,56,59,4,58,59,4,54,53,3,51,49,3,48,44,2,59,56,1,54,49,0,52,43,-1,49,38,-2,60,56,-2,55,48,-3,52,43,-4,50,39,-5,61,57,-4,55,53,-6,52,51,-6,49,50,-7,W
34,69,0,41,69,1,46,66,2,49,65,1,52,64,0,48,55,1,54,51,0,57,48,-2,59,45,-3,48,54,-1,56,49,-3,60,45,-4,63,40,-6,47,56,-4,56,52,-6,61,48,-7,65,44,-9,47,60,-6,54,59,-8,58,58,-9,62,56,-9,71,73,0,64,71,2,60,66,3,57,62,3,55,58,3,58,59,3,54,52,3,51,48,2,49,43,1,59,57,1,55,49,0,52,43,-1,49,38,-2,60,56,-2,55,49,-3,52,44,-4,50,40,-5,61,57,-5,56,53,-6,53,51,-6,50,50,-7,W
33,70,0,40,68,2,45,66,2,48,64,2,51,63,1,47,55,1,51,51,0,53,47,-2,53,43,-3,47,55,-1,55,49,-3,59,45,-4,63,40,-5,47,56,-4,56,52,-6,61,48,-7,65,44,-9,47,60,-6,54,59,-8,58,58,-9,62,56,-9,71,73,0,64,72,3,60,67,4,57,63,4,55,60,4,57,59,3,53,52,3,51,48,3,49,44,2,59,57,1,55,49,0,52,43,-1,50,37,-2,60,56,-2,57,48,-4,56,43,-5,55,39,-6,61,57,-5,56,53,-6,53,53,-7,51,53,-8,W
34,69,0,40,68,2,45,65,2,48,63,1,51,61,1,48,54,1,51,48,-1,51,44,-3,50,41,-4,48,54,-2,56,48,-3,59,43,-5,62,38,-6,48,56,-4,56,51,-6,61,47,-8,65,43,-9,47,60,-7,54,59,-8,58,58,-9,62,56,-10,72,73,0,64,72,1,60,68,2,57,64,1,56,60,1,58,60,2,54,53,0,52,48,-1,50,43,-2,59,58,0,55,50,-2,52,44,-3,50,39,-4,60,57,-3,56,49,-4,53,44,-5,51,40,-5,61,57,-5,57,53,-6,54,50,-6,52,48,-6,W
33,69,0,40,68,2,46,65,2,49,64,2,52,61,1,48,54,1,52,49,0,53,46,-2,54,42,-3,48,54,-1,55,48,-3,59,44,-5,62,39,-6,47,56,-4,56,51,-6,61,47,-8,65,43,-10,47,59,-7,54,59,-9,58,58,-10,62,56,-10,72,73,0,64,72,1,59,67,2,57,64,2,55,60,2,57,59,2,53,52,1,51,47,0,49,43,0,59,57,0,55,49,-1,52,43,-2,50,38,-3,61,56,-2,57,49,-4,56,44,-5,55,40,-6,62,57,-4,57,54,-6,55,53,-7,53,53,-8,W
34,68,0,41,68,1,46,66,2,50,64,1,52,62,0,48,54,1,53,50,0,55,46,-2,56,42,-3,48,54,-2,55,48,-3,59,44,-5,62,40,-6,48,56,-4,56,51,-6,61,47,-8,65,43,-9,47,59,-6,54,59,-8,58,58,-9,62,57,-10,72,73,0,63,72,0,58,66,0,55,62,0,53,57,0,57,58,0,53,50,-1,51,45,-2,49,40,-3,59,56,-2,57,48,-3,58,43,-4,59,39,-5,61,56,-3,59,49,-5,59,44,-7,60,40,-7,62,58,-5,58,56,-7,55,55,-8,52,55,-9,W
33,69,0,40,68,2,45,65,2,48,63,1,51,62,1,48,54,1,52,50,0,53,46,-2,54,42,-3,48,54,-1,55,49,-3,59,44,-4,62,39,-5,47,56,-4,56,52,-6,61,47,-7,64,44,-8,47,60,-6,54,59,-8,58,58,-9,62,57,-9,72,73,0,63,72,0,58,67,0,56,63,0,53,60,-1,57,59,-1,53,51,-2,51,46,-3,49,41,-4,59,57,-2,57,49,-4,57,44,-6,57,39,-7,61,57,-4,59,49,-6,59,44,-8,60,40,-9,62,58,-5,57,56,-7,54,55,-8,52,54,-9,W
34,68,0,40,67,2,45,64,2,48,63,1,51,61,0,48,54,1,52,50,-1,54,46,-2,55,43,-3,48,54,-2,55,49,-3,59,44,-5,62,40,-6,47,56,-4,56,52,-6,61,48,-8,65,44,-9,47,60,-6,54,59,-8,58,58,-9,62,57,-10,72,73,0,64,72,1,58,67,1,56,64,0,53,62,0,57,59,0,53,52,-1,51,47,-2,49,42,-3,59,57,-2,57,49,-4,57,44,-5,58,39,-6,61,57,-3,59,50,-6,60,44,-7,61,40,-8,62,59,-5,58,55,-7,56,53,-8,55,52,-8,W
33,68,0,41,69,2,46,67,2,49,66,2,52,64,1,48,54,1,52,49,0,53,46,-2,53,42,-3,48,54,-1,55,49,-3,59,44,-4,62,39,-6,47,56,-4,56,52,-6,61,48,-8,65,44,-9,47,59,-6,53,59,-8,58,58,-9,62,58,-10,72,73,0,64,73,0,59,68,0,56,65,0,54,61,-1,57,61,-1,53,54,-3,51,49,-4,49,44,-5,59,59,-2,55,51,-4,53,45,-6,51,39,-7,61,58,-3,59,51,-6,58,45,-7,58,40,-8,62,59,-5,59,55,-6,57,52,-7,56,50,-7,W
33,69,0,40,69,1,45,67,2,49,65,1,51,63,1,48,55,1,54,52,0,58,49,-1,61,46,-2,48,54,-1,55,50,-2,60,46,-4,63,41,-5,47,56,-3,56,53,-5,61,49,-6,65,46,-7,47,59,-5,54,59,-7,58,59,-8,62,58,-8,72,72,0,64,72,1,59,67,1,57,63,0,55,60,0,59,60,-1,55,53,-3,53,47,-4,51,42,-5,59,58,-3,55,51,-5,51,45,-7,49,39,-8,60,58,-4,56,52,-6,53,47,-7,50,43,-7,61,60,-5,56,57,-6,53,55,-7,51,53,-7,W
34,69,0,40,69,1,45,66,1,48,65,1,51,63,0,48,55,1,53,51,0,56,47,-2,58,44,-3,48,54,-1,55,49,-3,60,44,-4,63,40,-5,47,56,-3,56,53,-5,61,49,-7,65,46,-8,47,59,-5,54,60,-7,58,59,-8,62,58,-9,72,73,0,64,72,0,59,68,0,56,65,0,54,63,-1,58,61,-2,54,56,-3,51,52,-5,49,48,-6,60,58,-3,54,51,-5,51,46,-7,48,40,-9,61,58,-4,57,52,-6,54,47,-7,51,43,-8,62,59,-5,58,57,-6,55,55,-7,52,53,-7,W
34,69,0,41,70,1,46,68,1,49,68,0,52,67,-1,49,55,1,55,51,-1,58,48,-2,61,44,-3,48,54,-1,55,49,-3,60,45,-4,63,40,-6,48,56,-3,56,52,-5,61,49,-7,65,46,-8,47,60,-6,54,60,-7,58,59,-8,62,59,-9,72,72,0,64,72,1,59,68,1,56,65,0,54,62,-1,59,59,-1,54,54,-3,51,51,-5,49,47,-6,60,57,-3,54,51,-6,51,46,-8,48,41,-9,62,57,-4,56,53,-6,53,50,-8,50,47,-9,62,60,-5,57,58,-7,54,57,-8,52,56,-8,W
34,70,0,40,70,1,45,68,2,48,67,2,50,65,1,48,56,2,54,52,1,58,48,-1,60,45,-2,47,55,-1,55,50,-2,59,46,-3,63,42,-5,47,57,-3,56,53,-5,61,50,-7,65,47,-8,47,60,-5,54,60,-7,59,59,-8,62,58,-9,72,72,0,64,72,1,59,68,1,56,65,0,54,62,-1,59,59,-1,54,54,-3,51,51,-4,49,47,-5,60,57,-3,55,51,-5,51,46,-7,48,41,-9,62,57,-4,57,53,-7,53,49,-8,51,46,-9,63,60,-6,58,59,-8,55,58,-9,52,57,-9,W
34,70,0,42,71,1,47,69,1,51,67,0,54,66,-1,49,55,1,54,50,-1,57,47,-2,60,44,-3,48,54,-2,55,49,-3,60,45,-5,63,40,-6,47,56,-4,56,53,-6,62,50,-8,66,47,-10,47,60,-6,54,61,-8,58,60,-9,62,59,-10,72,72,0,65,73,1,60,68,1,57,65,0,55,62,0,59,60,0,54,54,-1,51,50,-2,48,46,-3,60,57,-2,54,50,-4,51,45,-5,47,41,-6,62,57,-4,56,51,-6,52,48,-7,49,46,-8,63,59,-6,58,57,-8,54,57,-9,50,56,-10,W
34,70,0,41,71,2,46,68,2,49,67,2,52,66,1,48,55,1,55,50,0,59,46,-1,63,43,-2,48,55,-1,56,52,-3,60,49,-4,64,47,-5,47,57,-4,56,55,-5,62,52,-7,66,49,-8,47,61,-6,54,61,-7,59,60,-8,62,59,-9,72,72,0,64,73,2,59,68,2,56,65,2,54,61,2,58,58,2,53,53,1,50,50,0,47,47,-1,60,56,-1,54,50,-2,51,45,-3,48,40,-4,61,55,-3,56,50,-5,53,46,-7,51,43,-8,62,57,-5,56,56,-7,52,56,-8,49,56,-9,W
34,70,0,42,72,1,47,70,1,51,69,0,54,67,0,49,55,0,55,50,-1,60,46,-2,63,43,-3,48,55,-2,56,52,-3,60,49,-5,63,46,-6,47,57,-4,56,56,-6,62,53,-7,66,50,-8,47,61,-6,54,62,-8,59,61,-8,63,60,-9,72,73,0,65,72,2,60,67,3,57,64,3,55,61,3,58,59,3,53,53,2,49,50,1,47,46,1,59,56,0,54,50,-1,51,45,-2,48,41,-3,61,56,-2,56,49,-4,54,45,-5,52,42,-6,62,57,-4,56,55,-6,53,54,-7,50,54,-8,W
34,70,0,42,72,2,47,70,2,51,68,2,53,67,1,49,56,1,55,51,0,60,48,-1,63,45,-2,48,55,-1,56,52,-2,61,49,-4,65,46,-5,47,57,-3,56,56,-5,62,53,-6,66,51,-7,47,61,-6,54,62,-7,59,61,-8,62,61,-8,72,72,0,64,72,2,60,67,4,57,63,4,55,60,4,58,59,3,53,53,3,49,50,2,47,46,2,59,57,1,54,50,0,50,45,-1,47,41,-1,60,56,-2,55,50,-3,51,46,-4,48,43,-5,61,57,-4,56,54,-6,52,54,-7,49,53,-7,W
34,71,0,41,73,1,47,70,2,50,69,1,53,68,1,49,56,1,55,51,0,60,48,-1,64,45,-2,48,56,-1,56,53,-2,61,50,-4,65,48,-5,47,58,-3,56,57,-5,62,54,-6,66,52,-7,47,61,-5,54,62,-7,59,62,-7,63,61,-7,72,72,0,65,72,2,60,67,3,57,64,4,55,62,4,57,59,3,52,54,2,49,50,2,46,47,1,58,57,1,53,50,0,50,46,-1,47,41,-2,60,56,-2,54,50,-3,51,46,-4,47,43,-4,60,56,-4,55,54,-5,52,53,-6,49,51,-6,W
34,71,0,41,73,1,46,70,1,50,69,0,53,68,-1,48,56,1,54,52,-1,59,49,-3,63,47,-4,47,56,-1,55,52,-3,61,50,-5,66,49,-6,47,58,-3,56,57,-5,61,56,-6,65,57,-7,47,62,-5,54,63,-7,59,63,-7,62,64,-7,72,72,0,65,72,1,60,67,2,57,63,2,54,60,2,57,59,2,52,54,1,49,50,0,46,47,0,58,57,0,53,50,-1,50,46,-2,47,41,-2,60,56,-2,54,50,-3,51,47,-4,47,43,-5,60,56,-4,55,54,-5,52,52,-6,49,50,-6,W
34,71,0,41,73,1,47,70,1,50,69,0,53,68,-1,48,56,0,54,51,-1,59,49,-3,64,47,-4,47,56,-1,55,52,-3,61,51,-4,66,50,-5,47,58,-3,56,58,-5,61,60,-6,64,62,-6,47,62,-5,54,63,-6,59,63,-7,62,64,-7,72,72,0,65,72,1,60,67,2,58,63,2,55,60,2,57,59,2,52,54,1,49,51,0,46,47,-1,58,57,0,53,51,-1,50,46,-2,47,42,-3,60,56,-2,55,50,-3,51,47,-4,47,44,-5,61,57,-4,56,54,-5,53,53,-6,50,51,-7,W
68,63,-1,62,63,-1,59,61,-2,56,60,-4,54,59,-6,58,50,-2,54,47,-4,51,44,-5,49,41,-7,60,50,-3,55,57,-6,57,60,-6,59,60,-6,61,51,-4,57,59,-7,59,61,-5,61,60,-5,62,54,-6,59,59,-7,60,61,-7,62,61,-6,36,61,0,42,61,0,46,60,-1,49,60,-3,51,59,-4,46,49,-1,51,46,-3,54,45,-4,57,44,-5,45,49,-3,51,54,-6,49,57,-6,47,58,-6,43,51,-4,48,56,-7,47,59,-6,45,59,-5,42,54,-6,46,58,-7,45,60,-6,44,60,-5,X
68,63,-1,62,63,-1,58,61,-2,56,60,-4,54,59,-6,58,50,-2,54,47,-4,51,44,-6,49,41,-7,60,50,-3,55,57,-6,56,60,-7,58,61,-7,61,51,-4,57,59,-7,59,61,-6,61,60,-5,62,54,-6,58,59,-7,60,61,-7,61,61,-6,35,61,0,42,61,0,46,60,-1,49,59,-3,51,59,-4,46,49,-1,51,46,-3,54,45,-4,57,44,-5,45,49,-3,51,54,-6,49,57,-6,47,58,-6,43,51,-4,48,56,-7,47,59,-6,45,59,-5,42,54,-6,46,58,-7,45,60,-6,44,60,-5,X
68,63,-1,63,63,-1,59,61,-2,56,60,-4,54,59,-6,58,51,-2,53,47,-4,51,44,-6,48,42,-7,60,50,-3,54,57,-6,56,61,-6,57,60,-6,61,52,-4,56,59,-6,58,61,-5,60,60,-5,62,54,-6,58,60,-7,60,62,-7,61,61,-6,35,61,0,42,61,0,46,60,-1,49,59,-3,51,58,-4,46,49,-1,51,46,-3,54,44,-5,57,44,-6,45,49,-3,51,54,-5,49,57,-6,47,58,-6,43,51,-4,48,56,-7,46,59,-6,45,59,-5,42,53,-6,46,58,-7,45,60,-6,43,60,-5,X
68,63,-1,62,63,-1,59,61,-2,56,60,-4,54,59,-6,58,51,-2,53,48,-4,50,45,-5,48,42,-7,60,50,-3,54,57,-6,56,60,-6,58,60,-6,61,52,-4,56,59,-6,59,61,-5,60,60,-4,62,54,-6,58,60,-7,60,62,-7,61,61,-6,35,61,0,42,61,0,46,59,-1,49,58,-3,51,57,-4,47,49,-2,51,46,-4,54,45,-5,57,44,-6,45,49,-3,50,54,-6,49,57,-6,47,58,-6,43,50,-4,48,57,-7,46,59,-6,44,59,-5,42,53,-6,46,58,-7,44,60,-6,43,60,-5,X
68,63,-1,62,63,-1,59,61,-2,56,59,-4,54,59,-6,58,51,-2,53,48,-4,50,45,-5,48,42,-6,60,50,-3,55,57,-6,56,60,-6,58,60,-6,61,52,-4,57,59,-6,59,61,-5,60,60,-4,62,54,-6,58,60,-7,60,62,-6,61,61,-6,35,60,0,41,61,0,45,59,-1,48,59,-3,50,58,-4,46,49,-1,51,47,-3,54,45,-5,57,44,-6,45,49,-3,50,54,-5,48,57,-6,46,57,-6,43,50,-4,48,57,-6,45,59,-6,44,59,-5,42,53,-6,45,58,-7,44,60,-6,42,59,-5,X
68,63,-1,62,63,-1,59,61,-2,56,59,-4,54,59,-6,58,50,-2,53,47,-4,50,45,-5,48,42,-6,60,50,-3,55,57,-6,57,60,-6,59,59,-6,61,52,-4,57,59,-6,59,61,-5,60,60,-4,62,54,-6,58,60,-7,60,61,-6,61,61,-6,34,60,0,40,60,0,45,59,-1,47,58,-3,49,58,-5,46,48,-2,51,46,-4,54,45,-5,57,45,-6,44,48,-3,49,54,-6,48,57,-6,46,57,-6,43,50,-4,47,57,-7,45,59,-6,43,58,-5,41,53,-6,45,58,-7,44,60,-6,42,59,-5,X
68,63,-1,62,62,-1,59,60,-2,56,59,-4,54,58,-5,58,50,-2,53,47,-4,50,45,-5,48,42,-6,60,50,-3,55,57,-6,57,60,-6,58,59,-6,61,52,-4,57,59,-6,59,61,-5,60,60,-4,62,54,-6,58,60,-7,60,61,-6,61,61,-6,34,60,0,40,60,0,44,59,-2,47,59,-3,49,59,-5,46,48,-1,51,46,-3,54,46,-5,57,45,-6,44,48,-3,50,54,-6,48,57,-6,46,57,-6,43,50,-4,47,57,-6,45,59,-6,43,58,-5,41,53,-6,45,58,-7,43,59,-6,42,59,-5,X
68,63,-1,63,62,-1,59,60,-2,56,59,-4,54,59,-5,58,50,-2,53,47,-4,50,45,-5,48,42,-6,60,50,-3,55,57,-6,56,60,-6,58,60,-6,61,51,-4,57,59,-6,59,61,-5,60,60,-4,62,54,-6,59,60,-7,60,62,-6,61,61,-6,34,60,0,40,60,0,44,58,-1,47,58,-3,49,58,-4,45,48,-1,50,46,-3,54,46,-5,57,45,-6,44,48,-3,49,54,-6,47,57,-6,45,57,-6,42,50,-4,47,56,-7,45,59,-6,43,58,-5,41,52,-6,45,58,-7,43,59,-6,42,59,-5,X
68,62,-1,63,62,-1,59,60,-2,56,59,-4,55,58,-5,58,50,-2,53,47,-4,50,45,-5,48,43,-6,60,50,-3,55,57,-6,57,60,-6,58,59,-6,61,51,-4,57,59,-6,59,61,-5,61,60,-4,62,54,-6,59,59,-7,60,61,-6,62,61,-6,34,59,0,40,59,0,44,58,-1,47,58,-3,49,58,-4,45,48,-1,50,46,-3,54,46,-5,57,46,-6,44,48,-3,49,53,-6,47,56,-6,46,57,-6,42,49,-4,47,56,-7,45,58,-6,43,58,-5,41,52,-6,44,57,-7,43,59,-6,41,58,-5,X
69,62,-1,63,62,-1,59,60,-2,56,58,-3,54,58,-5,58,50,-2,53,47,-4,50,45,-5,48,43,-6,60,49,-3,55,57,-6,57,60,-6,59,59,-6,61,51,-4,57,59,-6,59,61,-5,61,60,-4,62,54,-6,59,59,-7,60,61,-6,62,61,-6,34,59,0,40,60,0,44,58,-1,47,58,-3,48,58,-4,45,48,-1,50,46,-3,53,46,-5,56,46,-6,43,47,-3,49,53,-6,47,56,-6,45,56,-6,42,49,-4,46,55,-6,44,58,-6,43,58,-5,40,52,-6,44,57,-7,43,58,-6,41,58,-5,X
69,62,-1,63,62,-1,59,60,-2,57,59,-4,55,58,-5,58,50,-2,53,47,-4,50,45,-5,47,43,-6,60,49,-3,55,57,-6,57,60,-6,59,59,-6,61,51,-4,57,59,-6,59,60,-5,61,59,-4,62,53,-6,59,59,-7,61,61,-6,62,60,-6,34,59,0,40,59,0,44,58,-1,47,58,-3,48,58,-4,45,47,-1,50,46,-3,53,46,-5,56,46,-6,43,47,-3,49,52,-6,47,56,-6,45,56,-6,41,49,-4,46,55,-6,45,58,-6,43,58,-5,40,52,-6,44,57,-7,43,58,-6,41,58,-5,X
68,62,-1,63,62,-1,59,60,-2,56,58,-3,54,58,-5,58,50,-2,53,47,-4,50,45,-5,47,43,-6,60,49,-3,55,57,-6,57,60,-6,59,59,-6,61,51,-4,57,59,-6,59,60,-5,61,59,-4,62,53,-6,59,59,-7,61,61,-7,62,60,-6,34,60,0,40,60,0,44,58,-1,47,58,-3,48,58,-4,45,48,-1,50,46,-3,53,46,-5,56,46,-6,43,48,-3,49,52,-5,48,56,-6,46,56,-6,42,49,-4,47,55,-6,45,57,-6,43,57,-5,40,52,-6,44,56,-7,43,58,-6,42,58,-5,X
68,62,-1,63,62,-1,59,60,-2,56,58,-3,55,58,-5,58,50,-2,53,47,-4,50,45,-5,47,43,-6,60,49,-3,55,56,-6,56,60,-6,58,59,-6,61,51,-4,57,58,-6,59,60,-5,61,59,-4,62,53,-6,59,59,-7,60,61,-6,62,60,-6,34,60,0,40,60,0,44,58,-1,47,58,-2,49,58,-4,45,48,-1,50,46,-3,53,46,-5,56,46,-6,43,48,-3,49,52,-5,48,56,-6,46,56,-6,42,49,-4,47,55,-7,45,58,-6,43,58,-5,40,52,-6,45,57,-7,43,59,-6,42,58,-5,X
68,62,-1,63,62,-1,59,60,-2,57,59,-4,55,59,-5,58,50,-2,53,47,-4,50,45,-5,47,43,-7,60,50,-3,55,57,-6,56,60,-6,58,60,-6,61,51,-4,57,59,-6,59,61,-5,61,59,-5,62,54,-6,59,59,-7,60,61,-7,62,60,-6,34,60,0,40,60,0,44,58,-1,47,58,-3,49,58,-4,45,48,-1,50,46,-3,54,46,-5,57,46,-6,43,48,-3,49,52,-5,48,56,-6,46,57,-6,42,50,-4,47,55,-7,45,58,-6,43,58,-5,41,52,-6,45,57,-7,43,59,-6,42,59,-5,X
68,62,-1,63,62,-1,59,60,-2,56,59,-3,54,59,-5,58,50,-2,53,47,-4,50,45,-5,48,43,-6,60,50,-3,55,57,-6,56,60,-6,58,60,-6,61,51,-4,57,59,-6,59,61,-5,61,60,-4,62,54,-6,59,59,-7,60,61,-6,62,60,-6,35,60,0,40,60,0,44,58,-1,47,58,-3,48,58,-4,45,48,-1,50,46,-4,54,45,-5,57,45,-6,44,48,-3,49,53,-6,48,56,-6,46,57,-6,42,50,-5,47,55,-7,45,58,-6,44,58,-5,41,52,-6,45,56,-7,43,59,-6,42,58,-5,X
68,63,-1,63,62,-1,59,60,-2,56,59,-3,54,59,-5,58,50,-2,53,47,-4,51,44,-5,48,42,-6,60,50,-3,55,57,-6,55,60,-6,57,61,-7,61,52,-4,57,59,-6,59,61,-6,60,60,-5,62,54,-6,59,59,-7,60,61,-6,62,61,-6,35,60,0,40,60,0,44,59,-2,47,58,-3,49,58,-5,46,49,-2,50,46,-4,54,45,-5,56,44,-6,44,48,-3,49,53,-6,48,56,-6,46,57,-6,42,50,-4,47,55,-7,45,58,-6,43,58,-5,41,52,-6,44,57,-7,43,59,-6,42,58,-5,X
68,63,-1,62,63,-1,59,61,-2,56,60,-4,54,59,-5,58,50,-2,54,47,-4,51,44,-5,48,42,-6,60,50,-3,54,57,-6,56,60,-6,57,60,-6,61,52,-4,57,59,-6,59,61,-5,60,60,-4,62,54,-6,59,60,-7,60,61,-7,62,61,-6,35,60,0,40,60,0,44,59,-1,47,58,-3,49,58,-4,46,49,-2,51,46,-4,54,45,-5,56,44,-6,44,48,-3,50,53,-6,48,56,-6,46,57,-6,42,50,-5,47,55,-7,45,58,-6,44,58,-5,41,52,-6,45,57,-7,44,59,-6,42,59,-5,X
68,63,-1,62,63,-1,59,61,-2,56,60,-4,54,59,-5,58,51,-2,53,47,-4,51,44,-5,49,41,-7,60,50,-3,54,57,-6,55,61,-7,57,61,-7,61,52,-4,57,59,-7,59,62,-6,60,61,-5,62,54,-6,59,60,-7,60,62,-7,62,61,-6,35,61,0,41,61,0,45,59,-1,47,58,-3,49,59,-4,46,49,-2,51,46,-4,54,45,-5,56,43,-6,44,48,-3,50,53,-6,48,56,-6,46,57,-6,42,50,-5,47,56,-7,45,58,-6,44,58,-5,41,53,-6,45,57,-7,44,59,-6,42,59,-5,X
68,63,-1,63,63,-1,59,61,-2,56,60,-3,54,59,-5,58,51,-2,53,47,-4,51,44,-5,48,42,-6,60,50,-3,54,57,-6,55,60,-6,56,61,-6,61,52,-4,57,59,-6,59,61,-6,61,61,-5,62,55,-6,59,60,-7,60,62,-7,62,61,-6,35,61,0,41,61,0,45,59,-1,47,58,-3,49,58,-4,46,49,-2,51,46,-4,54,45,-5,56,43,-6,44,48,-3,50,53,-6,48,56,-6,46,57,-6,42,50,-5,47,55,-7,46,58,-6,44,58,-5,41,53,-6,45,57,-7,44,59,-6,42,59,-5,X
68,63,-1,63,63,-1,59,61,-2,56,60,-3,54,59,-5,58,51,-2,53,47,-4,51,44,-5,48,42,-6,60,50,-3,54,57,-6,55,61,-6,57,61,-6,61,52,-4,57,59,-7,59,62,-6,60,61,-5,62,55,-6,59,60,-7,60,62,-7,62,61,-6,35,61,0,41,61,0,45,59,-1,47,58,-3,49,59,-4,46,49,-2,51,46,-4,54,45,-5,56,43,-6,44,48,-3,50,53,-6,48,56,-6,46,57,-6,42,50,-5,47,55,-7,46,58,-6,44,58,-5,41,53,-6,45,57,-7,44,59,-6,42,59,-5,X
68,63,-1,62,63,-1,59,61,-2,56,60,-4,54,60,-5,58,51,-2,53,47,-4,51,44,-5,48,42,-6,60,51,-3,54,57,-6,56,61,-6,58,61,-6,61,52,-4,57,60,-7,59,62,-6,61,61,-4,62,55,-6,59,60,-7,60,62,-7,62,61,-6,35,61,0,41,61,0,45,59,-1,47,58,-3,49,58,-4,46,49,-2,51,46,-4,54,45,-5,56,43,-6,44,48,-3,50,53,-6,48,56,-6,46,57,-6,42,50,-5,47,55,-7,46,58,-6,44,58,-5,41,53,-6,45,57,-7,44,59,-6,43,59,-5,X
68,63,-1,62,63,-1,58,61,-2,56,59,-3,54,58,-5,58,51,-2,53,48,-4,50,45,-5,48,42,-6,60,51,-3,54,57,-6,56,61,-6,58,61,-6,61,52,-4,57,60,-6,59,62,-5,61,61,-4,62,55,-6,59,60,-7,60,62,-7,62,61,-6,35,61,0,41,61,0,45,59,-1,47,59,-3,49,58,-5,46,49,-2,51,46,-4,54,45,-5,57,44,-6,44,48,-3,50,53,-6,48,56,-6,46,57,-6,42,50,-5,47,55,-7,46,58,-6,44,58,-5,41,53,-6,45,57,-7,44,59,-6,43,59,-5,X
68,64,-1,63,63,-1,59,61,-2,56,59,-3,54,59,-5,58,51,-2,53,48,-4,50,46,-5,48,43,-6,60,51,-3,54,58,-6,55,61,-6,56,62,-6,61,53,-4,57,60,-6,59,62,-5,60,62,-5,62,55,-6,59,61,-7,60,63,-7,62,62,-6,35,61,0,40,61,0,45,59,-1,47,58,-3,49,58,-4,46,49,-2,51,46,-4,54,45,-5,57,44,-6,44,48,-3,50,53,-6,48,56,-7,46,57,-7,42,50,-4,47,55,-7,46,58,-6,44,58,-5,41,52,-6,45,57,-7,44,59,-6,42,59,-5,X
68,64,-1,63,63,-1,59,61,-2,56,60,-3,54,59,-5,58,52,-2,53,49,-4,50,46,-5,48,44,-6,60,51,-3,54,58,-6,55,62,-6,56,62,-6,61,53,-4,57,60,-6,58,62,-5,60,62,-5,62,56,-6,59,61,-7,60,63,-6,61,62,-6,35,61,0,40,61,0,45,59,-1,48,59,-3,49,58,-4,46,49,-1,50,47,-3,54,46,-5,57,45,-6,44,49,-3,50,53,-6,48,57,-6,46,57,-6,42,50,-4,47,56,-7,46,59,-6,44,59,-5,41,53,-6,45,57,-7,44,59,-6,42,59,-5,X
68,64,-1,63,64,0,59,61,-2,56,60,-3,54,59,-5,58,52,-2,53,49,-4,50,46,-5,47,44,-6,60,51,-3,54,58,-6,55,62,-6,57,62,-7,61,53,-4,56,60,-6,58,63,-6,60,62,-5,62,56,-6,59,61,-7,60,63,-7,62,62,-6,35,61,0,41,61,0,45,60,-1,48,59,-3,49,59,-4,46,49,-1,50,47,-3,54,46,-5,57,46,-6,44,49,-3,50,53,-6,48,57,-6,47,58,-6,42,50,-5,47,56,-7,46,59,-6,44,59,-5,41,53,-6,45,58,-7,44,60,-6,42,60,-5,X
68,64,-1,63,64,0,59,62,-2,56,60,-3,54,60,-5,58,52,-2,53,49,-4,50,46,-5,47,44,-6,60,51,-3,54,58,-6,56,62,-6,57,62,-6,61,53,-4,56,61,-7,58,63,-6,60,62,-5,62,56,-6,58,61,-7,60,63,-7,62,62,-6,35,62,0,41,62,0,45,60,-1,48,59,-3,50,59,-4,46,49,-1,50,47,-4,54,47,-5,57,47,-6,44,49,-3,50,53,-6,48,57,-6,47,58,-6,42,51,-5,47,56,-7,46,59,-6,44,59,-5,41,53,-6,45,58,-7,44,60,-6,42,60,-5,X
68,64,-1,63,64,0,59,62,-1,56,61,-3,53,60,-4,58,52,-2,53,49,-3,50,46,-5,47,44,-6,60,51,-3,54,58,-6,54,62,-6,55,63,-7,61,53,-4,56,60,-6,58,63,-6,60,62,-5,62,56,-6,59,61,-7,60,63,-7,62,62,-6,35,62,0,41,62,0,45,60,-1,48,59,-3,49,59,-4,46,49,-1,50,47,-3,54,47,-5,57,47,-6,44,49,-3,50,54,-6,48,57,-6,46,58,-6,42,51,-5,47,57,-7,46,60,-6,44,60,-5,41,54,-6,45,58,-7,44,60,-6,42,60,-5,X
69,64,-1,63,64,0,59,62,-2,56,61,-3,54,61,-5,58,52,-2,53,49,-4,50,47,-5,47,45,-6,60,51,-3,54,58,-6,55,62,-6,57,62,-6,61,53,-4,56,60,-7,59,63,-6,60,62,-5,62,56,-6,59,61,-7,60,63,-7,62,62,-6,35,62,0,41,62,0,45,60,-1,48,59,-3,50,59,-4,46,49,-1,50,47,-4,54,47,-5,57,48,-6,44,49,-3,50,54,-6,48,58,-6,46,59,-6,42,51,-5,47,57,-7,46,60,-6,44,60,-5,41,54,-6,45,58,-7,44,61,-6,42,60,-5,X
68,64,-1,62,64,0,58,62,-1,56,61,-3,53,60,-5,58,52,-2,53,49,-4,50,46,-5,47,44,-6,60,51,-3,54,58,-6,55,62,-6,55,63,-7,61,53,-4,56,60,-7,58,62,-6,60,62,-5,62,56,-6,58,61,-7,60,63,-7,61,62,-6,34,62,0,41,62,0,45,60,-1,48,59,-3,49,59,-4,46,49,-1,50,47,-4,54,47,-5,57,47,-6,44,49,-3,50,54,-6,48,58,-6,46,59,-6,42,51,-5,47,57,-7,45,60,-6,44,60,-5,41,54,-6,45,58,-7,44,60,-6,42,60,-5,X
68,64,-1,62,64,0,58,62,-2,56,61,-3,53,60,-5,58,52,-2,53,49,-4,50,46,-5,47,44,-6,60,51,-3,54,58,-6,55,62,-6,56,62,-6,61,53,-4,56,60,-7,58,63,-6,60,62,-5,62,56,-6,58,61,-7,60,63,-7,62,62,-6,34,62,0,40,62,0,45,60,-1,48,60,-3,49,59,-5,46,49,-1,50,47,-4,54,47,-5,57,47,-6,44,49,-3,50,54,-6,48,58,-7,46,59,-7,42,51,-5,47,57,-7,45,60,-6,44,60,-5,41,54,-6,45,58,-7,44,61,-6,42,60,-5,X
68,65,-1,62,64,-1,58,62,-2,56,60,-3,53,60,-5,58,52,-2,53,49,-4,50,46,-5,48,43,-6,60,52,-3,54,58,-6,55,62,-7,57,63,-7,61,53,-4,56,61,-7,58,63,-6,60,62,-5,62,56,-6,58,61,-7,60,63,-7,61,63,-6,35,62,0,41,62,0,45,60,-1,48,59,-3,49,59,-5,45,50,-1,50,47,-4,54,46,-5,57,46,-6,44,49,-3,50,54,-6,48,58,-7,46,59,-7,42,51,-5,47,57,-7,45,60,-6,44,60,-5,41,54,-6,45,58,-7,44,61,-6,42,60,-5,X
68,65,-1,62,64,-1,58,61,-2,55,59,-3,54,58,-4,58,52,-2,53,49,-4,50,46,-5,48,43,-6,60,52,-3,54,59,-6,55,62,-6,56,63,-7,61,54,-4,56,61,-6,58,63,-6,60,62,-5,62,56,-6,58,62,-7,60,63,-7,61,63,-6,35,62,0,40,62,0,45,60,-1,47,60,-3,49,59,-5,46,50,-2,50,47,-4,54,46,-5,57,45,-6,44,49,-3,49,54,-6,48,58,-6,46,59,-6,42,51,-5,47,57,-7,45,60,-6,43,60,-5,41,54,-6,45,58,-7,43,60,-6,42,60,-5,X
68,65,-1,63,64,0,58,61,-1,56,59,-2,54,58,-4,58,52,-2,53,49,-4,50,46,-5,48,43,-6,59,52,-3,53,60,-6,54,63,-6,55,63,-6,61,54,-5,56,63,-6,57,64,-6,59,63,-5,62,58,-6,58,63,-7,59,65,-7,60,64,-6,35,62,0,41,62,0,45,60,-2,47,60,-3,49,59,-5,46,50,-2,50,47,-4,54,46,-6,57,45,-7,44,49,-3,50,54,-6,48,58,-7,46,59,-7,42,51,-5,47,56,-7,45,60,-6,43,60,-5,40,54,-7,44,58,-8,43,60,-7,42,60,-6,X
69,65,-1,64,63,0,59,60,-1,56,58,-2,53,57,-3,58,52,-2,53,49,-4,50,46,-5,48,43,-6,59,53,-3,53,61,-6,53,63,-6,54,63,-6,60,55,-4,55,64,-6,57,65,-6,59,63,-5,61,59,-6,58,65,-7,59,66,-7,60,65,-7,35,63,0,41,62,-1,45,61,-2,47,60,-3,48,58,-5,46,50,-2,50,47,-4,54,45,-6,57,44,-7,44,49,-3,49,53,-6,48,57,-7,46,59,-7,42,51,-5,47,56,-7,45,59,-6,44,60,-5,40,53,-6,44,57,-7,43,60,-6,42,60,-5,X
68,65,-1,63,64,0,58,61,-1,55,59,-2,53,59,-3,57,52,-2,53,49,-4,50,46,-5,48,43,-6,59,53,-3,53,61,-6,54,64,-6,56,63,-6,60,55,-4,55,64,-7,57,65,-6,59,63,-5,61,59,-6,57,65,-7,59,66,-7,60,65,-6,35,63,0,41,63,-1,45,61,-2,47,60,-4,48,59,-5,46,50,-2,50,47,-4,54,45,-6,57,44,-7,44,49,-3,49,53,-6,48,57,-7,47,58,-7,42,50,-5,47,56,-7,45,59,-6,43,60,-5,40,53,-6,44,57,-7,43,60,-7,42,60,-6,X
68,66,-1,63,64,0,58,62,-1,55,60,-2,53,59,-3,57,53,-2,53,49,-4,50,45,-5,48,42,-6,59,53,-3,52,61,-6,54,64,-6,55,63,-6,60,56,-4,55,64,-7,57,65,-6,58,64,-5,61,59,-6,57,65,-7,58,66,-7,60,65,-6,35,63,0,41,63,-1,45,61,-2,47,60,-4,48,59,-5,46,50,-2,50,47,-4,54,45,-6,56,43,-7,44,49,-3,49,52,-6,48,57,-7,46,58,-7,42,50,-5,46,55,-7,45,59,-7,43,59,-6,40,53,-6,44,57,-8,43,59,-7,41,59,-6,X
68,66,-1,62,65,0,58,62,-1,54,60,-2,52,59,-4,57,53,-2,53,49,-4,50,46,-5,48,43,-6,59,53,-3,53,61,-6,54,64,-6,56,63,-7,60,56,-5,55,64,-7,57,65,-6,59,64,-5,61,59,-6,57,65,-7,58,66,-7,60,65,-7,36,62,0,41,62,-1,45,61,-2,47,60,-4,48,59,-5,46,50,-2,50,47,-4,54,45,-6,56,43,-7,44,49,-3,49,52,-6,48,56,-7,47,58,-7,42,50,-5,46,55,-7,45,59,-6,43,59,-5,40,52,-6,43,57,-8,43,59,-7,41,59,-6,X
68,66,-1,62,65,0,57,62,-1,54,60,-2,52,59,-4,57,53,-2,53,49,-4,50,45,-5,48,42,-6,59,53,-3,53,61,-6,54,64,-6,56,63,-6,60,55,-5,55,63,-7,57,65,-6,58,64,-5,61,59,-6,57,64,-7,58,66,-7,60,65,-7,36,62,0,41,62,-1,45,61,-2,47,60,-4,48,59,-5,46,50,-2,50,47,-5,54,45,-6,56,43,-7,43,49,-4,49,52,-6,48,57,-7,46,58,-7,41,50,-5,46,55,-7,45,59,-7,43,59,-6,39,53,-7,43,57,-8,42,59,-7,41,59,-6,X
68,66,-1,62,65,0,57,62,-1,54,60,-3,52,60,-4,57,53,-2,53,49,-4,50,45,-6,48,43,-7,59,53,-3,53,60,-6,54,64,-7,56,64,-7,60,55,-5,55,63,-7,57,65,-6,59,64,-5,62,58,-6,57,64,-8,59,65,-7,60,65,-7,36,63,0,41,62,-1,45,61,-2,47,60,-4,49,59,-5,46,50,-2,50,47,-4,54,45,-6,56,43,-7,43,49,-4,49,52,-6,48,57,-7,46,58,-7,41,50,-5,46,55,-7,45,59,-7,43,59,-6,39,53,-7,43,57,-8,42,59,-7,41,59,-6,X
68,66,-1,62,66,-1,57,63,-2,54,61,-3,51,60,-5,57,53,-2,53,49,-4,50,46,-5,48,43,-6,59,53,-3,53,60,-6,54,64,-7,56,64,-7,61,55,-5,55,63,-7,57,65,-6,59,64,-5,62,58,-6,58,64,-8,59,65,-7,61,64,-7,35,63,0,41,63,-1,44,61,-2,47,60,-4,48,59,-5,46,50,-2,50,47,-5,54,45,-6,56,43,-7,43,49,-4,49,52,-7,48,57,-7,46,58,-7,41,51,-5,46,55,-8,45,59,-7,43,59,-6,39,53,-7,43,57,-8,42,59,-7,41,59,-6,X
68,67,-1,62,66,-1,57,64,-2,53,62,-4,50,61,-5,57,53,-2,53,49,-4,50,46,-5,48,43,-6,59,53,-3,53,60,-6,54,64,-7,56,65,-7,61,55,-5,55,62,-7,58,65,-6,60,64,-5,62,57,-6,58,63,-8,59,65,-7,61,64,-7,35,62,0,41,63,-1,44,61,-2,47,60,-4,49,59,-5,46,50,-2,50,47,-4,54,45,-6,56,44,-7,43,49,-4,49,52,-6,48,56,-7,46,58,-7,41,51,-5,46,55,-8,45,59,-7,43,59,-6,39,53,-7,43,57,-8,42,59,-7,41,59,-6,X
68,67,-1,62,67,-1,58,64,-2,55,63,-4,52,62,-6,58,53,-2,53,50,-4,50,47,-6,47,45,-7,60,53,-3,54,60,-6,55,64,-7,57,64,-7,61,55,-5,56,62,-7,58,65,-6,60,64,-5,63,57,-6,58,63,-8,60,65,-7,61,64,-7,35,63,0,40,63,-1,45,61,-2,47,60,-3,48,59,-5,45,50,-2,50,48,-4,53,47,-6,56,47,-7,43,49,-3,49,52,-6,48,56,-7,47,57,-7,41,51,-5,46,55,-7,45,59,-7,43,59,-6,39,53,-7,43,57,-8,43,60,-7,41,60,-6,X
68,67,-1,62,66,-1,58,64,-2,55,62,-4,52,61,-5,58,53,-2,53,50,-4,49,47,-6,47,45,-7,60,53,-3,53,59,-7,54,63,-7,55,65,-7,61,55,-5,56,62,-7,58,65,-6,60,64,-6,63,57,-6,58,63,-8,60,64,-7,61,64,-7,35,63,0,40,62,0,45,61,-2,47,60,-3,49,60,-5,45,50,-2,50,48,-4,54,48,-6,57,47,-7,43,49,-3,49,52,-6,48,57,-7,46,58,-7,41,51,-5,46,56,-7,45,59,-6,43,60,-6,40,53,-6,43,57,-8,43,60,-7,41,60,-6,X
68,67,-1,62,66,-1,58,64,-2,55,62,-3,52,61,-5,58,53,-2,53,50,-4,50,47,-5,47,45,-7,60,53,-3,53,59,-6,54,63,-7,56,65,-7,61,55,-5,56,62,-7,58,64,-6,60,64,-5,62,57,-6,58,63,-8,59,65,-7,61,64,-7,35,63,0,40,63,0,45,61,-1,47,60,-3,49,60,-4,45,50,-2,50,48,-4,54,48,-5,57,48,-7,43,49,-3,49,52,-6,48,57,-7,46,58,-7,41,51,-5,46,56,-7,45,59,-7,43,60,-6,40,54,-7,44,58,-8,43,60,-7,41,60,-6,X
68,67,-1,62,66,0,57,62,-1,55,60,-3,52,58,-4,58,53,-2,53,50,-4,50,47,-5,47,44,-6,59,53,-3,53,60,-6,54,64,-6,56,64,-6,61,55,-5,55,63,-7,57,65,-6,59,64,-5,62,58,-6,58,64,-7,59,65,-7,60,65,-6,35,63,0,41,63,-1,45,61,-2,48,60,-3,50,58,-5,45,51,-2,50,48,-4,54,47,-6,57,47,-7,43,50,-3,49,53,-6,48,57,-7,46,58,-7,41,51,-5,47,56,-7,45,59,-7,43,60,-6,40,54,-6,44,58,-7,43,61,-7,42,60,-6,X
68,67,-1,62,66,0,57,62,-1,54,60,-2,51,59,-3,58,53,-2,53,50,-4,50,47,-5,47,44,-6,59,53,-3,53,60,-6,54,64,-6,56,64,-6,61,56,-5,55,63,-7,57,65,-6,59,64,-5,62,59,-6,57,64,-7,58,66,-7,60,65,-6,36,64,0,41,64,-1,45,61,-2,48,60,-3,49,59,-5,46,51,-2,50,48,-4,54,47,-6,57,46,-7,43,50,-3,49,53,-6,48,57,-7,46,59,-7,42,51,-5,47,56,-7,45,60,-6,43,60,-5,40,54,-6,44,58,-7,44,60,-6,42,61,-5,X
68,68,-1,62,66,0,57,62,-1,54,60,-2,52,59,-3,58,53,-2,53,50,-4,50,47,-5,47,45,-6,59,54,-3,53,60,-6,54,64,-6,56,64,-6,61,56,-4,55,63,-6,57,65,-6,59,64,-5,62,59,-6,57,64,-7,58,66,-7,60,65,-6,36,64,0,41,64,-1,45,61,-2,48,60,-3,49,59,-5,46,51,-2,50,48,-4,54,47,-6,57,46,-7,44,50,-3,49,53,-6,48,57,-7,47,59,-7,42,51,-5,47,56,-7,45,60,-6,44,60,-5,40,54,-6,44,58,-7,43,60,-6,42,61,-6,X
68,67,-1,62,65,0,57,62,-1,54,60,-2,51,59,-3,57,53,-2,53,50,-4,50,46,-5,47,44,-6,59,54,-3,53,61,-6,54,64,-6,56,64,-6,61,56,-5,55,64,-7,57,66,-6,59,65,-5,62,60,-6,57,65,-7,58,66,-7,60,66,-6,36,64,0,41,64,-1,45,62,-2,48,60,-4,49,58,-5,46,51,-2,51,48,-4,54,47,-6,57,45,-7,44,50,-3,49,52,-6,48,57,-7,46,59,-7,42,51,-5,47,56,-7,45,60,-7,43,60,-6,40,54,-6,44,57,-8,43,60,-7,42,61,-6,X
68,68,-1,62,66,-1,57,62,-2,53,60,-3,50,59,-4,57,53,-2,53,50,-4,50,46,-5,48,44,-6,59,54,-3,53,61,-6,54,64,-6,55,64,-6,61,57,-4,55,64,-7,57,66,-6,58,65,-5,62,60,-6,57,65,-7,58,67,-7,59,66,-6,36,64,0,41,64,-1,45,62,-2,48,61,-4,49,59,-6,46,51,-2,51,48,-4,54,46,-6,57,45,-7,44,50,-3,50,52,-6,48,57,-7,46,59,-7,42,51,-5,47,55,-7,45,60,-7,43,60,-5,40,53,-6,44,57,-8,43,60,-7,42,60,-6,X
68,68,-1,62,66,0,57,63,-1,53,61,-2,51,59,-4,58,53,-2,53,49,-4,50,46,-5,48,44,-6,59,54,-3,53,61,-6,54,64,-6,56,65,-6,61,57,-4,55,64,-7,57,66,-6,58,65,-5,62,60,-6,57,65,-7,58,67,-7,59,66,-6,37,64,0,42,64,-1,45,62,-2,48,61,-4,49,58,-6,46,51,-2,51,48,-4,54,46,-6,57,44,-7,44,50,-3,49,52,-6,48,57,-7,46,59,-7,41,51,-5,46,55,-7,45,59,-6,43,60,-5,39,53,-6,43,56,-7,43,59,-7,42,60,-6,X
45,88,-1,42,81,2,42,73,2,44,68,2,46,65,3,44,65,-1,44,55,-2,43,48,-3,43,43,-3,48,65,-2,49,61,-2,48,64,-1,47,67,-1,51,67,-3,52,65,-3,51,67,-2,50,70,-1,53,70,-3,54,68,-3,53,70,-1,52,72,0,45,48,0,43,46,-1,43,43,-1,43,40,-2,43,39,-2,42,41,-1,43,38,-2,43,35,-3,43,33,-3,43,41,-1,43,37,-2,43,35,-3,43,32,-3,43,41,-2,43,38,-2,43,36,-3,43,34,-3,43,42,-2,43,40,-2,43,38,-3,44,37,-3,Y
45,88,-1,42,81,2,42,73,3,44,68,3,46,65,3,44,65,-1,43,55,-2,43,48,-2,42,43,-3,48,65,-2,49,61,-2,48,64,-1,47,66,0,51,68,-3,51,64,-3,50,67,-2,49,69,-1,53,70,-3,54,68,-3,52,69,-2,52,71,-1,44,49,0,43,48,-2,42,46,-2,42,45,-3,42,44,-4,42,42,-2,42,39,-3,42,36,-4,42,34,-4,43,42,-2,43,38,-3,43,35,-3,43,33,-4,43,42,-2,43,38,-3,43,36,-3,43,34,-3,43,42,-2,43,39,-3,43,38,-3,43,36,-3,Y
45,88,-1,42,80,2,42,73,3,44,68,3,46,66,3,44,64,-1,43,54,-2,42,48,-2,42,43,-2,48,65,-2,48,61,-2,46,63,-1,45,65,-1,51,67,-3,51,65,-3,49,67,-2,49,69,-1,53,70,-3,53,68,-3,52,69,-2,51,71,-1,44,48,0,42,47,-1,41,44,-1,41,43,-2,40,41,-2,42,41,-1,42,38,-2,42,35,-3,42,33,-4,42,41,-2,42,38,-2,42,35,-3,43,33,-3,43,42,-2,43,38,-3,43,36,-3,43,34,-3,43,42,-2,43,40,-3,43,38,-3,43,37,-3,Y
45,88,-1,42,80,2,42,73,3,43,68,3,45,65,4,43,65,-1,43,55,-2,42,49,-3,42,44,-3,47,65,-2,48,61,-2,47,63,-1,46,65,0,50,68,-3,51,65,-2,50,67,-1,49,69,0,53,70,-3,53,68,-2,52,69,-1,51,71,0,44,48,0,43,47,-2,42,45,-3,42,43,-3,42,42,-4,42,42,-2,42,38,-3,42,36,-4,42,34,-5,42,41,-2,42,38,-3,42,35,-4,42,33,-4,42,41,-2,42,38,-3,42,35,-3,43,33,-3,43,41,-2,43,39,-3,43,37,-3,43,35,-3,Y
45,88,-1,42,80,2,42,73,2,44,69,2,46,67,2,44,64,-1,43,55,-2,42,49,-2,41,44,-3,47,65,-2,48,61,-2,47,64,-1,46,66,0,50,67,-3,51,65,-2,49,67,-1,49,69,-1,53,70,-3,53,68,-2,52,70,-1,51,71,0,44,48,0,42,47,-1,41,45,-2,41,43,-3,41,42,-3,41,41,-1,41,38,-2,41,36,-3,42,34,-4,42,41,-2,42,38,-2,42,35,-3,42,33,-4,42,41,-2,42,38,-2,42,36,-3,43,34,-3,43,42,-2,43,39,-3,43,37,-3,43,36,-3,Y
45,87,-1,41,80,2,42,73,2,44,69,2,46,67,2,44,65,-1,43,55,-2,42,49,-3,42,44,-3,48,65,-2,48,61,-2,47,64,-1,46,66,0,51,67,-3,50,65,-2,49,67,-1,48,69,-1,53,70,-3,53,68,-2,51,70,-1,51,72,0,44,48,0,43,48,-2,42,45,-2,41,44,-3,41,42,-4,42,42,-2,42,39,-3,42,36,-4,42,34,-5,42,42,-2,42,38,-3,42,35,-3,42,33,-4,42,42,-2,42,38,-3,42,36,-3,43,34,-3,43,42,-2,43,39,-3,43,37,-3,43,35,-3,Y
45,88,-1,41,80,2,42,73,2,44,69,2,46,67,3,44,65,-1,43,55,-2,42,49,-3,41,45,-3,48,65,-2,48,61,-2,47,64,-1,46,66,0,51,68,-3,51,65,-2,49,67,-1,49,70,-1,53,70,-3,53,68,-2,51,70,-1,51,72,0,44,48,0,42,48,-2,42,46,-2,41,45,-3,41,44,-4,42,42,-2,42,39,-3,42,36,-4,42,34,-5,42,41,-2,42,38,-3,42,36,-3,42,33,-4,42,41,-2,42,38,-3,42,36,-3,43,34,-3,43,42,-2,43,39,-3,43,37,-3,43,36,-3,Y
45,88,-1,42,80,1,42,73,2,44,68,2,46,67,2,44,65,-1,43,56,-2,42,50,-3,41,45,-3,48,65,-2,48,61,-2,47,64,-1,46,66,0,51,68,-2,51,65,-2,49,67,-1,49,69,-1,53,70,-3,53,68,-2,52,70,-1,51,72,0,43,48,0,42,47,-2,41,45,-2,41,45,-3,41,44,-4,42,41,-2,42,38,-3,42,36,-4,42,34,-4,42,41,-2,42,38,-3,43,35,-3,43,33,-4,43,41,-2,43,38,-3,43,36,-3,43,34,-3,43,41,-2,43,39,-3,43,37,-3,43,36,-3,Y
45,87,-1,41,80,1,42,74,1,44,69,1,46,67,1,44,65,-2,43,55,-3,42,49,-4,42,45,-4,48,65,-2,48,62,-2,47,65,-2,46,67,-1,51,67,-3,51,65,-3,50,68,-2,49,70,-1,53,70,-3,53,68,-3,52,70,-1,51,72,0,44,47,0,42,47,-2,42,46,-3,41,45,-4,41,45,-4,42,41,-2,42,39,-3,42,37,-4,42,35,-5,42,41,-2,42,38,-3,43,35,-4,43,33,-4,43,40,-2,43,38,-3,43,36,-3,43,34,-3,43,41,-2,43,38,-3,43,37,-3,43,35,-3,Y
45,88,-1,41,81,1,42,74,1,44,69,1,46,67,1,43,65,-2,43,56,-3,42,50,-3,41,45,-4,47,65,-2,49,62,-3,48,65,-2,47,67,-1,50,67,-3,51,66,-3,50,68,-2,50,70,-1,53,70,-3,53,69,-3,52,71,-1,52,72,0,43,46,0,42,46,-2,42,45,-4,42,44,-5,42,44,-6,42,41,-3,42,38,-4,43,36,-5,43,35,-6,42,40,-2,42,37,-3,43,35,-4,43,34,-5,43,40,-2,43,37,-3,43,35,-3,43,34,-4,43,40,-2,43,37,-2,43,36,-3,43,35,-3,Y
45,87,-1,41,80,1,41,73,1,44,68,1,46,66,1,43,65,-1,43,55,-2,42,49,-3,42,45,-4,47,65,-2,47,61,-2,45,63,-1,44,65,-1,50,68,-2,49,65,-2,48,66,-1,47,69,-1,52,70,-3,52,68,-2,50,69,-1,50,71,0,42,50,0,38,50,-4,35,47,-6,32,44,-7,29,43,-8,38,42,-4,38,38,-6,39,39,-7,41,41,-7,40,41,-3,40,38,-4,42,37,-5,44,36,-6,41,41,-2,41,38,-3,42,38,-3,43,38,-4,42,41,-1,42,39,-2,43,39,-2,43,39,-2,Y
44,87,-1,41,80,1,41,73,1,43,68,1,45,67,1,43,65,-2,43,55,-3,42,49,-4,42,44,-4,47,65,-2,47,61,-2,45,64,-2,45,66,-1,50,68,-3,49,65,-3,48,67,-2,47,70,-1,52,70,-3,52,68,-2,50,70,-1,50,72,0,41,53,0,40,52,-4,39,48,-5,39,44,-6,39,42,-6,35,45,-5,35,39,-6,38,40,-6,39,43,-6,35,45,-3,37,40,-5,39,42,-5,40,44,-5,36,45,-2,38,40,-3,40,41,-3,40,43,-2,37,45,-1,38,41,-2,40,43,-1,40,44,-1,Y
44,87,-1,41,80,1,41,73,1,43,67,1,45,65,2,43,65,-2,42,56,-3,42,50,-4,42,45,-4,47,66,-2,47,60,-2,46,60,-1,45,61,-1,50,68,-2,49,65,-2,48,66,-1,47,69,-1,52,70,-3,52,68,-2,50,70,-1,50,72,0,43,52,-1,43,48,-4,43,43,-6,43,38,-6,44,36,-7,35,44,-4,34,39,-6,36,40,-7,36,42,-8,35,45,-3,37,40,-5,39,43,-6,40,45,-6,35,45,-2,37,40,-4,39,42,-4,39,44,-3,36,45,-1,37,40,-2,38,41,-2,39,43,-1,Y
45,87,-1,41,80,1,41,73,1,43,69,1,46,67,1,43,65,-1,43,55,-2,43,49,-3,43,45,-3,47,65,-2,47,62,-2,46,64,-1,45,67,-1,50,68,-2,50,66,-3,48,68,-2,47,70,-1,52,70,-3,52,69,-2,50,70,-1,50,72,0,44,53,-1,45,49,-5,45,43,-7,45,38,-8,46,35,-9,36,44,-5,37,38,-7,40,40,-8,41,42,-8,35,45,-3,38,39,-5,41,42,-6,41,44,-6,35,46,-2,37,40,-4,39,43,-4,40,44,-3,35,46,0,32,41,-1,31,40,-1,29,39,0,Y
44,87,-1,41,80,1,41,73,1,44,69,1,46,68,0,43,65,-2,43,56,-3,43,50,-4,43,45,-4,47,66,-3,48,62,-3,47,65,-2,47,67,-2,50,68,-3,50,66,-3,50,68,-2,49,70,-1,52,70,-4,53,69,-3,52,71,-2,51,73,-1,44,54,-1,46,51,-5,45,45,-8,46,39,-10,47,35,-11,36,45,-6,37,38,-8,40,39,-9,40,41,-9,36,45,-4,39,39,-7,42,41,-7,42,44,-7,36,46,-3,37,40,-5,40,42,-5,41,45,-4,36,46,-1,32,41,-3,30,37,-3,28,35,-2,Y
45,87,-1,41,81,1,41,74,1,43,69,1,46,68,0,43,65,-2,44,56,-4,43,50,-5,43,45,-5,47,66,-3,48,62,-3,47,64,-2,47,66,-2,50,68,-3,51,67,-3,50,69,-2,49,71,-2,53,70,-4,53,69,-3,52,71,-2,51,73,-1,44,55,0,46,51,-6,46,45,-8,46,40,-10,47,35,-11,37,45,-7,34,38,-8,31,35,-9,29,33,-9,36,45,-5,39,38,-8,42,41,-8,43,44,-8,36,45,-3,38,40,-6,41,42,-6,41,44,-5,36,45,-1,33,40,-3,32,37,-3,29,34,-3,Y
45,87,-1,41,80,1,42,74,1,44,69,1,46,68,0,44,65,-2,44,56,-3,44,50,-4,43,46,-5,47,66,-3,49,63,-3,48,65,-2,47,67,-2,51,68,-3,51,67,-3,50,69,-2,49,71,-2,53,71,-4,53,69,-3,52,71,-2,51,73,-1,44,56,0,45,52,-4,45,45,-6,46,39,-8,48,35,-9,37,45,-6,34,38,-7,31,34,-8,29,32,-8,36,45,-4,39,38,-7,42,40,-7,43,43,-7,36,46,-3,39,39,-6,42,42,-5,42,44,-4,36,47,-2,36,42,-4,37,41,-4,37,41,-3,Y
45,87,-1,42,80,1,42,74,1,44,70,0,46,68,0,44,66,-2,44,56,-3,44,50,-4,44,46,-5,48,66,-3,49,63,-3,48,65,-3,47,68,-2,51,68,-3,51,67,-4,50,69,-3,49,71,-2,53,71,-4,53,69,-4,52,71,-2,52,73,-1,45,56,0,46,52,-4,45,46,-6,47,40,-6,48,36,-7,37,45,-5,34,38,-6,31,34,-7,29,32,-7,37,44,-4,40,37,-6,43,40,-6,43,43,-5,38,45,-3,41,38,-6,44,42,-5,44,45,-4,40,46,-2,42,41,-5,44,41,-5,45,43,-5,Y
45,87,-1,42,81,1,42,74,1,43,70,1,45,68,1,44,65,-2,44,56,-3,44,50,-3,44,46,-4,48,66,-2,49,63,-3,48,66,-2,47,68,-1,51,68,-3,51,67,-3,50,69,-2,49,71,-1,53,71,-3,53,69,-3,52,71,-2,52,73,-1,45,56,0,45,51,-3,45,45,-4,46,40,-5,48,36,-6,37,44,-4,34,38,-6,31,34,-6,29,32,-7,37,45,-4,39,37,-7,42,40,-7,43,43,-6,37,46,-4,40,39,-7,43,42,-6,43,45,-5,38,47,-4,41,42,-7,43,44,-7,43,46,-6,Y
45,87,-1,42,80,1,42,74,1,43,70,1,45,69,1,44,65,-2,44,56,-3,44,50,-4,44,45,-4,48,66,-3,49,63,-3,48,66,-2,47,68,-2,51,68,-3,51,67,-3,50,69,-2,49,71,-2,53,71,-4,54,69,-3,53,71,-2,52,73,-1,45,56,0,46,51,-3,45,45,-4,47,40,-5,48,36,-6,38,45,-4,33,39,-6,31,35,-6,28,33,-7,37,45,-4,39,37,-7,43,40,-7,44,43,-6,38,46,-4,41,39,-7,44,42,-7,44,45,-6,39,48,-4,42,43,-7,44,44,-7,45,45,-7,Y
45,87,-1,42,80,1,42,74,1,44,69,1,46,68,1,44,65,-2,44,56,-3,44,50,-4,44,45,-4,48,66,-3,49,63,-3,48,65,-2,47,68,-2,51,68,-3,51,67,-3,50,69,-2,49,71,-2,53,71,-4,54,69,-3,52,71,-2,52,73,-1,46,56,0,46,53,-5,45,47,-6,46,41,-7,47,37,-7,38,45,-5,33,40,-7,31,36,-8,28,34,-8,39,44,-4,40,37,-7,43,41,-7,43,44,-6,40,44,-3,42,38,-6,44,41,-6,44,45,-5,42,44,-2,44,40,-5,46,40,-5,46,42,-5,Y
45,87,-1,42,80,1,42,73,1,44,69,1,46,67,1,44,65,-2,44,56,-3,44,50,-4,44,45,-4,48,66,-3,49,63,-3,48,66,-2,47,68,-2,51,68,-3,51,67,-3,50,69,-2,49,71,-2,53,71,-3,54,69,-3,52,71,-2,52,73,-1,46,55,0,46,52,-4,45,47,-6,46,41,-6,48,37,-6,38,45,-5,33,40,-6,31,36,-7,28,34,-8,38,44,-3,40,38,-6,43,40,-6,43,43,-5,39,45,-2,41,38,-5,44,41,-5,44,45,-4,41,45,-2,43,40,-4,45,42,-4,45,44,-4,Y
45,87,-1,42,80,1,42,74,1,44,69,1,46,68,0,44,65,-2,44,56,-3,44,49,-4,44,45,-4,48,66,-3,49,63,-3,48,66,-2,47,68,-2,51,68,-3,51,67,-4,50,69,-3,49,71,-2,54,71,-4,54,69,-3,53,72,-2,52,73,-1,46,56,0,46,52,-4,45,46,-5,47,41,-6,48,36,-6,38,45,-4,34,39,-6,31,36,-7,29,33,-7,38,45,-4,40,37,-6,43,40,-6,44,43,-6,39,45,-3,41,38,-6,44,41,-6,44,45,-5,41,46,-3,43,41,-5,45,42,-6,46,44,-5,Y
45,87,-1,42,81,1,42,74,1,44,69,1,45,68,1,45,65,-2,44,56,-3,44,50,-3,44,45,-4,48,66,-2,49,63,-3,48,66,-2,47,68,-1,51,68,-3,51,67,-3,50,69,-2,49,71,-2,54,71,-3,54,69,-3,53,71,-2,52,73,-1,45,56,0,45,53,-3,45,47,-5,46,41,-6,48,37,-6,37,45,-4,34,39,-6,31,36,-7,29,33,-7,38,45,-4,40,38,-6,43,40,-7,44,44,-6,39,45,-3,42,38,-6,44,42,-6,44,45,-5,41,46,-3,43,41,-6,45,42,-6,46,44,-6,Y
45,87,-1,42,80,1,42,73,1,44,69,1,46,67,1,45,65,-2,44,56,-3,44,50,-3,44,45,-4,48,66,-3,49,63,-3,48,66,-2,47,68,-2,52,68,-3,51,67,-3,50,69,-2,49,71,-2,54,71,-3,54,69,-3,53,72,-2,52,73,-1,46,55,0,46,53,-4,45,48,-6,47,42,-6,48,37,-6,38,46,-5,34,40,-6,32,36,-7,29,33,-8,38,44,-4,40,38,-6,43,40,-6,43,44,-5,40,44,-3,42,38,-6,44,41,-5,44,45,-4,42,44,-2,44,40,-5,46,41,-5,47,42,-4,Y
45,87,-1,42,80,1,42,73,1,44,69,1,47,67,1,45,65,-2,45,56,-3,45,50,-4,44,45,-4,49,66,-3,49,63,-3,47,66,-2,46,68,-2,52,68,-3,51,67,-3,50,69,-2,49,72,-2,54,71,-3,54,70,-3,53,71,-2,52,73,-1,46,55,0,46,52,-4,46,47,-6,47,41,-6,48,37,-7,38,45,-5,34,39,-6,32,36,-7,30,33,-7,38,44,-4,40,38,-6,43,40,-6,44,44,-5,40,45,-3,42,38,-5,44,42,-5,45,45,-4,41,46,-2,43,41,-4,45,43,-5,46,45,-4,Y
46,87,-1,42,80,1,42,73,1,45,69,1,47,68,1,45,65,-1,45,56,-2,45,50,-3,45,46,-3,49,66,-2,49,63,-2,48,66,-1,47,69,-1,52,68,-3,52,67,-3,50,69,-2,49,72,-1,54,71,-3,54,70,-2,53,72,-1,52,74,-1,46,57,0,46,54,-4,46,48,-5,47,41,-6,48,37,-7,38,45,-4,34,39,-6,32,36,-7,30,33,-7,39,45,-3,41,38,-6,44,41,-7,44,44,-6,40,45,-3,42,38,-6,45,42,-6,45,45,-5,42,46,-2,44,42,-5,46,43,-5,46,46,-5,Y
46,87,-1,42,81,1,42,74,1,44,70,1,46,69,0,45,65,-2,45,56,-3,45,50,-3,45,46,-4,49,66,-3,49,64,-3,48,67,-2,47,69,-2,52,68,-3,52,68,-3,51,70,-2,50,72,-2,54,71,-4,54,70,-3,53,72,-2,52,74,-1,46,56,0,46,53,-3,46,47,-5,47,41,-6,48,37,-6,38,45,-4,35,39,-6,32,36,-6,30,33,-7,39,45,-3,40,38,-6,43,40,-6,44,44,-6,40,45,-3,42,38,-6,45,42,-5,45,45,-4,42,46,-3,44,41,-5,46,43,-5,46,45,-5,Y
46,87,-1,43,81,1,43,74,1,44,70,1,45,69,1,45,65,-2,45,56,-2,45,50,-3,45,46,-3,49,66,-2,50,64,-3,48,67,-2,48,69,-1,52,68,-3,52,68,-3,51,70,-2,50,72,-2,54,71,-3,54,70,-3,53,72,-2,52,74,-1,47,56,0,47,53,-5,46,48,-6,47,42,-7,49,37,-7,38,46,-5,35,40,-6,32,36,-7,30,33,-7,39,44,-3,41,38,-6,44,41,-6,44,44,-5,41,44,-2,43,38,-5,45,42,-5,45,45,-4,43,45,-1,45,40,-4,47,41,-4,47,43,-4,Y
46,87,-1,43,80,1,43,73,2,45,69,1,47,68,1,45,65,-1,45,56,-2,45,50,-2,45,46,-3,49,66,-2,50,64,-2,49,67,-1,48,69,-1,52,68,-3,52,67,-3,51,70,-2,50,72,-1,54,71,-3,54,70,-3,53,72,-1,53,74,0,46,56,0,47,53,-4,46,47,-6,47,41,-6,49,37,-7,39,45,-5,35,39,-6,33,36,-7,30,33,-7,39,44,-3,41,38,-6,44,41,-6,44,44,-5,41,44,-3,43,38,-5,45,42,-5,45,45,-4,42,45,-2,45,41,-4,47,42,-4,47,45,-4,Y
46,87,-1,43,80,1,43,73,1,45,69,1,46,68,1,45,65,-2,45,56,-3,45,51,-3,45,46,-3,49,66,-3,50,64,-3,49,66,-2,48,69,-2,52,68,-3,52,67,-3,51,70,-2,51,72,-2,54,71,-4,55,70,-3,54,72,-2,53,74,-1,47,56,0,47,54,-5,46,48,-6,48,42,-7,49,37,-7,39,45,-5,35,39,-6,33,36,-7,31,33,-8,40,44,-3,42,38,-6,44,41,-6,45,44,-5,41,44,-2,44,38,-5,46,42,-5,45,45,-4,43,44,-1,45,40,-4,47,42,-4,47,44,-3,Y
46,86,-1,43,80,1,43,73,1,45,69,1,47,68,1,45,65,-2,45,56,-3,45,51,-3,45,47,-3,49,66,-2,50,63,-3,49,66,-2,48,68,-1,52,68,-3,52,67,-3,51,70,-2,51,72,-1,54,71,-4,55,70,-3,54,72,-2,53,74,-1,47,56,0,47,53,-4,46,48,-6,48,42,-7,49,37,-7,39,45,-5,35,39,-6,33,35,-7,31,33,-8,40,44,-3,42,38,-6,44,40,-6,45,43,-6,41,44,-2,43,38,-5,46,42,-5,46,45,-4,43,44,-2,45,40,-4,47,42,-4,47,44,-4,Y
46,86,-1,43,80,1,43,73,1,44,70,1,46,69,1,45,65,-1,46,56,-2,45,51,-2,45,47,-2,49,66,-2,50,63,-2,49,66,-1,48,68,-1,52,68,-3,52,67,-2,51,69,-1,51,71,-1,55,71,-3,55,70,-2,54,72,-1,53,74,0,47,56,0,47,53,-5,46,48,-6,48,42,-7,50,37,-8,39,45,-5,35,39,-7,33,35,-7,31,33,-8,40,44,-4,42,38,-6,44,41,-6,45,44,-5,42,44,-2,44,38,-5,46,42,-5,46,45,-4,44,44,-1,46,40,-4,47,42,-4,47,44,-4,Y
46,87,-1,43,80,1,43,73,2,45,69,2,46,68,1,45,65,-1,46,56,-2,45,51,-2,45,47,-2,49,66,-2,50,63,-2,49,66,-1,48,68,0,52,68,-3,52,67,-2,51,69,-1,50,72,-1,55,71,-3,55,70,-2,54,71,-1,53,73,0,47,56,0,47,53,-5,46,48,-6,48,42,-6,49,37,-7,39,45,-5,35,39,-6,33,36,-7,31,33,-8,40,44,-3,41,38,-5,44,41,-5,45,44,-4,41,44,-2,43,38,-4,45,42,-4,45,45,-3,43,44,-1,45,40,-3,47,42,-4,47,44,-3,Y
46,86,-1,43,80,1,43,73,1,45,69,1,46,68,1,45,65,-1,46,56,-2,45,51,-2,45,47,-2,49,66,-2,50,63,-2,49,66,-1,48,68,-1,52,68,-3,53,67,-3,52,70,-2,51,72,-1,55,71,-3,55,70,-3,54,72,-1,53,74,-1,47,56,0,47,53,-5,47,48,-6,48,42,-7,49,37,-7,39,45,-5,35,39,-7,33,36,-8,31,33,-8,40,44,-4,42,38,-6,44,41,-6,45,44,-5,42,44,-2,43,38,-5,46,42,-5,45,45,-4,43,44,-2,45,40,-4,47,42,-4,47,45,-4,Y
46,86,-1,43,80,1,43,73,1,44,70,1,46,69,0,45,65,-2,46,56,-2,45,51,-2,45,47,-3,49,66,-2,50,63,-3,49,66,-2,48,69,-1,52,68,-3,52,67,-3,51,70,-2,51,72,-1,55,71,-3,55,70,-3,54,72,-2,53,74,-1,47,56,0,47,53,-5,47,48,-6,48,42,-7,49,37,-7,39,45,-5,35,39,-7,33,36,-8,31,33,-8,40,44,-4,42,38,-6,44,40,-6,45,44,-5,41,44,-2,43,38,-5,46,42,-5,46,45,-4,43,44,-2,45,40,-4,47,42,-4,47,45,-4,Y
46,86,-1,43,80,1,43,73,1,45,69,1,46,67,1,45,65,-2,46,56,-3,45,51,-3,45,47,-3,49,66,-2,50,63,-3,49,65,-2,48,67,-1,52,68,-3,52,67,-3,51,69,-2,50,71,-1,55,71,-3,54,70,-3,53,71,-1,53,73,-1,46,56,0,47,53,-5,46,48,-6,48,42,-7,49,37,-7,39,45,-5,35,39,-7,33,36,-8,31,33,-8,40,44,-4,41,38,-6,44,40,-6,45,44,-5,41,44,-2,43,38,-5,45,42,-5,45,45,-4,43,44,-1,45,40,-4,47,42,-4,47,45,-4,Y
46,86,-1,43,80,1,43,73,1,44,69,1,46,68,1,45,65,-2,45,56,-2,45,51,-2,45,47,-2,49,66,-2,50,63,-2,48,66,-1,47,68,-1,52,68,-3,52,67,-2,51,69,-2,50,71,-1,55,71,-3,54,70,-2,53,71,-1,53,73,0,47,56,0,47,53,-5,46,48,-6,48,42,-7,49,38,-7,39,45,-5,35,39,-7,33,36,-7,31,33,-8,39,44,-4,42,38,-6,45,40,-6,45,43,-5,41,44,-2,43,38,-5,46,42,-5,46,45,-4,42,44,-1,45,40,-4,46,42,-4,46,45,-3,Y
46,86,-1,43,79,1,43,72,1,45,68,1,47,66,1,45,65,-2,45,56,-3,45,50,-3,45,46,-3,49,65,-3,50,63,-3,49,66,-2,48,68,-1,52,68,-3,52,67,-3,51,69,-2,50,71,-2,55,70,-3,55,69,-3,54,71,-2,53,73,-1,46,56,0,47,53,-4,47,47,-6,48,41,-6,49,37,-7,39,45,-5,35,39,-7,33,36,-7,31,33,-8,39,44,-4,42,38,-6,44,40,-6,45,44,-5,40,44,-2,43,38,-5,45,42,-5,45,45,-4,42,45,-2,45,40,-4,46,42,-4,46,45,-4,Y
46,86,-1,43,80,1,43,73,1,45,68,1,47,67,1,45,65,-2,45,56,-3,45,50,-3,45,46,-4,49,65,-3,50,63,-3,48,65,-2,47,68,-1,52,68,-3,52,67,-3,51,69,-2,50,71,-1,55,70,-3,54,69,-3,53,71,-1,52,73,-1,46,55,0,47,53,-4,46,47,-6,48,41,-6,49,37,-7,39,45,-5,35,39,-7,33,36,-8,31,33,-8,39,44,-4,42,38,-6,44,40,-6,45,44,-5,41,44,-3,43,38,-5,45,42,-5,45,45,-4,42,45,-2,44,40,-4,46,42,-4,46,44,-4,Y
46,86,-1,43,79,1,43,73,1,45,68,1,47,67,1,45,65,-2,45,56,-3,45,50,-4,45,46,-4,49,65,-3,50,63,-3,48,65,-2,47,67,-2,52,68,-3,52,67,-3,51,69,-2,50,71,-2,55,70,-3,54,69,-3,53,71,-2,52,73,-1,46,55,0,46,53,-5,46,48,-7,47,42,-7,49,38,-7,39,45,-5,35,40,-7,33,36,-8,30,33,-8,40,44,-4,42,38,-6,44,41,-6,45,44,-6,41,43,-2,44,38,-5,46,42,-5,45,45,-4,43,44,-1,45,39,-4,47,41,-4,47,43,-3,Y
46,86,-1,43,80,1,43,73,1,45,69,1,47,68,1,45,65,-2,45,56,-3,45,50,-4,45,46,-4,49,65,-3,50,63,-3,48,65,-2,47,67,-2,52,68,-3,52,67,-3,51,69,-2,50,71,-2,55,70,-3,54,69,-3,53,71,-2,53,73,-1,46,55,0,46,53,-5,46,48,-6,47,42,-7,49,38,-7,39,45,-5,35,40,-7,32,36,-8,30,33,-8,39,44,-4,41,38,-6,44,41,-6,45,44,-6,40,44,-3,43,38,-5,45,42,-5,45,45,-4,42,44,-2,44,40,-4,46,42,-4,46,44,-4,Y
46,86,-1,43,79,1,43,73,1,45,69,1,47,67,1,45,65,-2,45,56,-3,45,50,-3,44,46,-4,49,65,-2,50,62,-3,48,65,-2,48,66,-2,52,68,-3,52,66,-3,51,69,-2,50,71,-2,55,70,-3,54,69,-3,53,71,-2,52,73,-1,46,55,0,46,54,-5,46,48,-7,47,42,-8,49,37,-8,39,46,-6,35,40,-7,32,36,-8,30,33,-9,39,44,-4,41,38,-6,44,41,-6,45,44,-6,41,43,-3,43,38,-5,45,42,-5,45,45,-4,42,44,-2,45,39,-4,46,41,-4,47,44,-4,Y
46,86,-1,43,79,1,43,72,1,45,68,1,47,67,1,45,65,-2,45,56,-3,45,51,-3,44,46,-3,49,65,-2,49,62,-2,48,65,-1,47,67,-1,52,68,-3,52,66,-3,51,68,-2,50,71,-1,55,70,-3,54,69,-2,53,71,-1,52,73,0,46,56,0,46,54,-5,46,48,-7,47,42,-7,49,38,-8,38,45,-5,35,39,-7,32,36,-8,30,33,-8,39,44,-4,41,38,-6,44,41,-6,45,44,-5,41,44,-2,43,38,-5,45,42,-5,45,45,-4,42,44,-1,44,40,-3,46,42,-4,46,44,-3,Y
46,86,-1,43,79,1,43,72,1,45,68,1,47,67,1,45,65,-2,45,56,-3,45,50,-3,44,46,-3,49,65,-2,49,62,-2,48,63,-2,48,65,-1,52,68,-3,52,66,-3,51,68,-2,50,70,-1,55,70,-3,54,69,-2,53,71,-1,52,73,-1,46,55,0,46,53,-4,46,47,-6,47,42,-7,49,38,-7,39,45,-5,35,40,-7,32,36,-8,30,33,-8,39,44,-4,41,38,-6,44,40,-6,45,43,-6,40,44,-3,43,38,-6,45,41,-5,45,45,-4,42,44,-2,44,40,-5,46,42,-5,46,45,-4,Y
46,86,-1,43,79,1,43,73,1,44,69,1,46,67,1,45,65,-2,45,56,-3,45,50,-4,44,46,-4,49,65,-3,49,62,-3,48,63,-2,47,65,-2,52,68,-3,51,66,-3,50,68,-2,50,71,-2,55,70,-3,54,69,-3,53,71,-2,52,73,-1,46,56,0,46,53,-5,46,48,-6,47,42,-7,49,37,-7,38,45,-5,35,40,-7,32,36,-8,30,33,-8,39,44,-4,41,38,-6,44,40,-6,45,44,-6,40,44,-3,43,38,-5,45,41,-5,45,45,-4,41,44,-2,44,40,-4,46,41,-4,46,44,-4,Y
47,86,-1,43,79,1,43,72,1,45,68,1,47,66,1,46,65,-2,45,56,-3,45,50,-4,44,46,-4,50,65,-2,49,62,-3,48,64,-2,47,66,-1,53,68,-3,51,66,-3,50,69,-2,50,71,-2,55,70,-3,54,69,-3,53,71,-2,52,73,-1,46,55,0,46,53,-5,46,48,-6,47,42,-7,49,38,-7,38,45,-5,35,40,-7,32,36,-8,30,33,-9,39,44,-4,41,38,-6,44,41,-6,45,44,-5,40,44,-3,43,38,-5,45,42,-5,45,45,-4,42,44,-2,44,40,-4,46,42,-4,46,44,-4,Y
47,86,-1,43,79,1,43,72,1,46,68,1,48,67,1,46,65,-2,45,56,-3,45,50,-4,44,46,-4,50,65,-3,49,62,-3,47,63,-2,46,65,-2,53,67,-3,51,66,-3,50,69,-2,49,71,-2,55,70,-3,54,69,-3,53,71,-2,52,72,-1,46,56,0,46,53,-5,46,48,-7,47,42,-7,49,37,-8,38,46,-6,35,40,-8,32,36,-8,30,33,-9,39,44,-4,41,38,-6,44,41,-6,45,44,-5,40,44,-2,43,38,-5,45,42,-5,45,45,-4,42,44,-1,44,40,-3,46,41,-4,46,44,-3,Y
47,85,-1,43,79,1,43,72,1,45,68,1,47,67,1,46,65,-2,45,56,-4,45,50,-4,44,46,-5,50,65,-3,49,62,-3,48,64,-2,47,66,-2,53,68,-3,51,66,-3,50,68,-2,50,71,-2,55,70,-3,54,69,-3,53,70,-2,52,72,-1,46,56,0,46,53,-5,46,48,-6,47,42,-7,49,38,-7,38,45,-5,35,39,-7,32,36,-8,30,33,-8,39,44,-4,41,38,-6,44,41,-6,44,44,-5,40,44,-3,43,38,-5,45,42,-5,45,45,-4,42,45,-2,44,40,-4,46,42,-4,46,45,-4,Y
47,85,-1,44,78,1,43,71,2,45,67,2,47,66,3,46,64,-2,45,55,-3,45,50,-4,45,46,-4,50,65,-2,49,61,-2,47,63,-1,47,65,0,53,68,-2,51,66,-2,50,68,-1,49,71,-1,55,70,-2,54,68,-1,53,70,-1,52,72,0,46,55,0,46,52,-4,46,47,-6,47,42,-7,49,37,-7,38,46,-6,35,39,-7,32,36,-8,30,33,-9,39,44,-4,41,38,-6,44,41,-6,45,44,-5,40,44,-3,42,38,-5,45,41,-5,45,45,-4,41,45,-2,43,40,-4,45,42,-4,46,44,-4,Y
69,79,0,62,73,-1,60,65,-1,60,59,-2,60,54,-4,65,56,-2,61,46,-4,59,39,-6,58,33,-7,66,56,-3,62,45,-6,59,37,-8,57,30,-9,66,58,-5,62,47,-7,60,39,-8,58,33,-9,65,60,-6,62,51,-8,61,46,-9,60,41,-10,31,86,0,40,82,2,44,75,3,47,71,3,50,68,2,40,62,2,50,62,1,55,62,0,59,63,-1,39,62,0,51,62,-1,56,62,-1,60,63,-2,40,64,-2,51,64,-3,56,64,-3,60,63,-3,41,68,-5,49,66,-5,54,66,-5,58,65,-5,Z
69,79,0,62,72,0,60,64,-1,60,59,-2,60,54,-3,65,56,-2,61,46,-4,59,39,-6,58,33,-7,66,56,-4,61,45,-6,59,38,-8,57,30,-9,66,58,-5,62,48,-7,59,40,-8,58,34,-9,65,61,-7,62,53,-8,60,47,-9,59,42,-10,31,86,0,41,82,2,45,75,3,48,70,2,51,67,2,40,61,2,50,62,1,55,62,0,59,63,-1,39,62,0,50,62,-1,56,62,-2,60,63,-2,39,64,-3,50,64,-4,56,64,-4,60,63,-4,40,68,-5,49,66,-6,53,66,-5,57,65,-5,Z
68,79,0,61,73,1,59,65,1,58,59,0,57,54,-1,65,57,-1,61,47,-3,59,40,-4,57,34,-6,66,57,-3,61,45,-6,58,38,-7,56,30,-9,65,59,-5,61,47,-7,58,40,-8,57,33,-9,63,62,-7,60,53,-8,59,47,-9,58,41,-10,31,86,0,41,81,1,46,75,2,49,71,1,52,69,1,40,61,2,49,62,1,53,63,-1,58,63,-2,39,61,0,49,62,-2,54,62,-3,59,63,-4,38,63,-3,48,63,-4,54,64,-5,58,63,-5,39,68,-5,46,66,-7,51,66,-7,55,65,-7,Z
68,80,0,61,73,1,58,65,1,58,59,0,58,54,-1,65,57,-1,61,47,-3,59,40,-4,57,34,-5,66,57,-3,61,45,-5,58,38,-7,56,31,-8,65,59,-5,61,47,-7,58,40,-8,57,33,-9,63,61,-7,60,53,-8,59,47,-9,58,41,-10,31,86,0,41,81,1,45,75,2,49,71,1,52,69,1,40,61,3,49,62,1,53,63,0,57,63,-1,38,61,0,49,62,-1,54,62,-3,59,63,-4,38,63,-2,48,64,-4,54,64,-4,58,64,-4,38,68,-5,47,66,-6,51,66,-6,55,65,-6,Z
68,80,0,60,73,1,58,65,1,57,59,0,57,54,-1,64,57,-1,61,47,-3,59,40,-4,57,34,-5,66,57,-3,60,45,-5,58,38,-7,56,31,-9,65,59,-5,60,48,-7,58,40,-8,57,33,-9,63,62,-7,60,53,-9,58,47,-10,57,41,-11,30,86,0,41,82,1,46,76,2,50,72,1,53,70,1,40,61,3,48,62,2,53,63,0,57,63,-1,38,61,0,49,62,-1,54,62,-3,58,63,-4,38,63,-2,48,64,-4,53,64,-4,58,64,-5,38,67,-5,46,66,-6,50,66,-6,54,65,-6,Z
68,80,0,60,74,1,58,66,1,57,60,0,56,54,-1,64,57,-1,60,47,-3,59,40,-4,57,34,-6,66,58,-3,60,45,-5,58,38,-7,56,30,-9,65,60,-5,60,48,-7,58,40,-9,56,33,-10,63,62,-7,60,53,-9,58,47,-10,57,42,-11,30,86,0,40,81,2,45,75,2,49,72,1,53,70,1,39,61,3,48,62,2,53,63,0,57,63,-1,38,61,0,48,61,-1,53,62,-2,58,63,-3,38,63,-2,48,63,-4,53,64,-4,57,64,-4,38,68,-5,46,66,-6,50,66,-6,54,65,-6,Z
68,80,0,61,73,1,58,66,2,57,60,1,57,54,0,64,57,-1,60,47,-2,58,40,-4,57,34,-5,65,58,-3,60,45,-5,57,38,-7,55,30,-9,65,60,-5,60,48,-7,57,40,-8,56,33,-10,62,62,-7,59,53,-9,58,47,-10,57,41,-11,30,85,0,40,81,1,45,75,2,49,72,1,53,69,0,39,61,3,48,62,2,52,63,0,56,63,-1,38,61,0,48,61,-1,53,62,-3,58,63,-4,37,63,-2,47,63,-4,53,64,-4,58,64,-5,38,68,-5,46,66,-6,50,66,-6,54,65,-6,Z
68,80,0,60,73,1,58,66,1,57,60,1,56,55,0,64,57,-1,60,47,-2,58,40,-4,57,34,-5,65,58,-3,60,45,-5,57,38,-7,55,30,-9,65,60,-5,60,48,-7,57,40,-8,56,33,-10,62,62,-7,59,53,-9,58,47,-10,57,41,-11,30,85,0,40,81,1,45,76,1,49,72,1,53,70,0,39,61,3,48,62,2,52,63,0,56,63,-2,38,61,0,48,61,-2,53,62,-3,58,64,-4,37,63,-2,47,63,-4,53,64,-5,58,64,-5,38,67,-5,46,66,-6,50,66,-6,54,65,-6,Z
68,80,0,60,73,1,58,66,1,57,60,1,57,55,0,64,57,-1,60,47,-3,58,40,-4,56,34,-5,65,58,-3,60,45,-6,57,37,-7,55,30,-9,64,60,-5,60,47,-7,57,40,-9,56,33,-10,62,62,-7,59,53,-9,57,47,-10,56,41,-12,30,85,0,40,81,1,45,75,1,49,72,1,53,69,0,39,61,3,48,62,1,52,63,0,56,64,-2,38,61,0,48,61,-1,53,62,-3,58,63,-4,37,63,-2,47,63,-4,53,64,-5,57,64,-5,37,67,-5,46,66,-6,50,66,-6,54,65,-6,Z
67,80,0,60,73,1,58,66,1,57,60,0,56,55,-1,64,57,-1,60,47,-3,58,40,-4,56,34,-5,65,58,-3,60,45,-6,57,38,-7,55,30,-9,65,60,-5,60,48,-7,57,40,-9,56,33,-10,62,62,-7,59,53,-9,57,47,-10,56,41,-11,30,85,0,40,81,1,45,75,1,49,72,1,52,69,1,39,61,3,47,62,2,52,63,0,56,63,-2,37,61,0,48,61,-1,53,62,-3,58,63,-4,37,63,-2,47,63,-4,52,64,-5,57,64,-5,37,67,-5,45,66,-6,50,66,-6,54,65,-6,Z
68,80,0,61,73,2,58,66,2,58,60,1,57,55,0,64,57,-1,60,47,-2,58,40,-4,56,34,-5,65,58,-3,60,45,-5,57,38,-7,55,30,-8,64,60,-5,60,48,-7,57,40,-8,56,33,-9,62,62,-7,59,53,-9,57,47,-10,56,41,-11,30,85,0,40,81,1,45,75,2,49,72,1,52,69,0,39,61,3,48,62,2,52,63,0,56,63,-1,37,61,0,48,61,-2,53,62,-3,58,64,-4,37,63,-2,47,63,-4,53,64,-5,57,64,-5,37,67,-5,45,66,-6,50,66,-6,54,64,-7,Z
67,80,0,60,73,1,58,65,1,57,60,1,56,54,0,64,57,-1,60,47,-2,58,40,-4,56,34,-5,65,57,-3,60,45,-5,57,38,-7,55,30,-8,64,59,-5,60,48,-7,57,40,-8,56,33,-9,62,62,-7,59,53,-9,57,47,-10,56,41,-11,30,85,0,40,81,1,45,75,2,49,72,1,52,70,1,39,61,3,47,62,2,52,63,0,56,63,-1,37,61,0,48,61,-1,53,62,-3,58,64,-4,37,63,-2,47,63,-4,52,64,-5,57,64,-5,37,68,-5,45,66,-6,49,66,-6,53,64,-6,Z
68,80,0,60,73,2,58,66,2,57,60,2,57,55,1,64,57,0,60,47,-2,58,40,-3,56,34,-5,65,58,-3,60,45,-5,57,38,-7,55,30,-9,64,60,-5,60,48,-7,57,40,-9,56,33,-10,62,62,-7,59,53,-9,57,47,-10,56,41,-11,30,85,0,40,81,1,45,75,2,49,72,1,52,69,1,39,61,3,47,62,2,52,63,0,56,63,-1,37,61,0,48,61,-2,53,62,-3,58,64,-4,37,63,-2,47,63,-4,52,64,-5,57,64,-5,37,68,-5,45,66,-6,50,66,-7,54,64,-7,Z
68,80,0,61,73,2,59,65,2,58,60,2,57,55,1,64,57,0,60,47,-2,58,40,-3,56,34,-5,65,58,-3,60,45,-5,57,37,-7,55,30,-8,64,60,-5,60,47,-7,57,40,-8,56,33,-9,62,62,-7,59,53,-9,57,47,-10,56,41,-11,30,85,0,40,81,1,44,75,2,49,72,1,52,69,1,39,61,3,47,62,1,52,63,0,56,63,-1,37,61,0,48,61,-2,53,62,-3,58,63,-4,37,63,-2,47,63,-4,53,64,-5,57,64,-5,37,67,-5,45,66,-6,50,66,-7,54,65,-7,Z
68,80,0,61,72,2,59,65,2,59,59,1,58,54,0,64,57,0,60,46,-2,58,40,-4,56,33,-5,65,57,-3,60,45,-5,57,38,-7,55,30,-8,64,59,-5,60,47,-7,57,40,-8,56,33,-9,62,62,-7,59,53,-9,57,47,-10,56,41,-11,30,85,0,39,81,1,44,75,2,48,72,1,52,69,1,39,61,2,47,62,1,52,63,0,56,63,-2,37,61,0,48,61,-2,53,62,-3,58,63,-4,37,63,-3,47,63,-4,53,64,-5,58,64,-5,37,67,-5,46,66,-7,50,66,-7,54,65,-7,Z
67,79,0,62,72,2,61,65,2,61,59,2,61,54,1,64,56,-1,60,46,-2,58,39,-4,57,33,-5,65,57,-3,59,45,-5,57,37,-7,55,30,-8,64,59,-5,59,47,-7,57,40,-8,56,33,-9,62,62,-8,59,53,-9,57,47,-10,56,41,-11,30,85,0,40,81,1,44,75,2,49,71,1,52,69,1,39,61,2,48,62,1,52,63,0,56,63,-2,37,60,0,48,61,-2,53,62,-3,58,63,-4,37,63,-3,47,63,-4,53,64,-5,57,64,-5,37,67,-5,46,66,-6,50,66,-7,54,65,-7,Z
68,79,0,61,73,2,58,66,2,57,60,2,56,56,1,64,56,0,60,46,-2,58,39,-3,57,33,-4,65,57,-3,59,45,-5,57,37,-7,55,30,-8,64,59,-5,59,47,-7,57,40,-8,56,33,-9,62,62,-7,59,53,-9,57,47,-10,56,41,-11,30,85,0,40,81,1,44,75,2,48,72,1,52,69,1,39,61,3,47,62,1,52,63,0,56,63,-1,38,61,0,48,62,-2,53,62,-3,58,63,-4,37,63,-2,47,63,-4,53,64,-5,58,63,-5,38,67,-5,46,66,-6,50,66,-7,54,65,-7,Z
68,80,0,62,72,2,60,64,3,59,58,2,58,53,2,64,57,0,60,47,-1,58,40,-2,56,34,-3,65,57,-2,60,45,-4,57,37,-6,55,30,-7,65,59,-5,60,47,-7,57,39,-8,56,32,-9,62,62,-7,59,53,-9,57,47,-10,56,41,-11,30,85,0,40,81,1,44,75,2,48,71,1,51,69,1,39,61,2,47,62,1,52,62,0,56,63,-2,38,61,0,48,61,-2,53,62,-3,58,63,-4,37,63,-2,48,63,-4,53,64,-4,57,64,-5,38,67,-5,46,66,-6,51,66,-6,54,65,-6,Z
68,80,0,62,73,1,59,66,1,58,60,0,57,54,0,65,57,-1,60,46,-3,58,40,-4,57,33,-5,65,57,-3,60,45,-5,57,37,-7,56,30,-9,65,59,-5,60,47,-7,58,40,-8,56,32,-9,63,61,-7,60,52,-8,58,47,-9,57,41,-10,30,85,0,39,81,1,43,74,2,45,69,1,47,66,1,39,61,2,48,62,1,53,63,-1,57,63,-2,38,61,0,48,62,-1,53,63,-2,58,64,-3,37,63,-3,48,63,-3,53,64,-4,57,64,-4,38,67,-5,46,66,-5,51,66,-5,54,65,-5,Z
68,79,0,61,73,2,59,65,2,58,60,1,57,55,1,64,56,0,60,46,-2,58,39,-3,57,33,-4,66,57,-3,60,45,-5,57,37,-7,55,30,-8,65,59,-5,60,47,-7,58,39,-8,56,32,-9,63,61,-7,60,52,-9,58,46,-10,57,40,-10,30,85,0,39,81,1,43,74,2,46,69,1,48,66,1,39,61,1,48,62,0,53,63,-1,57,63,-2,38,61,-1,48,62,-2,54,63,-3,58,64,-3,37,64,-3,48,64,-4,53,64,-4,57,64,-5,38,68,-5,46,66,-6,51,66,-6,54,65,-6,Z
69,80,0,61,73,2,59,65,2,58,59,1,57,54,1,65,56,0,60,46,-2,58,39,-3,57,33,-4,66,57,-3,60,45,-5,58,37,-7,56,30,-8,65,59,-5,60,47,-7,58,39,-8,56,32,-9,63,61,-7,60,52,-9,58,46,-10,57,40,-10,30,85,0,39,81,1,43,74,2,45,68,1,47,65,1,39,61,1,48,62,0,53,62,-1,57,63,-3,38,61,-1,48,62,-2,54,63,-2,58,64,-3,38,64,-3,48,64,-4,53,64,-4,57,65,-4,38,68,-5,46,66,-5,51,66,-5,54,66,-5,Z
69,79,0,62,72,2,60,65,2,59,59,2,58,54,1,65,56,0,61,46,-2,59,39,-3,57,33,-4,66,57,-3,60,45,-5,58,37,-6,56,30,-8,65,59,-5,60,47,-7,58,39,-8,57,32,-9,63,61,-7,60,52,-8,58,46,-9,57,40,-10,30,85,0,40,81,2,43,73,2,45,67,2,47,64,2,39,61,1,48,62,0,53,62,-1,57,63,-2,38,61,-1,49,62,-2,54,63,-2,58,64,-3,38,64,-3,48,64,-4,54,65,-4,57,65,-4,38,68,-5,46,66,-5,51,66,-5,54,66,-5,Z
69,79,0,62,72,2,60,65,2,59,60,2,58,55,1,65,56,0,61,46,-2,59,39,-3,57,33,-4,66,57,-3,61,44,-5,58,37,-6,56,30,-8,66,59,-5,61,47,-6,58,39,-7,57,32,-8,63,61,-7,60,52,-8,59,46,-9,58,40,-10,31,85,0,40,80,2,43,72,2,45,66,2,47,63,2,39,61,1,48,62,0,54,62,-1,57,63,-2,38,61,-1,49,62,-2,54,63,-2,59,64,-3,38,64,-3,48,64,-4,54,65,-4,58,65,-4,38,68,-5,46,67,-6,50,66,-6,54,66,-5,Z
69,79,0,62,72,2,60,65,2,59,59,1,59,54,0,65,56,-1,61,46,-2,59,39,-3,58,33,-5,66,56,-3,61,44,-5,58,37,-7,57,29,-8,66,58,-5,61,46,-7,58,38,-8,57,32,-9,63,60,-7,60,51,-8,59,46,-9,58,40,-10,31,85,0,40,80,2,43,72,2,45,66,2,47,63,2,40,61,1,49,62,0,54,62,-1,58,63,-2,38,61,-1,49,62,-2,55,63,-2,59,64,-3,38,64,-3,48,64,-4,54,65,-4,58,65,-4,38,68,-5,46,67,-5,51,66,-5,54,66,-5,Z
69,79,0,63,72,1,60,64,1,60,58,1,59,53,0,66,56,-1,61,45,-3,59,39,-4,58,32,-5,66,56,-3,61,44,-5,58,37,-7,57,29,-8,66,58,-5,61,47,-7,59,39,-8,57,32,-9,63,61,-7,61,52,-8,59,46,-9,58,40,-10,31,85,0,40,80,2,43,72,2,46,67,2,48,63,2,40,61,2,49,62,1,54,62,-1,58,63,-2,38,61,-1,49,62,-1,55,63,-2,59,63,-3,38,64,-3,49,64,-4,54,64,-4,58,64,-4,39,68,-5,47,66,-5,51,66,-5,55,65,-5,Z
69,78,0,63,72,1,61,64,1,60,57,1,59,52,0,65,56,-1,61,45,-2,59,38,-4,58,32,-5,66,56,-3,61,44,-5,58,36,-7,57,29,-8,66,58,-5,61,46,-7,59,39,-8,57,32,-9,63,60,-7,61,51,-8,59,46,-9,58,40,-10,31,85,0,40,80,2,43,73,2,46,68,2,48,64,2,40,61,2,49,62,1,54,62,-1,58,62,-2,39,61,0,49,62,-1,55,63,-2,59,63,-2,39,64,-3,49,64,-3,55,64,-3,59,64,-4,40,68,-5,48,66,-5,52,66,-5,55,65,-5,Z
69,78,0,63,71,2,61,64,2,60,57,1,59,52,0,66,55,-1,62,45,-2,59,38,-4,58,32,-5,66,56,-3,61,44,-5,59,36,-7,57,29,-8,66,58,-5,61,46,-7,59,39,-8,57,32,-9,63,60,-7,61,52,-8,59,46,-9,58,40,-10,31,85,0,40,81,2,44,73,2,46,68,2,48,65,2,40,61,2,49,62,1,54,62,0,58,63,-1,39,62,0,49,62,-1,55,63,-2,59,63,-2,39,64,-3,49,64,-3,54,64,-4,58,64,-4,39,68,-5,47,66,-5,52,66,-5,55,65,-5,Z
69,78,0,62,72,1,60,64,1,59,58,0,59,53,-1,65,55,-1,61,45,-2,59,39,-4,58,32,-5,66,56,-3,61,44,-5,59,37,-7,57,29,-8,66,58,-5,61,46,-6,59,39,-7,58,32,-8,63,60,-6,61,52,-8,59,46,-9,58,40,-9,31,85,0,41,81,1,44,73,2,47,68,2,49,65,1,40,61,2,49,62,1,54,62,-1,58,62,-2,39,62,0,50,62,-1,55,63,-2,59,63,-3,39,64,-2,49,63,-3,55,64,-4,59,64,-4,40,68,-5,48,66,-5,52,65,-5,56,65,-5,Z
69,78,0,62,71,1,60,64,1,60,58,1,59,54,0,65,55,0,62,45,-2,60,39,-3,58,33,-4,67,56,-2,62,44,-4,59,37,-6,58,30,-7,66,58,-4,62,47,-6,60,39,-7,59,32,-8,64,60,-6,61,51,-8,60,46,-8,59,40,-9,31,85,0,41,81,2,44,73,2,47,68,2,49,65,2,40,61,2,49,62,1,54,62,0,58,62,-1,39,62,0,50,62,-1,55,62,-2,59,63,-2,39,64,-2,50,64,-3,55,64,-3,59,64,-3,40,68,-4,48,66,-5,52,66,-5,56,65,-4,Z
68,78,0,61,72,0,59,64,0,59,58,-1,59,54,-2,65,56,-1,62,45,-3,61,38,-4,60,32,-6,66,56,-3,62,44,-5,60,37,-7,59,30,-8,66,58,-4,62,47,-6,61,39,-7,60,33,-8,64,60,-6,62,52,-7,60,46,-8,60,41,-8,32,86,0,41,81,2,44,73,2,47,68,2,49,64,2,40,61,2,49,62,1,55,62,-1,59,62,-2,39,62,0,50,62,-1,55,62,-2,60,63,-2,39,64,-2,50,64,-3,55,64,-3,59,63,-3,40,68,-4,48,66,-5,53,66,-4,56,65,-4,Z
68,79,0,60,73,-1,59,65,-1,60,59,-2,61,54,-3,65,56,-1,63,47,-3,62,39,-5,61,33,-6,66,56,-2,63,45,-4,62,37,-6,61,30,-7,66,57,-3,63,47,-5,62,39,-7,61,33,-8,65,59,-5,63,51,-6,62,45,-7,62,40,-8,32,86,0,41,81,2,45,74,2,47,69,2,50,65,1,40,62,2,50,62,1,55,62,-1,59,62,-2,39,62,0,50,62,-1,56,62,-2,60,62,-2,39,64,-3,50,64,-3,56,64,-3,60,63,-4,41,68,-5,49,67,-5,53,66,-5,57,65,-5,Z
67,80,0,60,74,-1,60,65,-2,61,59,-3,62,54,-4,64,57,-1,63,47,-3,63,40,-5,62,33,-6,66,57,-2,64,46,-4,63,38,-6,62,30,-8,66,58,-4,64,47,-6,63,40,-7,63,33,-8,65,59,-5,64,51,-7,63,45,-7,63,40,-8,33,86,0,42,81,2,45,74,2,47,68,2,49,64,2,40,62,2,50,62,0,55,62,-1,59,62,-2,39,62,-1,50,62,-1,56,63,-2,61,62,-3,40,65,-3,50,64,-3,56,64,-4,60,63,-4,41,69,-5,49,67,-5,53,66,-5,57,65,-5,Z
67,80,0,60,74,-1,60,65,-1,61,59,-2,62,55,-3,65,57,0,64,47,-2,63,40,-4,63,34,-6,66,57,-2,64,46,-4,63,38,-6,63,30,-7,66,58,-3,65,47,-5,64,40,-7,64,33,-8,65,60,-5,64,51,-6,64,45,-7,64,40,-8,33,86,0,42,81,2,45,74,2,48,69,2,50,65,1,40,62,2,50,63,0,55,62,-1,60,62,-2,40,63,0,50,62,-1,56,63,-2,61,62,-2,40,65,-2,50,64,-3,56,64,-3,60,63,-3,41,69,-5,49,67,-5,54,66,-5,57,65,-4,Z
67,80,0,60,73,-1,60,65,-1,61,59,-2,62,55,-3,65,57,0,64,47,-2,64,40,-4,64,34,-5,67,57,-2,64,46,-4,64,38,-6,64,30,-7,67,58,-3,65,47,-5,64,40,-7,64,33,-8,65,60,-5,64,51,-6,64,45,-7,64,40,-8,33,87,0,42,81,2,45,74,2,48,69,2,50,66,1,41,63,2,50,63,1,56,62,-1,60,62,-2,40,63,0,51,63,-1,56,63,-2,61,62,-3,40,65,-3,51,64,-3,56,64,-4,60,63,-4,41,69,-5,49,67,-5,54,66,-5,57,64,-5,Z
66,81,0,60,74,0,59,66,-1,61,61,-2,62,56,-2,65,58,0,64,48,-2,64,41,-4,64,34,-6,67,58,-2,65,46,-4,64,38,-6,64,31,-7,67,59,-3,65,48,-5,64,40,-7,65,33,-8,65,60,-5,65,52,-7,64,46,-8,64,40,-8,33,87,0,43,81,2,46,74,2,48,69,2,50,66,2,41,63,2,50,63,1,55,63,-1,60,62,-2,40,63,0,51,63,-1,56,63,-2,61,63,-3,40,65,-3,51,64,-3,56,64,-4,60,63,-4,41,69,-5,49,67,-5,54,66,-5,57,64,-5,Z
66,81,0,60,74,-1,60,66,-1,61,60,-2,62,56,-3,65,58,-1,65,48,-3,64,41,-4,65,35,-6,67,58,-2,65,47,-4,64,38,-6,65,31,-7,67,59,-3,65,48,-5,65,40,-7,65,34,-8,65,61,-5,65,52,-6,64,46,-7,65,41,-8,34,87,0,43,82,2,45,74,2,48,69,2,50,65,2,41,63,2,50,63,1,55,63,-1,59,63,-2,40,63,0,50,63,-1,56,63,-2,61,63,-3,40,65,-3,50,64,-3,56,64,-4,60,63,-4,41,69,-5,49,66,-5,53,65,-5,57,64,-5,Z
66,82,0,60,75,-1,60,67,-1,61,61,-2,62,56,-3,64,58,0,64,48,-2,64,41,-4,65,35,-6,65,59,-2,64,47,-4,64,39,-6,65,32,-7,66,60,-3,65,48,-5,65,41,-7,65,34,-8,65,61,-5,65,53,-7,64,47,-7,65,42,-8,33,87,0,42,83,1,45,75,2,47,70,1,49,66,1,40,63,1,50,63,0,55,63,-1,59,63,-3,39,63,-1,50,63,-2,56,64,-3,60,64,-3,39,65,-3,50,64,-4,56,64,-4,60,63,-4,41,69,-5,49,66,-5,53,65,-5,57,64,-5,Z
66,82,0,60,75,-1,60,66,-1,61,60,-2,62,55,-3,64,58,0,64,48,-2,64,41,-4,65,35,-5,65,58,-2,64,47,-4,64,39,-6,65,32,-7,66,60,-3,65,49,-5,65,41,-7,65,34,-8,65,61,-5,64,53,-7,64,47,-7,65,42,-8,33,87,0,42,82,1,45,75,2,47,70,1,49,66,1,40,63,1,50,63,0,55,63,-1,59,63,-2,39,63,0,50,63,-1,56,63,-2,60,63,-3,39,65,-2,50,64,-3,56,64,-4,60,63,-4,41,69,-4,49,66,-5,53,65,-5,57,64,-5,Z
66,83,0,59,76,-1,59,67,-1,61,60,-2,62,55,-3,64,60,-1,64,49,-3,64,42,-5,65,35,-6,65,60,-2,64,48,-4,64,40,-6,65,32,-8,66,61,-4,64,49,-6,64,41,-7,65,35,-8,65,62,-5,64,54,-7,64,48,-7,64,43,-8,34,87,0,42,83,1,45,75,1,47,70,1,49,66,0,40,63,1,49,63,0,55,63,-2,59,63,-3,39,63,-1,50,63,-2,55,64,-3,60,64,-3,39,65,-2,50,64,-4,55,64,-4,60,64,-4,40,68,-4,48,66,-5,53,65,-5,56,64,-5,Z
66,84,0,60,78,0,59,69,-1,60,64,-2,61,58,-3,64,61,0,63,51,-3,63,43,-5,64,37,-6,65,61,-2,63,49,-4,63,41,-6,64,33,-7,65,62,-4,64,50,-5,64,42,-7,64,36,-8,64,63,-5,64,54,-7,64,48,-7,64,43,-8,34,87,0,43,82,1,45,75,1,47,69,0,48,65,0,40,63,1,49,63,-1,54,64,-2,58,64,-4,39,63,-1,49,63,-3,55,64,-3,59,65,-4,39,64,-3,49,64,-4,55,65,-5,59,65,-5,39,68,-4,47,66,-6,52,65,-6,55,64,-5,Z
66,85,0,59,78,0,58,70,0,59,64,-1,60,59,-2,65,62,0,63,51,-2,62,44,-4,63,37,-6,66,62,-2,63,50,-4,62,42,-6,62,34,-8,66,63,-4,63,52,-5,63,44,-7,63,37,-8,64,65,-5,63,55,-7,62,49,-8,62,44,-8,34,87,0,42,83,1,45,75,1,46,70,1,48,66,0,40,63,1,49,64,0,54,64,-2,58,65,-3,39,63,-1,49,63,-2,54,65,-3,59,65,-4,38,64,-2,49,64,-4,54,65,-5,59,65,-5,39,68,-4,47,66,-6,52,66,-6,55,65,-6,Z
66,85,0,59,78,0,57,70,0,58,64,-1,58,59,-2,64,61,0,62,52,-2,61,45,-3,61,38,-5,66,62,-2,62,51,-3,61,43,-5,61,36,-7,65,63,-3,62,52,-5,61,44,-6,61,37,-7,63,65,-5,61,56,-6,60,50,-7,60,44,-8,34,87,0,42,83,1,45,75,1,46,70,0,47,66,0,40,63,1,48,64,0,53,64,-2,57,65,-3,38,63,-1,48,63,-2,53,65,-3,58,65,-4,38,64,-2,48,65,-4,54,65,-5,58,65,-5,39,68,-4,47,66,-5,51,66,-6,55,65,-6,Z
66,85,0,59,78,1,58,70,1,58,64,0,57,59,-1,64,61,0,60,52,-2,59,45,-3,58,40,-4,65,62,-2,60,51,-4,59,44,-5,58,37,-6,65,64,-4,60,53,-5,59,45,-6,58,39,-7,63,66,-6,60,57,-7,59,51,-8,58,46,-8,34,88,0,42,83,1,45,75,1,46,70,1,47,66,1,40,63,1,48,64,0,53,65,-2,57,65,-3,38,63,0,48,64,-2,53,65,-3,58,66,-3,38,64,-2,48,65,-4,54,66,-4,58,66,-5,39,68,-4,47,66,-5,51,66,-5,55,66,-5,Z
67,85,0,59,77,1,58,68,1,58,62,1,57,56,0,64,61,0,60,52,-1,57,45,-3,56,39,-4,65,61,-2,60,50,-4,57,43,-5,56,37,-7,65,63,-4,60,53,-6,57,45,-7,56,38,-8,63,66,-6,60,57,-8,58,51,-8,58,46,-9,34,88,0,42,84,0,45,76,1,46,71,0,46,68,0,40,64,1,48,64,0,53,65,-2,57,66,-3,38,63,0,48,64,-2,53,65,-3,58,66,-3,38,65,-2,48,65,-4,54,66,-4,58,66,-5,39,68,-4,47,66,-5,51,67,-5,55,66,-5,Z
67,84,0,60,77,2,58,68,2,58,62,1,57,57,1,64,60,0,60,51,-1,57,45,-2,56,39,-4,65,60,-2,59,50,-4,57,43,-5,56,36,-6,65,63,-5,59,52,-6,57,45,-7,56,38,-7,63,65,-7,60,56,-8,58,51,-9,57,46,-10,34,88,0,43,83,1,45,76,1,47,70,1,49,66,1,40,64,1,48,65,0,53,65,-2,57,66,-3,39,64,0,48,64,-2,54,65,-3,58,66,-3,38,65,-2,48,66,-4,54,66,-4,59,66,-5,39,68,-4,47,67,-5,51,67,-6,55,67,-6,Z
67,84,0,59,78,0,57,70,0,57,64,-1,57,59,-2,64,60,-1,60,51,-2,58,45,-4,56,39,-5,66,60,-2,60,50,-4,57,43,-5,56,36,-7,65,62,-4,60,52,-6,57,45,-7,56,38,-8,64,64,-6,61,56,-7,59,51,-8,57,46,-8,35,88,0,43,83,0,46,75,1,48,70,1,50,66,1,40,64,1,49,65,0,54,65,-2,57,66,-3,39,64,0,49,65,-2,54,65,-2,58,66,-3,39,66,-2,48,66,-3,54,66,-4,58,66,-4,39,69,-4,47,68,-5,51,68,-5,55,67,-5,Z
67,84,0,60,77,1,58,69,1,58,63,1,59,57,0,65,59,1,61,50,0,58,44,-1,57,38,-3,66,60,-1,61,49,-3,58,42,-4,57,36,-5,66,61,-3,61,51,-5,58,44,-6,57,37,-8,64,63,-5,61,55,-7,59,49,-8,58,44,-9,35,89,0,43,84,1,46,76,1,48,71,1,50,67,1,41,65,1,49,65,0,54,66,-2,58,66,-3,39,65,0,49,65,-2,54,66,-3,59,66,-3,39,67,-2,49,66,-3,54,67,-4,58,66,-4,40,71,-4,47,69,-5,51,68,-5,55,68,-5,Z
68,83,0,60,76,0,58,68,0,58,61,0,58,56,-1,65,59,0,61,50,-1,59,43,-3,58,37,-4,66,59,-2,61,49,-3,59,42,-5,57,35,-6,66,61,-3,61,51,-5,59,43,-6,58,37,-7,65,63,-5,62,55,-7,60,50,-7,59,45,-8,35,89,0,44,83,1,47,76,1,49,70,1,51,67,1,41,65,1,50,65,0,55,66,-1,58,66,-3,40,65,0,50,65,-2,55,66,-3,59,66,-3,40,67,-2,50,67,-3,55,67,-4,59,66,-4,41,71,-4,48,69,-5,52,69,-5,55,68,-5,Z
68,83,0,60,76,0,59,68,-1,59,61,-1,60,56,-2,65,58,0,62,49,-1,60,43,-3,59,37,-4,66,58,-1,62,48,-3,60,41,-5,58,35,-6,67,60,-3,62,50,-5,60,43,-6,59,37,-7,65,62,-4,62,54,-6,61,49,-7,60,44,-7,35,89,0,44,84,1,48,77,1,50,72,1,52,68,1,42,65,2,51,65,1,55,66,-1,59,66,-2,41,65,0,51,65,-1,55,66,-2,60,66,-3,41,67,-2,51,66,-3,56,66,-4,60,65,-4,42,71,-4,50,69,-5,54,68,-5,57,67,-5,Z
68,82,0,60,76,0,60,67,-1,61,61,-1,61,56,-2,65,58,0,62,49,-1,61,42,-3,60,37,-4,67,58,-1,63,48,-3,61,41,-5,59,34,-6,67,59,-3,63,50,-4,61,42,-6,60,36,-7,66,61,-4,63,53,-6,62,48,-6,61,43,-7,35,89,0,44,84,1,47,77,2,50,72,2,52,68,1,42,65,2,51,65,0,56,66,-1,59,66,-2,41,65,0,51,66,-2,56,67,-3,59,67,-3,41,68,-3,51,67,-4,57,66,-4,61,65,-4,42,71,-5,50,68,-6,55,67,-6,58,66,-6,Z
